Ticker,Category
AOTG,NASDAQ
AOTG,ETF
ELIL,NASDAQ
ELIL,ETF
SKYU,NASDAQ
SKYU,ETF
CLOU,NASDAQ
CLOU,ETF
TSLQ,NASDAQ
TSLQ,ETF
BGRN,NASDAQ
BGRN,ETF
TSMX,NASDAQ
TSMX,ETF
RUSC,NASDAQ
RUSC,ETF
XCNY,NASDAQ
XCNY,ETF
CSCL,NASDAQ
CSCL,ETF
QDTY,NASDAQ
QDTY,ETF
SRET,NASDAQ
SRET,ETF
FKU,NASDAQ
FKU,ETF
NVDS,NASDAQ
NVDS,ETF
NDAA,NASDAQ
NDAA,ETF
QQQM,NASDAQ
QQQM,ETF
BSCQ,NASDAQ
BSCQ,ETF
PY,NASDAQ
PY,ETF
IEUS,NASDAQ
IEUS,ETF
AIA,NASDAQ
AIA,ETF
JIVE,NASDAQ
JIVE,ETF
NIKL,NASDAQ
NIKL,ETF
AMDG,NASDAQ
AMDG,ETF
USIG,NASDAQ
USIG,ETF
QALT,NASDAQ
QALT,ETF
TARK,NASDAQ
TARK,ETF
MULL,NASDAQ
MULL,ETF
FSCS,NASDAQ
FSCS,ETF
SPXD,NASDAQ
SPXD,ETF
UTHY,NASDAQ
UTHY,ETF
SMCO,NASDAQ
SMCO,ETF
FYT,NASDAQ
FYT,ETF
XOVR,NASDAQ
XOVR,ETF
FCEF,NASDAQ
FCEF,ETF
BSJU,NASDAQ
BSJU,ETF
CEFA,NASDAQ
CEFA,ETF
UTRE,NASDAQ
UTRE,ETF
EMEQ,NASDAQ
EMEQ,ETF
JPX,NASDAQ
JPX,ETF
FMET,NASDAQ
FMET,ETF
PSCI,NASDAQ
PSCI,ETF
GQQQ,NASDAQ
GQQQ,ETF
SLQD,NASDAQ
SLQD,ETF
CRCG,NASDAQ
CRCG,ETF
LCDL,NASDAQ
LCDL,ETF
PIZ,NASDAQ
PIZ,ETF
WGMI,NASDAQ
WGMI,ETF
THMZ,NASDAQ
THMZ,ETF
PQAP,NASDAQ
PQAP,ETF
PKW,NASDAQ
PKW,ETF
CARY,NASDAQ
CARY,ETF
CLOA,NASDAQ
CLOA,ETF
HISF,NASDAQ
HISF,ETF
IBTL,NASDAQ
IBTL,ETF
CALI,NASDAQ
CALI,ETF
VSTL,NASDAQ
VSTL,ETF
IFGL,NASDAQ
IFGL,ETF
FNK,NASDAQ
FNK,ETF
UNIY,NASDAQ
UNIY,ETF
FAD,NASDAQ
FAD,ETF
DGRE,NASDAQ
DGRE,ETF
PGJ,NASDAQ
PGJ,ETF
PSL,NASDAQ
PSL,ETF
MYCH,NASDAQ
MYCH,ETF
PEZ,NASDAQ
PEZ,ETF
QVAL,NASDAQ
QVAL,ETF
SPYQ,NASDAQ
SPYQ,ETF
IDEF,NASDAQ
IDEF,ETF
LVHD,NASDAQ
LVHD,ETF
EXUS,NASDAQ
EXUS,ETF
SUSB,NASDAQ
SUSB,ETF
AGZD,NASDAQ
AGZD,ETF
SOCL,NASDAQ
SOCL,ETF
FTGC,NASDAQ
FTGC,ETF
ILIT,NASDAQ
ILIT,ETF
GBUG,NASDAQ
GBUG,ETF
QHDG,NASDAQ
QHDG,ETF
BSJT,NASDAQ
BSJT,ETF
OOSB,NASDAQ
OOSB,ETF
WEEI,NASDAQ
WEEI,ETF
VCSH,NASDAQ
VCSH,ETF
KBWD,NASDAQ
KBWD,ETF
BNDX,NASDAQ
BNDX,ETF
BNDX,STOCK
QQEW,NASDAQ
QQEW,ETF
USSH,NASDAQ
USSH,ETF
FFUT,NASDAQ
FFUT,ETF
NVDD,NASDAQ
NVDD,ETF
FAB,NASDAQ
FAB,ETF
TSYY,NASDAQ
TSYY,ETF
FTRI,NASDAQ
FTRI,ETF
FAAR,NASDAQ
FAAR,ETF
FTXN,NASDAQ
FTXN,ETF
ISHG,NASDAQ
ISHG,ETF
YNOT,NASDAQ
YNOT,ETF
KOID,NASDAQ
KOID,ETF
IBTG,NASDAQ
IBTG,ETF
JTEK,NASDAQ
JTEK,ETF
STNC,NASDAQ
STNC,ETF
RKLX,NASDAQ
RKLX,ETF
MSFU,NASDAQ
MSFU,ETF
QTUM,NASDAQ
QTUM,ETF
FRDD,NASDAQ
FRDD,ETF
HNDL,NASDAQ
HNDL,ETF
FJP,NASDAQ
FJP,ETF
JPY,NASDAQ
JPY,ETF
LEGR,NASDAQ
LEGR,ETF
COYY,NASDAQ
COYY,ETF
VIXI,NASDAQ
VIXI,ETF
SCZ,NASDAQ
SCZ,ETF
SLVR,NASDAQ
SLVR,ETF
FTQI,NASDAQ
FTQI,ETF
GXDW,NASDAQ
GXDW,ETF
BSCV,NASDAQ
BSCV,ETF
BSCS,NASDAQ
BSCS,ETF
VSDA,NASDAQ
VSDA,ETF
SIXG,NASDAQ
SIXG,ETF
CAFG,NASDAQ
CAFG,ETF
IGSB,NASDAQ
IGSB,ETF
ALIL,NASDAQ
ALIL,ETF
GINX,NASDAQ
GINX,ETF
EMB,NASDAQ
EMB,ETF
SEIE,NASDAQ
SEIE,ETF
VRTL,NASDAQ
VRTL,ETF
BDGS,NASDAQ
BDGS,ETF
HYXF,NASDAQ
HYXF,ETF
EMXC,NASDAQ
EMXC,ETF
LGCF,NASDAQ
LGCF,ETF
USAF,NASDAQ
USAF,ETF
IBGL,NASDAQ
IBGL,ETF
PFF,NASDAQ
PFF,ETF
EEMA,NASDAQ
EEMA,ETF
FMED,NASDAQ
FMED,ETF
IFLO,NASDAQ
IFLO,ETF
JDOC,NASDAQ
JDOC,ETF
DUKX,NASDAQ
DUKX,ETF
CDC,NASDAQ
CDC,ETF
MBS,NASDAQ
MBS,ETF
XBIL,NASDAQ
XBIL,ETF
TSLS,NASDAQ
TSLS,ETF
INFR,NASDAQ
INFR,ETF
EMIF,NASDAQ
EMIF,ETF
SLVO,NASDAQ
SLVO,ETF
BOED,NASDAQ
BOED,ETF
XFIX,NASDAQ
XFIX,ETF
EFRA,NASDAQ
EFRA,ETF
PUI,NASDAQ
PUI,ETF
DVQQ,NASDAQ
DVQQ,ETF
BUFI,NASDAQ
BUFI,ETF
HEJD,NASDAQ
HEJD,ETF
VWOB,NASDAQ
VWOB,ETF
QQXT,NASDAQ
QQXT,ETF
PIO,NASDAQ
PIO,ETF
RDTY,NASDAQ
RDTY,ETF
ABIG,NASDAQ
ABIG,ETF
FID,NASDAQ
FID,ETF
ESGD,NASDAQ
ESGD,ETF
SHRY,NASDAQ
SHRY,ETF
FTXO,NASDAQ
FTXO,ETF
BSVO,NASDAQ
BSVO,ETF
INTW,NASDAQ
INTW,ETF
QQLV,NASDAQ
QQLV,ETF
RIFR,NASDAQ
RIFR,ETF
HWAY,NASDAQ
HWAY,ETF
GNOM,NASDAQ
GNOM,ETF
AFOS,NASDAQ
AFOS,ETF
FEP,NASDAQ
FEP,ETF
BULG,NASDAQ
BULG,ETF
QMOM,NASDAQ
QMOM,ETF
VCIT,NASDAQ
VCIT,ETF
FDFF,NASDAQ
FDFF,ETF
USVM,NASDAQ
USVM,ETF
CZAR,NASDAQ
CZAR,ETF
OKLL,NASDAQ
OKLL,ETF
QB,NASDAQ
QB,ETF
IUSV,NASDAQ
IUSV,ETF
BASV,NASDAQ
BASV,ETF
PHO,NASDAQ
PHO,ETF
DVXF,NASDAQ
DVXF,ETF
DVUT,NASDAQ
DVUT,ETF
ICLN,NASDAQ
ICLN,ETF
RDVY,NASDAQ
RDVY,ETF
REIT,NASDAQ
REIT,ETF
DGCB,NASDAQ
DGCB,ETF
EWJV,NASDAQ
EWJV,ETF
SOXX,NASDAQ
SOXX,ETF
PSCM,NASDAQ
PSCM,ETF
ZTWO,NASDAQ
ZTWO,ETF
MFLX,NASDAQ
MFLX,ETF
FICS,NASDAQ
FICS,ETF
MYMG,NASDAQ
MYMG,ETF
RVNL,NASDAQ
RVNL,ETF
JEPQ,NASDAQ
JEPQ,ETF
TMB,NASDAQ
TMB,ETF
ZTOP,NASDAQ
ZTOP,ETF
PRN,NASDAQ
PRN,ETF
TDSB,NASDAQ
TDSB,ETF
RAA,NASDAQ
RAA,ETF
HWSM,NASDAQ
HWSM,ETF
MYCJ,NASDAQ
MYCJ,ETF
GFGF,NASDAQ
GFGF,ETF
WCBR,NASDAQ
WCBR,ETF
AMZU,NASDAQ
AMZU,ETF
MYCK,NASDAQ
MYCK,ETF
TUGN,NASDAQ
TUGN,ETF
MAXI,NASDAQ
MAXI,ETF
CLSM,NASDAQ
CLSM,ETF
QCMU,NASDAQ
QCMU,ETF
BSMQ,NASDAQ
BSMQ,ETF
FCTE,NASDAQ
FCTE,ETF
KNGZ,NASDAQ
KNGZ,ETF
HEQQ,NASDAQ
HEQQ,ETF
MCDS,NASDAQ
MCDS,ETF
AIFD,NASDAQ
AIFD,ETF
FDNI,NASDAQ
FDNI,ETF
KROP,NASDAQ
KROP,ETF
SDVY,NASDAQ
SDVY,ETF
CONI,NASDAQ
CONI,ETF
HFSP,NASDAQ
HFSP,ETF
FEPI,NASDAQ
FEPI,ETF
AALG,NASDAQ
AALG,ETF
HQGO,NASDAQ
HQGO,ETF
QQUP,NASDAQ
QQUP,ETF
GLOW,NASDAQ
GLOW,ETF
NZAC,NASDAQ
NZAC,ETF
DYFI,NASDAQ
DYFI,ETF
DFGX,NASDAQ
DFGX,ETF
UNHG,NASDAQ
UNHG,ETF
LAYS,NASDAQ
LAYS,ETF
SMCC,NASDAQ
SMCC,ETF
HBDC,NASDAQ
HBDC,ETF
GLDI,NASDAQ
GLDI,ETF
ERET,NASDAQ
ERET,ETF
NZUS,NASDAQ
NZUS,ETF
SHV,NASDAQ
SHV,ETF
PDBA,NASDAQ
PDBA,ETF
SHPU,NASDAQ
SHPU,ETF
BSMW,NASDAQ
BSMW,ETF
REAI,NASDAQ
REAI,ETF
IVAL,NASDAQ
IVAL,ETF
QABA,NASDAQ
QABA,ETF
MYMH,NASDAQ
MYMH,ETF
QAT,NASDAQ
QAT,ETF
ALLW,NASDAQ
ALLW,ETF
BEEX,NASDAQ
BEEX,ETF
RCGE,NASDAQ
RCGE,ETF
DVRE,NASDAQ
DVRE,ETF
SKRE,NASDAQ
SKRE,ETF
DVLU,NASDAQ
DVLU,ETF
BSJS,NASDAQ
BSJS,ETF
QCMD,NASDAQ
QCMD,ETF
BTGD,NASDAQ
BTGD,ETF
ICOP,NASDAQ
ICOP,ETF
IBIT,NASDAQ
IBIT,ETF
AVXC,NASDAQ
AVXC,ETF
PSTR,NASDAQ
PSTR,ETF
AMDL,NASDAQ
AMDL,ETF
SUSC,NASDAQ
SUSC,ETF
RGTX,NASDAQ
RGTX,ETF
GOVI,NASDAQ
GOVI,ETF
PPH,NASDAQ
PPH,ETF
VONG,NASDAQ
VONG,ETF
KBWY,NASDAQ
KBWY,ETF
TMET,NASDAQ
TMET,ETF
SPC,NASDAQ
SPC,ETF
SOLZ,NASDAQ
SOLZ,ETF
DECO,NASDAQ
DECO,ETF
TMED,NASDAQ
TMED,ETF
IBOT,NASDAQ
IBOT,ETF
SWP,NASDAQ
SWP,ETF
AMID,NASDAQ
AMID,ETF
VTC,NASDAQ
VTC,ETF
GRIN,NASDAQ
GRIN,ETF
UCYB,NASDAQ
UCYB,ETF
FGM,NASDAQ
FGM,ETF
VOLT,NASDAQ
VOLT,ETF
USFI,NASDAQ
USFI,ETF
AVGU,NASDAQ
AVGU,ETF
RFEM,NASDAQ
RFEM,ETF
DKNX,NASDAQ
DKNX,ETF
EGGQ,NASDAQ
EGGQ,ETF
TSL,NASDAQ
TSL,ETF
PLTD,NASDAQ
PLTD,ETF
RINT,NASDAQ
RINT,ETF
HIMZ,NASDAQ
HIMZ,ETF
MCSE,NASDAQ
MCSE,ETF
INRO,NASDAQ
INRO,ETF
VMBS,NASDAQ
VMBS,ETF
FSGS,NASDAQ
FSGS,ETF
AAVM,NASDAQ
AAVM,ETF
IBTK,NASDAQ
IBTK,ETF
CCNR,NASDAQ
CCNR,ETF
DVIN,NASDAQ
DVIN,ETF
UTWO,NASDAQ
UTWO,ETF
PEY,NASDAQ
PEY,ETF
ARVR,NASDAQ
ARVR,ETF
BJK,NASDAQ
BJK,ETF
KQQQ,NASDAQ
KQQQ,ETF
NVDG,NASDAQ
NVDG,ETF
SJLD,NASDAQ
SJLD,ETF
COPP,NASDAQ
COPP,ETF
NOWL,NASDAQ
NOWL,ETF
AAPU,NASDAQ
AAPU,ETF
MUU,NASDAQ
MUU,ETF
IBBQ,NASDAQ
IBBQ,ETF
WCLD,NASDAQ
WCLD,ETF
FMB,NASDAQ
FMB,ETF
FEUZ,NASDAQ
FEUZ,ETF
PSCD,NASDAQ
PSCD,ETF
DVAL,NASDAQ
DVAL,ETF
DVXB,NASDAQ
DVXB,ETF
FYC,NASDAQ
FYC,ETF
SOUX,NASDAQ
SOUX,ETF
BSJR,NASDAQ
BSJR,ETF
TAXI,NASDAQ
TAXI,ETF
CSB,NASDAQ
CSB,ETF
NFXS,NASDAQ
NFXS,ETF
XBTY,NASDAQ
XBTY,ETF
FTCS,NASDAQ
FTCS,ETF
NXTG,NASDAQ
NXTG,ETF
DGLO,NASDAQ
DGLO,ETF
DWUS,NASDAQ
DWUS,ETF
MYCL,NASDAQ
MYCL,ETF
BRHY,NASDAQ
BRHY,ETF
HRTS,NASDAQ
HRTS,ETF
XYZG,NASDAQ
XYZG,ETF
FTXG,NASDAQ
FTXG,ETF
PLTG,NASDAQ
PLTG,ETF
DDIV,NASDAQ
DDIV,ETF
VGSR,NASDAQ
VGSR,ETF
FDCF,NASDAQ
FDCF,ETF
CRWL,NASDAQ
CRWL,ETF
SMST,NASDAQ
SMST,ETF
BELT,NASDAQ
BELT,ETF
FTDS,NASDAQ
FTDS,ETF
DAK,NASDAQ
DAK,ETF
XOMX,NASDAQ
XOMX,ETF
ESGU,NASDAQ
ESGU,ETF
PFM,NASDAQ
PFM,ETF
AAUS,NASDAQ
AAUS,ETF
EBIZ,NASDAQ
EBIZ,ETF
CDL,NASDAQ
CDL,ETF
IONZ,NASDAQ
IONZ,ETF
IEF,NASDAQ
IEF,ETF
IEF,STOCK
ZAP,NASDAQ
ZAP,ETF
FIVY,NASDAQ
FIVY,ETF
TSMZ,NASDAQ
TSMZ,ETF
IBTF,NASDAQ
IBTF,ETF
ZTRE,NASDAQ
ZTRE,ETF
FBOT,NASDAQ
FBOT,ETF
FV,NASDAQ
FV,ETF
TSPY,NASDAQ
TSPY,ETF
VBIL,NASDAQ
VBIL,ETF
CORO,NASDAQ
CORO,ETF
LITP,NASDAQ
LITP,ETF
MOOD,NASDAQ
MOOD,ETF
METD,NASDAQ
METD,ETF
SETM,NASDAQ
SETM,ETF
QYLG,NASDAQ
QYLG,ETF
BAFE,NASDAQ
BAFE,ETF
SKOR,NASDAQ
SKOR,ETF
TCHI,NASDAQ
TCHI,ETF
MYCG,NASDAQ
MYCG,ETF
QPUX,NASDAQ
QPUX,ETF
CCFE,NASDAQ
CCFE,ETF
TLT,NASDAQ
TLT,ETF
TLT,STOCK
VTWO,NASDAQ
VTWO,ETF
OZEM,NASDAQ
OZEM,ETF
FDTS,NASDAQ
FDTS,ETF
AMDD,NASDAQ
AMDD,ETF
VCRB,NASDAQ
VCRB,ETF
GPRF,NASDAQ
GPRF,ETF
AVGB,NASDAQ
AVGB,ETF
MSDD,NASDAQ
MSDD,ETF
PMBS,NASDAQ
PMBS,ETF
FMHI,NASDAQ
FMHI,ETF
GKAT,NASDAQ
GKAT,ETF
CANC,NASDAQ
CANC,ETF
KAT,NASDAQ
KAT,ETF
ABCS,NASDAQ
ABCS,ETF
COMT,NASDAQ
COMT,ETF
YOKE,NASDAQ
YOKE,ETF
INDH,NASDAQ
INDH,ETF
HLAL,NASDAQ
HLAL,ETF
DWAW,NASDAQ
DWAW,ETF
FDIV,NASDAQ
FDIV,ETF
IMOM,NASDAQ
IMOM,ETF
PNQI,NASDAQ
PNQI,ETF
QCML,NASDAQ
QCML,ETF
ASMG,NASDAQ
ASMG,ETF
FGSI,NASDAQ
FGSI,ETF
MEMS,NASDAQ
MEMS,ETF
IPKW,NASDAQ
IPKW,ETF
PSCH,NASDAQ
PSCH,ETF
AGMI,NASDAQ
AGMI,ETF
AMZZ,NASDAQ
AMZZ,ETF
BCLO,NASDAQ
BCLO,ETF
FRDU,NASDAQ
FRDU,ETF
ODDS,NASDAQ
ODDS,ETF
KEAT,NASDAQ
KEAT,ETF
WRND,NASDAQ
WRND,ETF
SOFX,NASDAQ
SOFX,ETF
EHLS,NASDAQ
EHLS,ETF
PATN,NASDAQ
PATN,ETF
NIXT,NASDAQ
NIXT,ETF
LEXI,NASDAQ
LEXI,ETF
CFO,NASDAQ
CFO,ETF
HYLS,NASDAQ
HYLS,ETF
IBGK,NASDAQ
IBGK,ETF
NVD,NASDAQ
NVD,ETF
RDTL,NASDAQ
RDTL,ETF
USCL,NASDAQ
USCL,ETF
COPJ,NASDAQ
COPJ,ETF
BSJP,NASDAQ
BSJP,ETF
ENZL,NASDAQ
ENZL,ETF
EBI,NASDAQ
EBI,ETF
EFAS,NASDAQ
EFAS,ETF
PTH,NASDAQ
PTH,ETF
ELFY,NASDAQ
ELFY,ETF
IMCV,NASDAQ
IMCV,ETF
MYCI,NASDAQ
MYCI,ETF
SARK,NASDAQ
SARK,ETF
BRNY,NASDAQ
BRNY,ETF
ONEQ,NASDAQ
ONEQ,ETF
PALU,NASDAQ
PALU,ETF
IUS,NASDAQ
IUS,ETF
RGLO,NASDAQ
RGLO,ETF
LMTS,NASDAQ
LMTS,ETF
JMID,NASDAQ
JMID,ETF
TEXN,NASDAQ
TEXN,ETF
TQQQ,NASDAQ
TQQQ,ETF
MSTX,NASDAQ
MSTX,ETF
APPX,NASDAQ
APPX,ETF
TDSC,NASDAQ
TDSC,ETF
SPBC,NASDAQ
SPBC,ETF
FEMB,NASDAQ
FEMB,ETF
BOTT,NASDAQ
BOTT,ETF
QTEC,NASDAQ
QTEC,ETF
MUD,NASDAQ
MUD,ETF
IBB,NASDAQ
IBB,ETF
ROE,NASDAQ
ROE,ETF
PTF,NASDAQ
PTF,ETF
USVN,NASDAQ
USVN,ETF
BRKD,NASDAQ
BRKD,ETF
PDP,NASDAQ
PDP,ETF
ANGL,NASDAQ
ANGL,ETF
ARMG,NASDAQ
ARMG,ETF
BRTR,NASDAQ
BRTR,ETF
SJCP,NASDAQ
SJCP,ETF
TTEQ,NASDAQ
TTEQ,ETF
PEPS,NASDAQ
PEPS,ETF
CPAG,NASDAQ
CPAG,ETF
LGRO,NASDAQ
LGRO,ETF
SOXQ,NASDAQ
SOXQ,ETF
FMUB,NASDAQ
FMUB,ETF
WTMY,NASDAQ
WTMY,ETF
JAPN,NASDAQ
JAPN,ETF
QQQA,NASDAQ
QQQA,ETF
GGLS,NASDAQ
GGLS,ETF
QCLN,NASDAQ
QCLN,ETF
AOHY,NASDAQ
AOHY,ETF
HOOX,NASDAQ
HOOX,ETF
FPA,NASDAQ
FPA,ETF
FMTM,NASDAQ
FMTM,ETF
GRW,NASDAQ
GRW,ETF
UTWY,NASDAQ
UTWY,ETF
DGRS,NASDAQ
DGRS,ETF
IBTP,NASDAQ
IBTP,ETF
ZTEN,NASDAQ
ZTEN,ETF
FDTX,NASDAQ
FDTX,ETF
KRMA,NASDAQ
KRMA,ETF
DMXF,NASDAQ
DMXF,ETF
QQQS,NASDAQ
QQQS,ETF
QCLR,NASDAQ
QCLR,ETF
WTIP,NASDAQ
WTIP,ETF
DTCR,NASDAQ
DTCR,ETF
AGEM,NASDAQ
AGEM,ETF
IUSG,NASDAQ
IUSG,ETF
PFI,NASDAQ
PFI,ETF
FCAL,NASDAQ
FCAL,ETF
CATH,NASDAQ
CATH,ETF
EMXF,NASDAQ
EMXF,ETF
SUPP,NASDAQ
SUPP,ETF
CEPI,NASDAQ
CEPI,ETF
DYTA,NASDAQ
DYTA,ETF
VGSH,NASDAQ
VGSH,ETF
JHAI,NASDAQ
JHAI,ETF
QRMI,NASDAQ
QRMI,ETF
HOOI,NASDAQ
HOOI,ETF
METU,NASDAQ
METU,ETF
CXSE,NASDAQ
CXSE,ETF
ESN,NASDAQ
ESN,ETF
DWAS,NASDAQ
DWAS,ETF
QQQE,NASDAQ
QQQE,ETF
FEX,NASDAQ
FEX,ETF
AFSC,NASDAQ
AFSC,ETF
RNEM,NASDAQ
RNEM,ETF
PQJA,NASDAQ
PQJA,ETF
CIL,NASDAQ
CIL,ETF
EVYM,NASDAQ
EVYM,ETF
NRES,NASDAQ
NRES,ETF
DLLL,NASDAQ
DLLL,ETF
FINX,NASDAQ
FINX,ETF
RNRG,NASDAQ
RNRG,ETF
QQQT,NASDAQ
QQQT,ETF
FSZ,NASDAQ
FSZ,ETF
UTEN,NASDAQ
UTEN,ETF
NSI,NASDAQ
NSI,ETF
YSPY,NASDAQ
YSPY,ETF
NFXL,NASDAQ
NFXL,ETF
UPGR,NASDAQ
UPGR,ETF
LDRX,NASDAQ
LDRX,ETF
BAIG,NASDAQ
BAIG,ETF
RNIN,NASDAQ
RNIN,ETF
BRKU,NASDAQ
BRKU,ETF
SPAM,NASDAQ
SPAM,ETF
PCMM,NASDAQ
PCMM,ETF
SQQQ,NASDAQ
SQQQ,ETF
IFV,NASDAQ
IFV,ETF
QXQ,NASDAQ
QXQ,ETF
NATO,NASDAQ
NATO,ETF
MQQQ,NASDAQ
MQQQ,ETF
BULD,NASDAQ
BULD,ETF
SNSR,NASDAQ
SNSR,ETF
AAXJ,NASDAQ
AAXJ,ETF
DAPP,NASDAQ
DAPP,ETF
PQJL,NASDAQ
PQJL,ETF
IHYF,NASDAQ
IHYF,ETF
KMLI,NASDAQ
KMLI,ETF
DVXC,NASDAQ
DVXC,ETF
TAXS,NASDAQ
TAXS,ETF
ALTY,NASDAQ
ALTY,ETF
PXI,NASDAQ
PXI,ETF
TSDD,NASDAQ
TSDD,ETF
NUSB,NASDAQ
NUSB,ETF
MCHS,NASDAQ
MCHS,ETF
QNXT,NASDAQ
QNXT,ETF
RBIL,NASDAQ
RBIL,ETF
IBAT,NASDAQ
IBAT,ETF
APED,NASDAQ
APED,ETF
MDIV,NASDAQ
MDIV,ETF
ORR,NASDAQ
ORR,ETF
MYCF,NASDAQ
MYCF,ETF
TFNS,NASDAQ
TFNS,ETF
UITB,NASDAQ
UITB,ETF
AGNG,NASDAQ
AGNG,ETF
DIVD,NASDAQ
DIVD,ETF
GNMA,NASDAQ
GNMA,ETF
BTFX,NASDAQ
BTFX,ETF
TUG,NASDAQ
TUG,ETF
FTA,NASDAQ
FTA,ETF
MVLL,NASDAQ
MVLL,ETF
FYX,NASDAQ
FYX,ETF
FTSM,NASDAQ
FTSM,ETF
VFLO,NASDAQ
VFLO,ETF
HIMY,NASDAQ
HIMY,ETF
PSCU,NASDAQ
PSCU,ETF
QQA,NASDAQ
QQA,ETF
QQXL,NASDAQ
QQXL,ETF
WTBN,NASDAQ
WTBN,ETF
USTB,NASDAQ
USTB,ETF
LDSF,NASDAQ
LDSF,ETF
SMCL,NASDAQ
SMCL,ETF
MILN,NASDAQ
MILN,ETF
MSFD,NASDAQ
MSFD,ETF
BIS,NASDAQ
BIS,ETF
QQQ,NASDAQ
QQQ,ETF
FDIG,NASDAQ
FDIG,ETF
USMC,NASDAQ
USMC,ETF
HIDE,NASDAQ
HIDE,ETF
BUFC,NASDAQ
BUFC,ETF
YQQQ,NASDAQ
YQQQ,ETF
QQWZ,NASDAQ
QQWZ,ETF
FTXL,NASDAQ
FTXL,ETF
UEVM,NASDAQ
UEVM,ETF
GIND,NASDAQ
GIND,ETF
VONV,NASDAQ
VONV,ETF
MST,NASDAQ
MST,ETF
EUFN,NASDAQ
EUFN,ETF
IXUS,NASDAQ
IXUS,ETF
QQQI,NASDAQ
QQQI,ETF
IBGA,NASDAQ
IBGA,ETF
GSIB,NASDAQ
GSIB,ETF
AGIX,NASDAQ
AGIX,ETF
AVUQ,NASDAQ
AVUQ,ETF
WOOD,NASDAQ
WOOD,ETF
CSCS,NASDAQ
CSCS,ETF
OOQB,NASDAQ
OOQB,ETF
PDDL,NASDAQ
PDDL,ETF
ADBG,NASDAQ
ADBG,ETF
FALN,NASDAQ
FALN,ETF
ENDW,NASDAQ
ENDW,ETF
QMID,NASDAQ
QMID,ETF
TEKY,NASDAQ
TEKY,ETF
CRWG,NASDAQ
CRWG,ETF
FTGS,NASDAQ
FTGS,ETF
SMCF,NASDAQ
SMCF,ETF
NERD,NASDAQ
NERD,ETF
BASG,NASDAQ
BASG,ETF
USDX,NASDAQ
USDX,ETF
TAXE,NASDAQ
TAXE,ETF
BEEZ,NASDAQ
BEEZ,ETF
FTHI,NASDAQ
FTHI,ETF
NVDL,NASDAQ
NVDL,ETF
MYMF,NASDAQ
MYMF,ETF
XRPT,NASDAQ
XRPT,ETF
RING,NASDAQ
RING,ETF
IQQQ,NASDAQ
IQQQ,ETF
TURF,NASDAQ
TURF,ETF
CLOD,NASDAQ
CLOD,ETF
PTNQ,NASDAQ
PTNQ,ETF
BOEG,NASDAQ
BOEG,ETF
PLT,NASDAQ
PLT,ETF
RFEU,NASDAQ
RFEU,ETF
MYMJ,NASDAQ
MYMJ,ETF
SFLO,NASDAQ
SFLO,ETF
SPRX,NASDAQ
SPRX,ETF
CONL,NASDAQ
CONL,ETF
FDIF,NASDAQ
FDIF,ETF
BSCY,NASDAQ
BSCY,ETF
NPFI,NASDAQ
NPFI,ETF
FCA,NASDAQ
FCA,ETF
IGOV,NASDAQ
IGOV,ETF
FBL,NASDAQ
FBL,ETF
YLDE,NASDAQ
YLDE,ETF
BUG,NASDAQ
BUG,ETF
VYMI,NASDAQ
VYMI,ETF
JGLO,NASDAQ
JGLO,ETF
VGUS,NASDAQ
VGUS,ETF
MULT,NASDAQ
MULT,ETF
MYCN,NASDAQ
MYCN,ETF
AMZD,NASDAQ
AMZD,ETF
VCLT,NASDAQ
VCLT,ETF
BNDW,NASDAQ
BNDW,ETF
SDSI,NASDAQ
SDSI,ETF
PSCC,NASDAQ
PSCC,ETF
QQJG,NASDAQ
QQJG,ETF
BMAX,NASDAQ
BMAX,ETF
DGRW,NASDAQ
DGRW,ETF
AIPI,NASDAQ
AIPI,ETF
XMAG,NASDAQ
XMAG,ETF
JSML,NASDAQ
JSML,ETF
TAXT,NASDAQ
TAXT,ETF
VXUS,NASDAQ
VXUS,ETF
USXF,NASDAQ
USXF,ETF
VRIG,NASDAQ
VRIG,ETF
FEMS,NASDAQ
FEMS,ETF
VIGI,NASDAQ
VIGI,ETF
CARZ,NASDAQ
CARZ,ETF
SQLV,NASDAQ
SQLV,ETF
RUNN,NASDAQ
RUNN,ETF
AUMI,NASDAQ
AUMI,ETF
SUSL,NASDAQ
SUSL,ETF
SKYY,NASDAQ
SKYY,ETF
HYZD,NASDAQ
HYZD,ETF
PABD,NASDAQ
PABD,ETF
HERD,NASDAQ
HERD,ETF
LRGE,NASDAQ
LRGE,ETF
AIRR,NASDAQ
AIRR,ETF
CHGX,NASDAQ
CHGX,ETF
OPPJ,NASDAQ
OPPJ,ETF
INDY,NASDAQ
INDY,ETF
VOTE,NASDAQ
VOTE,ETF
PSC,NASDAQ
PSC,ETF
NEWZ,NASDAQ
NEWZ,ETF
DEMZ,NASDAQ
DEMZ,ETF
SPCY,NASDAQ
SPCY,ETF
TEKX,NASDAQ
TEKX,ETF
HCOW,NASDAQ
HCOW,ETF
LCDS,NASDAQ
LCDS,ETF
BSMY,NASDAQ
BSMY,ETF
SHY,NASDAQ
SHY,ETF
SHY,STOCK
QSML,NASDAQ
QSML,ETF
XAIX,NASDAQ
XAIX,ETF
VGIT,NASDAQ
VGIT,ETF
BSJX,NASDAQ
BSJX,ETF
FEAT,NASDAQ
FEAT,ETF
IBTI,NASDAQ
IBTI,ETF
QBIG,NASDAQ
QBIG,ETF
IBTQ,NASDAQ
IBTQ,ETF
FTSL,NASDAQ
FTSL,ETF
IBTM,NASDAQ
IBTM,ETF
HYBI,NASDAQ
HYBI,ETF
BSJW,NASDAQ
BSJW,ETF
TAX,NASDAQ
TAX,ETF
OTGL,NASDAQ
OTGL,ETF
BSCX,NASDAQ
BSCX,ETF
BLCN,NASDAQ
BLCN,ETF
KBWB,NASDAQ
KBWB,ETF
IBTJ,NASDAQ
IBTJ,ETF
CPHY,NASDAQ
CPHY,ETF
KBWP,NASDAQ
KBWP,ETF
LMTL,NASDAQ
LMTL,ETF
SMCX,NASDAQ
SMCX,ETF
DUKH,NASDAQ
DUKH,ETF
BSCW,NASDAQ
BSCW,ETF
BSMS,NASDAQ
BSMS,ETF
EQRR,NASDAQ
EQRR,ETF
REMG,NASDAQ
REMG,ETF
BABX,NASDAQ
BABX,ETF
GRID,NASDAQ
GRID,ETF
VPLS,NASDAQ
VPLS,ETF
DVY,NASDAQ
DVY,ETF
RTXG,NASDAQ
RTXG,ETF
HYDR,NASDAQ
HYDR,ETF
AVS,NASDAQ
AVS,ETF
LDEM,NASDAQ
LDEM,ETF
AMUU,NASDAQ
AMUU,ETF
UCRD,NASDAQ
UCRD,ETF
PIE,NASDAQ
PIE,ETF
AVGG,NASDAQ
AVGG,ETF
TSLL,NASDAQ
TSLL,ETF
CCSO,NASDAQ
CCSO,ETF
DMAT,NASDAQ
DMAT,ETF
IGIB,NASDAQ
IGIB,ETF
QTR,NASDAQ
QTR,ETF
FPXI,NASDAQ
FPXI,ETF
CFA,NASDAQ
CFA,ETF
BSCT,NASDAQ
BSCT,ETF
PID,NASDAQ
PID,ETF
MRAL,NASDAQ
MRAL,ETF
BGRO,NASDAQ
BGRO,ETF
UBND,NASDAQ
UBND,ETF
KBWR,NASDAQ
KBWR,ETF
VSMV,NASDAQ
VSMV,ETF
TXSS,NASDAQ
TXSS,ETF
LFSC,NASDAQ
LFSC,ETF
QYLD,NASDAQ
QYLD,ETF
MYMI,NASDAQ
MYMI,ETF
EMCB,NASDAQ
EMCB,ETF
HERO,NASDAQ
HERO,ETF
GFLW,NASDAQ
GFLW,ETF
ECOW,NASDAQ
ECOW,ETF
RFDI,NASDAQ
RFDI,ETF
IEI,NASDAQ
IEI,ETF
NCIQ,NASDAQ
NCIQ,ETF
LMBS,NASDAQ
LMBS,ETF
FTXR,NASDAQ
FTXR,ETF
GPIX,NASDAQ
GPIX,ETF
VGLT,NASDAQ
VGLT,ETF
EVSD,NASDAQ
EVSD,ETF
PTIR,NASDAQ
PTIR,ETF
XRPI,NASDAQ
XRPI,ETF
EKG,NASDAQ
EKG,ETF
TDIV,NASDAQ
TDIV,ETF
QQDN,NASDAQ
QQDN,ETF
ACWI,NASDAQ
ACWI,ETF
COWS,NASDAQ
COWS,ETF
GLDY,NASDAQ
GLDY,ETF
ERNZ,NASDAQ
ERNZ,ETF
XT,NASDAQ
XT,ETF
SDTY,NASDAQ
SDTY,ETF
BITS,NASDAQ
BITS,ETF
AMDU,NASDAQ
AMDU,ETF
FLN,NASDAQ
FLN,ETF
ETEC,NASDAQ
ETEC,ETF
BSCR,NASDAQ
BSCR,ETF
HECO,NASDAQ
HECO,ETF
VTHR,NASDAQ
VTHR,ETF
PWRD,NASDAQ
PWRD,ETF
COWG,NASDAQ
COWG,ETF
NSCR,NASDAQ
NSCR,ETF
UMMA,NASDAQ
UMMA,ETF
ISHP,NASDAQ
ISHP,ETF
PQOC,NASDAQ
PQOC,ETF
TSLR,NASDAQ
TSLR,ETF
QQQY,NASDAQ
QQQY,ETF
SMH,NASDAQ
SMH,ETF
PALD,NASDAQ
PALD,ETF
CRMG,NASDAQ
CRMG,ETF
PSCF,NASDAQ
PSCF,ETF
IBTO,NASDAQ
IBTO,ETF
FLDB,NASDAQ
FLDB,ETF
QQHG,NASDAQ
QQHG,ETF
WISE,NASDAQ
WISE,ETF
IGF,NASDAQ
IGF,ETF
AIQ,NASDAQ
AIQ,ETF
DAX,NASDAQ
DAX,ETF
GEME,NASDAQ
GEME,ETF
WSML,NASDAQ
WSML,ETF
QOWZ,NASDAQ
QOWZ,ETF
PLTZ,NASDAQ
PLTZ,ETF
CPLS,NASDAQ
CPLS,ETF
HOOG,NASDAQ
HOOG,ETF
HEAL,NASDAQ
HEAL,ETF
TSMU,NASDAQ
TSMU,ETF
TUR,NASDAQ
TUR,ETF
GPIQ,NASDAQ
GPIQ,ETF
MSFL,NASDAQ
MSFL,ETF
AADR,NASDAQ
AADR,ETF
UAE,NASDAQ
UAE,ETF
ELIS,NASDAQ
ELIS,ETF
BMDL,NASDAQ
BMDL,ETF
VTWV,NASDAQ
VTWV,ETF
JSMD,NASDAQ
JSMD,ETF
DALI,NASDAQ
DALI,ETF
PBQQ,NASDAQ
PBQQ,ETF
PRFZ,NASDAQ
PRFZ,ETF
UFO,NASDAQ
UFO,ETF
VTWG,NASDAQ
VTWG,ETF
SPAQ,NASDAQ
SPAQ,ETF
BLCR,NASDAQ
BLCR,ETF
FEM,NASDAQ
FEM,ETF
QQQP,NASDAQ
QQQP,ETF
FNY,NASDAQ
FNY,ETF
FNX,NASDAQ
FNX,ETF
BSSX,NASDAQ
BSSX,ETF
XOMZ,NASDAQ
XOMZ,ETF
IUSB,NASDAQ
IUSB,ETF
JPEF,NASDAQ
JPEF,ETF
QBUF,NASDAQ
QBUF,ETF
PABU,NASDAQ
PABU,ETF
MKAM,NASDAQ
MKAM,ETF
OBIL,NASDAQ
OBIL,ETF
WTMU,NASDAQ
WTMU,ETF
MODL,NASDAQ
MODL,ETF
USIN,NASDAQ
USIN,ETF
GLGG,NASDAQ
GLGG,ETF
PSCE,NASDAQ
PSCE,ETF
LOGO,NASDAQ
LOGO,ETF
SEEM,NASDAQ
SEEM,ETF
GGLL,NASDAQ
GGLL,ETF
UFIV,NASDAQ
UFIV,ETF
MBB,NASDAQ
MBB,ETF
ESGE,NASDAQ
ESGE,ETF
DVXY,NASDAQ
DVXY,ETF
RTH,NASDAQ
RTH,ETF
VONE,NASDAQ
VONE,ETF
FDT,NASDAQ
FDT,ETF
SOLT,NASDAQ
SOLT,ETF
DVXV,NASDAQ
DVXV,ETF
TXUE,NASDAQ
TXUE,ETF
TPLS,NASDAQ
TPLS,ETF
TSMG,NASDAQ
TSMG,ETF
BSMV,NASDAQ
BSMV,ETF
QQQH,NASDAQ
QQQH,ETF
DVOL,NASDAQ
DVOL,ETF
SDG,NASDAQ
SDG,ETF
GTR,NASDAQ
GTR,ETF
BIB,NASDAQ
BIB,ETF
TRUT,NASDAQ
TRUT,ETF
CVNX,NASDAQ
CVNX,ETF
URNJ,NASDAQ
URNJ,ETF
TSLG,NASDAQ
TSLG,ETF
BUFM,NASDAQ
BUFM,ETF
PDBC,NASDAQ
PDBC,ETF
ESMV,NASDAQ
ESMV,ETF
KBAB,NASDAQ
KBAB,ETF
CANQ,NASDAQ
CANQ,ETF
IBGB,NASDAQ
IBGB,ETF
SMCZ,NASDAQ
SMCZ,ETF
IJT,NASDAQ
IJT,ETF
FPXE,NASDAQ
FPXE,ETF
CIBR,NASDAQ
CIBR,ETF
NVYY,NASDAQ
NVYY,ETF
BTF,NASDAQ
BTF,ETF
DVSP,NASDAQ
DVSP,ETF
QGRD,NASDAQ
QGRD,ETF
NCPB,NASDAQ
NCPB,ETF
ESPO,NASDAQ
ESPO,ETF
AQWA,NASDAQ
AQWA,ETF
USRD,NASDAQ
USRD,ETF
SEIS,NASDAQ
SEIS,ETF
VNQI,NASDAQ
VNQI,ETF
DRIV,NASDAQ
DRIV,ETF
OPTZ,NASDAQ
OPTZ,ETF
DVXE,NASDAQ
DVXE,ETF
QQQJ,NASDAQ
QQQJ,ETF
TQQY,NASDAQ
TQQY,ETF
MSTP,NASDAQ
MSTP,ETF
BSCZ,NASDAQ
BSCZ,ETF
NVDU,NASDAQ
NVDU,ETF
TSEL,NASDAQ
TSEL,ETF
SMRI,NASDAQ
SMRI,ETF
BSMU,NASDAQ
BSMU,ETF
UBRL,NASDAQ
UBRL,ETF
TBIL,NASDAQ
TBIL,ETF
FTC,NASDAQ
FTC,ETF
ROBT,NASDAQ
ROBT,ETF
PYPG,NASDAQ
PYPG,ETF
SMHX,NASDAQ
SMHX,ETF
BSMT,NASDAQ
BSMT,ETF
PPI,NASDAQ
PPI,ETF
BOTZ,NASDAQ
BOTZ,ETF
PSWD,NASDAQ
PSWD,ETF
ETHA,NASDAQ
ETHA,ETF
FMUN,NASDAQ
FMUN,ETF
AVL,NASDAQ
AVL,ETF
DADS,NASDAQ
DADS,ETF
FVC,NASDAQ
FVC,ETF
AGGA,NASDAQ
AGGA,ETF
UYLD,NASDAQ
UYLD,ETF
SPCX,NASDAQ
SPCX,ETF
QTOP,NASDAQ
QTOP,ETF
FIXD,NASDAQ
FIXD,ETF
SCDS,NASDAQ
SCDS,ETF
KPDD,NASDAQ
KPDD,ETF
BSCP,NASDAQ
BSCP,ETF
AVGX,NASDAQ
AVGX,ETF
LRND,NASDAQ
LRND,ETF
USOY,NASDAQ
USOY,ETF
CA,NASDAQ
CA,ETF
NFTY,NASDAQ
NFTY,ETF
ACWX,NASDAQ
ACWX,ETF
WABF,NASDAQ
WABF,ETF
GLCR,NASDAQ
GLCR,ETF
EWZS,NASDAQ
EWZS,ETF
BRRR,NASDAQ
BRRR,ETF
QQQG,NASDAQ
QQQG,ETF
SHPD,NASDAQ
SHPD,ETF
QSIX,NASDAQ
QSIX,ETF
ISTB,NASDAQ
ISTB,ETF
BOEU,NASDAQ
BOEU,ETF
EVMT,NASDAQ
EVMT,ETF
IBTH,NASDAQ
IBTH,ETF
BSCU,NASDAQ
BSCU,ETF
EYEG,NASDAQ
EYEG,ETF
TXUG,NASDAQ
TXUG,ETF
MEDX,NASDAQ
MEDX,ETF
VTIP,NASDAQ
VTIP,ETF
VTIP,STOCK
BND,NASDAQ
BND,ETF
BBH,NASDAQ
BBH,ETF
DWSH,NASDAQ
DWSH,ETF
BKCH,NASDAQ
BKCH,ETF
PSCT,NASDAQ
PSCT,ETF
CHPS,NASDAQ
CHPS,ETF
IONL,NASDAQ
IONL,ETF
DFGP,NASDAQ
DFGP,ETF
QQMG,NASDAQ
QQMG,ETF
FTAG,NASDAQ
FTAG,ETF
BSJQ,NASDAQ
BSJQ,ETF
PYZ,NASDAQ
PYZ,ETF
MYCM,NASDAQ
MYCM,ETF
FCVT,NASDAQ
FCVT,ETF
BSMP,NASDAQ
BSMP,ETF
PSET,NASDAQ
PSET,ETF
CCSB,NASDAQ
CCSB,ETF
FTXH,NASDAQ
FTXH,ETF
COIG,NASDAQ
COIG,ETF
TRUD,NASDAQ
TRUD,ETF
AAPB,NASDAQ
AAPB,ETF
IONX,NASDAQ
IONX,ETF
AIPO,NASDAQ
AIPO,ETF
BSMR,NASDAQ
BSMR,ETF
ORCX,NASDAQ
ORCX,ETF
AAPD,NASDAQ
AAPD,ETF
PANG,NASDAQ
PANG,ETF
ABI,NASDAQ
ABI,ETF
CTEC,NASDAQ
CTEC,ETF
PLTU,NASDAQ
PLTU,ETF
MCHI,NASDAQ
MCHI,ETF
BSJV,NASDAQ
BSJV,ETF
NEN,NYSEMKT
NEN,STOCK
RYDE,NYSEMKT
RYDE,STOCK
MTNB,NYSEMKT
MTNB,STOCK
COHN,NYSEMKT
COHN,STOCK
PMNT,NYSEMKT
PMNT,STOCK
ROLR,NYSEMKT
ROLR,STOCK
NRO,NYSEMKT
NRO,STOCK
AUST,NYSEMKT
AUST,STOCK
FCO,NYSEMKT
FCO,STOCK
GGN,NYSEMKT
GGN,STOCK
SLSR,NYSEMKT
SLSR,STOCK
NSRX,NYSEMKT
NSRX,STOCK
UAVS,NYSEMKT
UAVS,STOCK
OPTT,NYSEMKT
OPTT,STOCK
SENS,NYSEMKT
SENS,STOCK
GPUS_D,NYSEMKT
GPUS_D,STOCK
NVG,NYSEMKT
NVG,STOCK
DC-WS,NYSEMKT
DC-WS,STOCK
PLAG,NYSEMKT
PLAG,STOCK
LPA,NYSEMKT
LPA,STOCK
IMO,NYSEMKT
IMO,STOCK
CMT,NYSEMKT
CMT,STOCK
NBY,NYSEMKT
NBY,STOCK
TGEN,NYSEMKT
TGEN,STOCK
ARMP,NYSEMKT
ARMP,STOCK
INLX,NYSEMKT
INLX,STOCK
MI,NYSEMKT
MI,STOCK
HCWC,NYSEMKT
HCWC,STOCK
BCV,NYSEMKT
BCV,STOCK
BQ,NYSEMKT
BQ,STOCK
MMA,NYSEMKT
MMA,STOCK
TOON,NYSEMKT
TOON,STOCK
GLO,NYSEMKT
GLO,STOCK
GROY,NYSEMKT
GROY,STOCK
GENC,NYSEMKT
GENC,STOCK
FSI,NYSEMKT
FSI,STOCK
LGCY,NYSEMKT
LGCY,STOCK
INUV,NYSEMKT
INUV,STOCK
AEF,NYSEMKT
AEF,STOCK
GLU,NYSEMKT
GLU,STOCK
COE,NYSEMKT
COE,STOCK
IE,NYSEMKT
IE,STOCK
TPET,NYSEMKT
TPET,STOCK
IGC,NYSEMKT
IGC,STOCK
MYO,NYSEMKT
MYO,STOCK
PAPL,NYSEMKT
PAPL,STOCK
DHY,NYSEMKT
DHY,STOCK
LEGT-WS,NYSEMKT
LEGT-WS,STOCK
BRBS,NYSEMKT
BRBS,STOCK
INNP,NYSEMKT
INNP,STOCK
NNVC,NYSEMKT
NNVC,STOCK
PCG_D,NYSEMKT
PCG_D,STOCK
DDC,NYSEMKT
DDC,STOCK
VNTG,NYSEMKT
VNTG,STOCK
SCCD,NYSEMKT
SCCD,STOCK
MGLD,NYSEMKT
MGLD,STOCK
IAUX-WS,NYSEMKT
IAUX-WS,STOCK
GTE,NYSEMKT
GTE,STOCK
GGN_B,NYSEMKT
GGN_B,STOCK
VZLA,NYSEMKT
VZLA,STOCK
BHB,NYSEMKT
BHB,STOCK
PW_A,NYSEMKT
PW_A,STOCK
TGE-WS,NYSEMKT
TGE-WS,STOCK
WWR,NYSEMKT
WWR,STOCK
UUU,NYSEMKT
UUU,STOCK
REI,NYSEMKT
REI,STOCK
AEON,NYSEMKT
AEON,STOCK
DXF,NYSEMKT
DXF,STOCK
NEWP,NYSEMKT
NEWP,STOCK
SCCF,NYSEMKT
SCCF,STOCK
THM,NYSEMKT
THM,STOCK
HYLN,NYSEMKT
HYLN,STOCK
OPHC,NYSEMKT
OPHC,STOCK
BATL,NYSEMKT
BATL,STOCK
CPHI,NYSEMKT
CPHI,STOCK
EIM,NYSEMKT
EIM,STOCK
MHH,NYSEMKT
MHH,STOCK
BHM,NYSEMKT
BHM,STOCK
SMJF,NYSEMKT
SMJF,STOCK
SBI,NYSEMKT
SBI,STOCK
GRAF-WS,NYSEMKT
GRAF-WS,STOCK
CATX,NYSEMKT
CATX,STOCK
WRN,NYSEMKT
WRN,STOCK
DSS,NYSEMKT
DSS,STOCK
EP,NYSEMKT
EP,STOCK
GPUS,NYSEMKT
GPUS,STOCK
SLND-WS,NYSEMKT
SLND-WS,STOCK
WYY,NYSEMKT
WYY,STOCK
CIX,NYSEMKT
CIX,STOCK
NRXS,NYSEMKT
NRXS,STOCK
FSP,NYSEMKT
FSP,STOCK
CQP,NYSEMKT
CQP,STOCK
UEC,NYSEMKT
UEC,STOCK
UMAC,NYSEMKT
UMAC,STOCK
OSTX,NYSEMKT
OSTX,STOCK
PCG_C,NYSEMKT
PCG_C,STOCK
SBEV,NYSEMKT
SBEV,STOCK
SACH_A,NYSEMKT
SACH_A,STOCK
BHV,NYSEMKT
BHV,STOCK
CTGO,NYSEMKT
CTGO,STOCK
APT,NYSEMKT
APT,STOCK
MWG,NYSEMKT
MWG,STOCK
RGNT,NYSEMKT
RGNT,STOCK
IAF,NYSEMKT
IAF,STOCK
NG,NYSEMKT
NG,STOCK
PTHS,NYSEMKT
PTHS,STOCK
JMG,NYSEMKT
JMG,STOCK
LEGT-U,NYSEMKT
LEGT-U,STOCK
MVF,NYSEMKT
MVF,STOCK
NML,NYSEMKT
NML,STOCK
APUS,NYSEMKT
APUS,STOCK
VGZ,NYSEMKT
VGZ,STOCK
PCG_H,NYSEMKT
PCG_H,STOCK
ARMN,NYSEMKT
ARMN,STOCK
CLM,NYSEMKT
CLM,STOCK
IOR,NYSEMKT
IOR,STOCK
XPL,NYSEMKT
XPL,STOCK
CVU,NYSEMKT
CVU,STOCK
PCG_A,NYSEMKT
PCG_A,STOCK
GRO,NYSEMKT
GRO,STOCK
BMNR,NYSEMKT
BMNR,STOCK
MPU,NYSEMKT
MPU,STOCK
ELA,NYSEMKT
ELA,STOCK
OBE,NYSEMKT
OBE,STOCK
DC,NYSEMKT
DC,STOCK
ORLA,NYSEMKT
ORLA,STOCK
KAPA,NYSEMKT
KAPA,STOCK
FLYX,NYSEMKT
FLYX,STOCK
AMS,NYSEMKT
AMS,STOCK
MSN,NYSEMKT
MSN,STOCK
DIT,NYSEMKT
DIT,STOCK
FAX,NYSEMKT
FAX,STOCK
PED,NYSEMKT
PED,STOCK
BRN,NYSEMKT
BRN,STOCK
GRAF,NYSEMKT
GRAF,STOCK
EQX,NYSEMKT
EQX,STOCK
AZTR,NYSEMKT
AZTR,STOCK
BDL,NYSEMKT
BDL,STOCK
BGI,NYSEMKT
BGI,STOCK
SLND,NYSEMKT
SLND,STOCK
OZ,NYSEMKT
OZ,STOCK
INFU,NYSEMKT
INFU,STOCK
LGL,NYSEMKT
LGL,STOCK
GLU_B,NYSEMKT
GLU_B,STOCK
SCCE,NYSEMKT
SCCE,STOCK
NFGC,NYSEMKT
NFGC,STOCK
JOB,NYSEMKT
JOB,STOCK
INTT,NYSEMKT
INTT,STOCK
PMI,NYSEMKT
PMI,STOCK
IAUX,NYSEMKT
IAUX,STOCK
GCDT,NYSEMKT
GCDT,STOCK
VKI,NYSEMKT
VKI,STOCK
ATNM,NYSEMKT
ATNM,STOCK
PCG_G,NYSEMKT
PCG_G,STOCK
REPX,NYSEMKT
REPX,STOCK
CKX,NYSEMKT
CKX,STOCK
ITRG,NYSEMKT
ITRG,STOCK
FURY,NYSEMKT
FURY,STOCK
TOPS,NYSEMKT
TOPS,STOCK
CEV,NYSEMKT
CEV,STOCK
AREN,NYSEMKT
AREN,STOCK
SGN,NYSEMKT
SGN,STOCK
PCG_B,NYSEMKT
PCG_B,STOCK
PHGE,NYSEMKT
PHGE,STOCK
VFL,NYSEMKT
VFL,STOCK
ECF,NYSEMKT
ECF,STOCK
SVM,NYSEMKT
SVM,STOCK
UUUU,NYSEMKT
UUUU,STOCK
EAD,NYSEMKT
EAD,STOCK
LEGT,NYSEMKT
LEGT,STOCK
LODE,NYSEMKT
LODE,STOCK
ESP,NYSEMKT
ESP,STOCK
CRF,NYSEMKT
CRF,STOCK
VENU,NYSEMKT
VENU,STOCK
ASM,NYSEMKT
ASM,STOCK
FJET,NYSEMKT
FJET,STOCK
PCG_I,NYSEMKT
PCG_I,STOCK
UTG,NYSEMKT
UTG,STOCK
AWX,NYSEMKT
AWX,STOCK
PARR,NYSEMKT
PARR,STOCK
VTAK,NYSEMKT
VTAK,STOCK
NCL,NYSEMKT
NCL,STOCK
EONR,NYSEMKT
EONR,STOCK
PZG,NYSEMKT
PZG,STOCK
EXOD,NYSEMKT
EXOD,STOCK
IPB,NYSEMKT
IPB,STOCK
CIK,NYSEMKT
CIK,STOCK
AIRI,NYSEMKT
AIRI,STOCK
LCTX,NYSEMKT
LCTX,STOCK
GNS,NYSEMKT
GNS,STOCK
SEB,NYSEMKT
SEB,STOCK
GLV,NYSEMKT
GLV,STOCK
GBR,NYSEMKT
GBR,STOCK
SLI,NYSEMKT
SLI,STOCK
NBH,NYSEMKT
NBH,STOCK
TGB,NYSEMKT
TGB,STOCK
EVV,NYSEMKT
EVV,STOCK
MRT,NYSEMKT
MRT,STOCK
MLSS,NYSEMKT
MLSS,STOCK
MAIA,NYSEMKT
MAIA,STOCK
OPP_C,NYSEMKT
OPP_C,STOCK
ECF_A,NYSEMKT
ECF_A,STOCK
DVS,NYSEMKT
DVS,STOCK
MCRP,NYSEMKT
MCRP,STOCK
GAU,NYSEMKT
GAU,STOCK
MTA,NYSEMKT
MTA,STOCK
NTIP,NYSEMKT
NTIP,STOCK
GLDG,NYSEMKT
GLDG,STOCK
ITP,NYSEMKT
ITP,STOCK
SYNX,NYSEMKT
SYNX,STOCK
NHC,NYSEMKT
NHC,STOCK
MXC,NYSEMKT
MXC,STOCK
ACU,NYSEMKT
ACU,STOCK
CVM,NYSEMKT
CVM,STOCK
PW,NYSEMKT
PW,STOCK
CVR,NYSEMKT
CVR,STOCK
TMQ,NYSEMKT
TMQ,STOCK
SIM,NYSEMKT
SIM,STOCK
EPM,NYSEMKT
EPM,STOCK
ERC,NYSEMKT
ERC,STOCK
TOPP,NYSEMKT
TOPP,STOCK
AIM,NYSEMKT
AIM,STOCK
IBO,NYSEMKT
IBO,STOCK
PLG,NYSEMKT
PLG,STOCK
TRT,NYSEMKT
TRT,STOCK
STRW,NYSEMKT
STRW,STOCK
CLDI,NYSEMKT
CLDI,STOCK
CNL,NYSEMKT
CNL,STOCK
ACCS,NYSEMKT
ACCS,STOCK
CMCL,NYSEMKT
CMCL,STOCK
ISOU,NYSEMKT
ISOU,STOCK
MPTI,NYSEMKT
MPTI,STOCK
VNRX,NYSEMKT
VNRX,STOCK
LMND-WS,NYSEMKT
LMND-WS,STOCK
GRF,NYSEMKT
GRF,STOCK
ERH,NYSEMKT
ERH,STOCK
ELLO,NYSEMKT
ELLO,STOCK
UAMY,NYSEMKT
UAMY,STOCK
AXIL,NYSEMKT
AXIL,STOCK
SRXH,NYSEMKT
SRXH,STOCK
SKYH,NYSEMKT
SKYH,STOCK
PCG_E,NYSEMKT
PCG_E,STOCK
PLX,NYSEMKT
PLX,STOCK
SACH,NYSEMKT
SACH,STOCK
BTG,NYSEMKT
BTG,STOCK
CET,NYSEMKT
CET,STOCK
TOVX,NYSEMKT
TOVX,STOCK
USAS,NYSEMKT
USAS,STOCK
NGD,NYSEMKT
NGD,STOCK
ZONE,NYSEMKT
ZONE,STOCK
ANVS,NYSEMKT
ANVS,STOCK
BRIA,NYSEMKT
BRIA,STOCK
PRK,NYSEMKT
PRK,STOCK
IDR,NYSEMKT
IDR,STOCK
SOAR,NYSEMKT
SOAR,STOCK
KULR,NYSEMKT
KULR,STOCK
BCV_A,NYSEMKT
BCV_A,STOCK
ATCH,NYSEMKT
ATCH,STOCK
EVI,NYSEMKT
EVI,STOCK
FLYX-WS,NYSEMKT
FLYX-WS,STOCK
MITQ,NYSEMKT
MITQ,STOCK
MYND,NYSEMKT
MYND,STOCK
STXS,NYSEMKT
STXS,STOCK
CCEL,NYSEMKT
CCEL,STOCK
IHT,NYSEMKT
IHT,STOCK
INDO,NYSEMKT
INDO,STOCK
LGPS,NYSEMKT
LGPS,STOCK
AMBO,NYSEMKT
AMBO,STOCK
SER,NYSEMKT
SER,STOCK
LEU,NYSEMKT
LEU,STOCK
XTNT,NYSEMKT
XTNT,STOCK
RVP,NYSEMKT
RVP,STOCK
AGIG,NYSEMKT
AGIG,STOCK
ELMD,NYSEMKT
ELMD,STOCK
SKYH-WS,NYSEMKT
SKYH-WS,STOCK
GLQ,NYSEMKT
GLQ,STOCK
CTM,NYSEMKT
CTM,STOCK
BKTI,NYSEMKT
BKTI,STOCK
TMDE,NYSEMKT
TMDE,STOCK
REED,NYSEMKT
REED,STOCK
RCG,NYSEMKT
RCG,STOCK
BURU,NYSEMKT
BURU,STOCK
LSF,NYSEMKT
LSF,STOCK
AMZE,NYSEMKT
AMZE,STOCK
FTF,NYSEMKT
FTF,STOCK
LUD,NYSEMKT
LUD,STOCK
SCCG,NYSEMKT
SCCG,STOCK
GORO,NYSEMKT
GORO,STOCK
URG,NYSEMKT
URG,STOCK
TMP,NYSEMKT
TMP,STOCK
SIF,NYSEMKT
SIF,STOCK
NAK,NYSEMKT
NAK,STOCK
DNN,NYSEMKT
DNN,STOCK
EONR-WS,NYSEMKT
EONR-WS,STOCK
RLGT,NYSEMKT
RLGT,STOCK
USBC,NYSEMKT
USBC,STOCK
TRX,NYSEMKT
TRX,STOCK
OTH,NYSEMKT
OTH,STOCK
YCBD,NYSEMKT
YCBD,STOCK
NHS,NYSEMKT
NHS,STOCK
CANF,NYSEMKT
CANF,STOCK
ZDGE,NYSEMKT
ZDGE,STOCK
OGEN,NYSEMKT
OGEN,STOCK
NUVB,NYSE
NUVB,STOCK
TEI,NYSE
TEI,STOCK
WAR,NYSE
WAR,STOCK
MYI,NYSE
MYI,STOCK
VTMX,NYSE
VTMX,STOCK
OTF,NYSE
OTF,STOCK
SPXX,NYSE
SPXX,STOCK
SBSW,NYSE
SBSW,STOCK
PRM,NYSE
PRM,STOCK
PNNT,NYSE
PNNT,STOCK
PFH,NYSE
PFH,STOCK
RSKD,NYSE
RSKD,STOCK
YLDW,NYSE
YLDW,STOCK
SFGV,NYSE
SFGV,STOCK
VCV,NYSE
VCV,STOCK
OTIS,NYSE
OTIS,STOCK
NGS,NYSE
NGS,STOCK
RMNY,NYSE
RMNY,STOCK
PMT_A,NYSE
PMT_A,STOCK
SAWS,NYSE
SAWS,STOCK
TSN,NYSE
TSN,STOCK
VRT,NYSE
VRT,STOCK
YPF,NYSE
YPF,STOCK
WIW,NYSE
WIW,STOCK
RFMZ,NYSE
RFMZ,STOCK
MS_Q,NYSE
MS_Q,STOCK
XOEX,NYSE
XOEX,STOCK
PFS,NYSE
PFS,STOCK
SII,NYSE
SII,STOCK
T_C,NYSE
T_C,STOCK
SXI,NYSE
SXI,STOCK
NHI,NYSE
NHI,STOCK
VLRS,NYSE
VLRS,STOCK
POAS,NYSE
POAS,STOCK
SOUL,NYSE
SOUL,STOCK
STHH,NYSE
STHH,STOCK
RLJ,NYSE
RLJ,STOCK
NE-WS,NYSE
NE-WS,STOCK
PVL,NYSE
PVL,STOCK
OGSP,NYSE
OGSP,STOCK
NAC,NYSE
NAC,STOCK
MLR,NYSE
MLR,STOCK
ZJAN,NYSE
ZJAN,STOCK
TAP,NYSE
TAP,STOCK
VVX,NYSE
VVX,STOCK
RHI,NYSE
RHI,STOCK
PBMY,NYSE
PBMY,STOCK
SPG_J,NYSE
SPG_J,STOCK
PCLN,NYSE
PCLN,STOCK
TSE,NYSE
TSE,STOCK
PG,NYSE
PG,STOCK
TRTN_E,NYSE
TRTN_E,STOCK
XLEI,NYSE
XLEI,STOCK
MTG,NYSE
MTG,STOCK
REXR_C,NYSE
REXR_C,STOCK
NEE_S,NYSE
NEE_S,STOCK
NEE,NYSE
NEE,STOCK
TIC,NYSE
TIC,STOCK
MSI,NYSE
MSI,STOCK
XLKI,NYSE
XLKI,STOCK
PIM,NYSE
PIM,STOCK
PLGI,NYSE
PLGI,STOCK
PRI,NYSE
PRI,STOCK
SGRT,NYSE
SGRT,STOCK
SHNY,NYSE
SHNY,STOCK
WST,NYSE
WST,STOCK
SG,NYSE
SG,STOCK
NXTI,NYSE
NXTI,STOCK
SNDR,NYSE
SNDR,STOCK
TXO,NYSE
TXO,STOCK
XLFI,NYSE
XLFI,STOCK
RPT,NYSE
RPT,STOCK
SUN,NYSE
SUN,STOCK
PCLG,NYSE
PCLG,STOCK
WCPB,NYSE
WCPB,STOCK
MUNC,NYSE
MUNC,STOCK
REXR,NYSE
REXR,STOCK
RJVI,NYSE
RJVI,STOCK
SFBS,NYSE
SFBS,STOCK
RJF,NYSE
RJF,STOCK
PMT,NYSE
PMT,STOCK
SMA,NYSE
SMA,STOCK
SNDA,NYSE
SNDA,STOCK
TINS,NYSE
TINS,STOCK
SEAL_B,NYSE
SEAL_B,STOCK
PEB_H,NYSE
PEB_H,STOCK
TBB,NYSE
TBB,STOCK
PSLV,NYSE
PSLV,STOCK
RRX,NYSE
RRX,STOCK
WRB_E,NYSE
WRB_E,STOCK
SGHC,NYSE
SGHC,STOCK
WOLF,NYSE
WOLF,STOCK
RWTP,NYSE
RWTP,STOCK
PBA,NYSE
PBA,STOCK
WFC_Z,NYSE
WFC_Z,STOCK
PCQ,NYSE
PCQ,STOCK
SPYM,NYSE
SPYM,STOCK
TCGL,NYSE
TCGL,STOCK
RMMZ,NYSE
RMMZ,STOCK
WPP,NYSE
WPP,STOCK
OEC,NYSE
OEC,STOCK
PAY,NYSE
PAY,STOCK
XHR,NYSE
XHR,STOCK
SAN,NYSE
SAN,STOCK
UBS,NYSE
UBS,STOCK
WU,NYSE
WU,STOCK
RXO,NYSE
RXO,STOCK
PLTA,NYSE
PLTA,STOCK
RCC,NYSE
RCC,STOCK
SMBS,NYSE
SMBS,STOCK
WBS_G,NYSE
WBS_G,STOCK
VGI,NYSE
VGI,STOCK
PMTV,NYSE
PMTV,STOCK
TPTA,NYSE
TPTA,STOCK
NFG,NYSE
NFG,STOCK
NGL_C,NYSE
NGL_C,STOCK
QBTS,NYSE
QBTS,STOCK
NOA,NYSE
NOA,STOCK
TXNM,NYSE
TXNM,STOCK
PSTG,NYSE
PSTG,STOCK
THIR,NYSE
THIR,STOCK
MILK,NYSE
MILK,STOCK
VSDM,NYSE
VSDM,STOCK
NGL_B,NYSE
NGL_B,STOCK
NPO,NYSE
NPO,STOCK
NBHC,NYSE
NBHC,STOCK
NBSD,NYSE
NBSD,STOCK
TSMY,NYSE
TSMY,STOCK
PSA,NYSE
PSA,STOCK
OGN,NYSE
OGN,STOCK
SNOY,NYSE
SNOY,STOCK
OMF,NYSE
OMF,STOCK
PBR-A,NYSE
PBR-A,STOCK
SBSI,NYSE
SBSI,STOCK
OXY,NYSE
OXY,STOCK
SR_A,NYSE
SR_A,STOCK
ODV,NYSE
ODV,STOCK
OGS,NYSE
OGS,STOCK
XPRO,NYSE
XPRO,STOCK
TGLB,NYSE
TGLB,STOCK
TRGP,NYSE
TRGP,STOCK
RFIX,NYSE
RFIX,STOCK
SF_B,NYSE
SF_B,STOCK
TFC_O,NYSE
TFC_O,STOCK
SF_D,NYSE
SF_D,STOCK
TRTX_C,NYSE
TRTX_C,STOCK
MIAX,NYSE
MIAX,STOCK
QIDX,NYSE
QIDX,STOCK
MGRB,NYSE
MGRB,STOCK
UTL,NYSE
UTL,STOCK
SMCY,NYSE
SMCY,STOCK
MNTN,NYSE
MNTN,STOCK
URI,NYSE
URI,STOCK
NCV,NYSE
NCV,STOCK
NLY_I,NYSE
NLY_I,STOCK
XLYI,NYSE
XLYI,STOCK
TRC,NYSE
TRC,STOCK
TE-WS,NYSE
TE-WS,STOCK
MITN,NYSE
MITN,STOCK
UXJA,NYSE
UXJA,STOCK
WDEF,NYSE
WDEF,STOCK
NVOH,NYSE
NVOH,STOCK
RL,NYSE
RL,STOCK
RNP,NYSE
RNP,STOCK
PBAU,NYSE
PBAU,STOCK
PRH,NYSE
PRH,STOCK
MLM,NYSE
MLM,STOCK
WCME,NYSE
WCME,STOCK
THG,NYSE
THG,STOCK
RSJN,NYSE
RSJN,STOCK
SRV,NYSE
SRV,STOCK
SA,NYSE
SA,STOCK
PACK,NYSE
PACK,STOCK
TRAK,NYSE
TRAK,STOCK
UXRP,NYSE
UXRP,STOCK
TWLO,NYSE
TWLO,STOCK
PAAS,NYSE
PAAS,STOCK
YETI,NYSE
YETI,STOCK
MFAN,NYSE
MFAN,STOCK
TSES,NYSE
TSES,STOCK
MSIF,NYSE
MSIF,STOCK
ZGN,NYSE
ZGN,STOCK
OBDC,NYSE
OBDC,STOCK
UP,NYSE
UP,STOCK
UNP,NYSE
UNP,STOCK
PLTW,NYSE
PLTW,STOCK
PFSI,NYSE
PFSI,STOCK
REMC,NYSE
REMC,STOCK
SLDR,NYSE
SLDR,STOCK
MS_E,NYSE
MS_E,STOCK
POST,NYSE
POST,STOCK
USAC,NYSE
USAC,STOCK
PEB,NYSE
PEB,STOCK
SUI,NYSE
SUI,STOCK
QETH,NYSE
QETH,STOCK
PFN,NYSE
PFN,STOCK
XLUI,NYSE
XLUI,STOCK
WK,NYSE
WK,STOCK
SFL,NYSE
SFL,STOCK
SHEL,NYSE
SHEL,STOCK
OPAD,NYSE
OPAD,STOCK
NLOP,NYSE
NLOP,STOCK
ORA,NYSE
ORA,STOCK
SXC,NYSE
SXC,STOCK
PFLT,NYSE
PFLT,STOCK
SEI,NYSE
SEI,STOCK
TEXU,NYSE
TEXU,STOCK
OWLT,NYSE
OWLT,STOCK
PSQH-WS,NYSE
PSQH-WS,STOCK
NUW,NYSE
NUW,STOCK
TY,NYSE
TY,STOCK
TU,NYSE
TU,STOCK
SPYU,NYSE
SPYU,STOCK
RAAA,NYSE
RAAA,STOCK
NMBL,NYSE
NMBL,STOCK
TFX,NYSE
TFX,STOCK
SMWB,NYSE
SMWB,STOCK
MTD,NYSE
MTD,STOCK
SWZ,NYSE
SWZ,STOCK
SKIL,NYSE
SKIL,STOCK
SLAI,NYSE
SLAI,STOCK
ROPE,NYSE
ROPE,STOCK
TKR,NYSE
TKR,STOCK
WXET,NYSE
WXET,STOCK
SWK,NYSE
SWK,STOCK
USB_H,NYSE
USB_H,STOCK
SAZ,NYSE
SAZ,STOCK
RILA,NYSE
RILA,STOCK
WAL,NYSE
WAL,STOCK
WF,NYSE
WF,STOCK
ZTS,NYSE
ZTS,STOCK
SCE_G,NYSE
SCE_G,STOCK
NSC,NYSE
NSC,STOCK
STBQ,NYSE
STBQ,STOCK
ZAUG,NYSE
ZAUG,STOCK
VST,NYSE
VST,STOCK
NEE_N,NYSE
NEE_N,STOCK
YCY,NYSE
YCY,STOCK
MSSM,NYSE
MSSM,STOCK
TDAY,NYSE
TDAY,STOCK
RBC,NYSE
RBC,STOCK
NATL,NYSE
NATL,STOCK
RF_E,NYSE
RF_E,STOCK
SLNZ,NYSE
SLNZ,STOCK
QCAP,NYSE
QCAP,STOCK
RNR_G,NYSE
RNR_G,STOCK
NVST,NYSE
NVST,STOCK
RCS,NYSE
RCS,STOCK
NWN,NYSE
NWN,STOCK
MUNA,NYSE
MUNA,STOCK
NVOX,NYSE
NVOX,STOCK
SM,NYSE
SM,STOCK
SCM,NYSE
SCM,STOCK
OI,NYSE
OI,STOCK
NBJP,NYSE
NBJP,STOCK
RC,NYSE
RC,STOCK
ONTF,NYSE
ONTF,STOCK
NPK,NYSE
NPK,STOCK
OKE,NYSE
OKE,STOCK
WEC,NYSE
WEC,STOCK
MPX,NYSE
MPX,STOCK
SCL,NYSE
SCL,STOCK
QMNV,NYSE
QMNV,STOCK
PSA_I,NYSE
PSA_I,STOCK
PRA,NYSE
PRA,STOCK
NFJ,NYSE
NFJ,STOCK
ONL,NYSE
ONL,STOCK
SRG_A,NYSE
SRG_A,STOCK
TEN,NYSE
TEN,STOCK
VIV,NYSE
VIV,STOCK
USB_S,NYSE
USB_S,STOCK
MIN,NYSE
MIN,STOCK
NP,NYSE
NP,STOCK
VLN-WS,NYSE
VLN-WS,STOCK
PHK,NYSE
PHK,STOCK
OEFA,NYSE
OEFA,STOCK
NOK,NYSE
NOK,STOCK
XPEV,NYSE
XPEV,STOCK
PMT_B,NYSE
PMT_B,STOCK
OII,NYSE
OII,STOCK
TRV,NYSE
TRV,STOCK
XIFR,NYSE
XIFR,STOCK
NMI,NYSE
NMI,STOCK
TTXD,NYSE
TTXD,STOCK
MUNX,NYSE
MUNX,STOCK
SGI,NYSE
SGI,STOCK
RWTN,NYSE
RWTN,STOCK
WRB_G,NYSE
WRB_G,STOCK
SPIR,NYSE
SPIR,STOCK
PSN,NYSE
PSN,STOCK
WMB,NYSE
WMB,STOCK
UPSD,NYSE
UPSD,STOCK
PEVC,NYSE
PEVC,STOCK
PMO,NYSE
PMO,STOCK
OAKM,NYSE
OAKM,STOCK
WHTX,NYSE
WHTX,STOCK
NINE,NYSE
NINE,STOCK
SOC,NYSE
SOC,STOCK
PIEQ,NYSE
PIEQ,STOCK
OEI,NYSE
OEI,STOCK
PBJN,NYSE
PBJN,STOCK
SEAL_A,NYSE
SEAL_A,STOCK
RDTE,NYSE
RDTE,STOCK
SD,NYSE
SD,STOCK
PSA_P,NYSE
PSA_P,STOCK
UVE,NYSE
UVE,STOCK
QGEN,NYSE
QGEN,STOCK
RSDE,NYSE
RSDE,STOCK
VTG,NYSE
VTG,STOCK
NAN,NYSE
NAN,STOCK
PMMF,NYSE
PMMF,STOCK
XLBI,NYSE
XLBI,STOCK
TS,NYSE
TS,STOCK
MGRE,NYSE
MGRE,STOCK
XV,NYSE
XV,STOCK
MOGU,NYSE
MOGU,STOCK
RFM,NYSE
RFM,STOCK
VALE,NYSE
VALE,STOCK
PBI_B,NYSE
PBI_B,STOCK
QBER,NYSE
QBER,STOCK
NVDW,NYSE
NVDW,STOCK
TEK,NYSE
TEK,STOCK
WFC_C,NYSE
WFC_C,STOCK
SPMA,NYSE
SPMA,STOCK
PCG_X,NYSE
PCG_X,STOCK
VNO,NYSE
VNO,STOCK
WHD,NYSE
WHD,STOCK
MUJ,NYSE
MUJ,STOCK
PERF,NYSE
PERF,STOCK
MITT_C,NYSE
MITT_C,STOCK
SFTX,NYSE
SFTX,STOCK
WBX,NYSE
WBX,STOCK
NJUN,NYSE
NJUN,STOCK
SPHR,NYSE
SPHR,STOCK
OLP,NYSE
OLP,STOCK
TFIN,NYSE
TFIN,STOCK
MHD,NYSE
MHD,STOCK
SPE,NYSE
SPE,STOCK
PACS,NYSE
PACS,STOCK
XXRP,NYSE
XXRP,STOCK
XMAY,NYSE
XMAY,STOCK
PEW,NYSE
PEW,STOCK
OSK,NYSE
OSK,STOCK
TDF,NYSE
TDF,STOCK
TT,NYSE
TT,STOCK
TDS_V,NYSE
TDS_V,STOCK
TG,NYSE
TG,STOCK
MTZ,NYSE
MTZ,STOCK
SCD,NYSE
SCD,STOCK
UFI,NYSE
UFI,STOCK
RNST,NYSE
RNST,STOCK
SNX,NYSE
SNX,STOCK
SDHC,NYSE
SDHC,STOCK
TLCI,NYSE
TLCI,STOCK
ROG,NYSE
ROG,STOCK
SCUS,NYSE
SCUS,STOCK
SLTY,NYSE
SLTY,STOCK
MUR,NYSE
MUR,STOCK
TBI,NYSE
TBI,STOCK
QTWO,NYSE
QTWO,STOCK
MS,NYSE
MS,STOCK
RDY,NYSE
RDY,STOCK
OUT,NYSE
OUT,STOCK
ZCBC,NYSE
ZCBC,STOCK
TOPT,NYSE
TOPT,STOCK
RC_C,NYSE
RC_C,STOCK
NBB,NYSE
NBB,STOCK
MNSO,NYSE
MNSO,STOCK
SLJY,NYSE
SLJY,STOCK
SU,NYSE
SU,STOCK
PBI,NYSE
PBI,STOCK
TVE,NYSE
TVE,STOCK
PRIF_J,NYSE
PRIF_J,STOCK
UZD,NYSE
UZD,STOCK
USB,NYSE
USB,STOCK
OCTU,NYSE
OCTU,STOCK
VNO_M,NYSE
VNO_M,STOCK
TIMB,NYSE
TIMB,STOCK
MTN,NYSE
MTN,STOCK
TMO,NYSE
TMO,STOCK
VACI,NYSE
VACI,STOCK
MMSD,NYSE
MMSD,STOCK
MS_I,NYSE
MS_I,STOCK
SAM,NYSE
SAM,STOCK
TRTX,NYSE
TRTX,STOCK
NSP,NYSE
NSP,STOCK
SBR,NYSE
SBR,STOCK
VOYA_B,NYSE
VOYA_B,STOCK
THQ,NYSE
THQ,STOCK
ORN,NYSE
ORN,STOCK
NMZ,NYSE
NMZ,STOCK
NXRT,NYSE
NXRT,STOCK
WFG,NYSE
WFG,STOCK
OAKI,NYSE
OAKI,STOCK
UMH_D,NYSE
UMH_D,STOCK
VG,NYSE
VG,STOCK
MGY,NYSE
MGY,STOCK
MMMA,NYSE
MMMA,STOCK
NSEP,NYSE
NSEP,STOCK
SUZ,NYSE
SUZ,STOCK
VZ,NYSE
VZ,STOCK
OWL,NYSE
OWL,STOCK
WLY,NYSE
WLY,STOCK
VRTS,NYSE
VRTS,STOCK
RZB,NYSE
RZB,STOCK
MTR,NYSE
MTR,STOCK
PSA_M,NYSE
PSA_M,STOCK
TXXI,NYSE
TXXI,STOCK
SIOO,NYSE
SIOO,STOCK
NAD,NYSE
NAD,STOCK
VIA,NYSE
VIA,STOCK
VTR,NYSE
VTR,STOCK
UDR,NYSE
UDR,STOCK
TSSD,NYSE
TSSD,STOCK
WFC_A,NYSE
WFC_A,STOCK
VTN,NYSE
VTN,STOCK
SEG,NYSE
SEG,STOCK
RSMV,NYSE
RSMV,STOCK
PCM,NYSE
PCM,STOCK
YEXT,NYSE
YEXT,STOCK
RACE,NYSE
RACE,STOCK
NUV,NYSE
NUV,STOCK
SHYM,NYSE
SHYM,STOCK
OMAH,NYSE
OMAH,STOCK
MFC,NYSE
MFC,STOCK
TV,NYSE
TV,STOCK
MMKT,NYSE
MMKT,STOCK
RNGR,NYSE
RNGR,STOCK
TRTN,NYSE
TRTN,STOCK
SGU,NYSE
SGU,STOCK
UHT,NYSE
UHT,STOCK
OPY,NYSE
OPY,STOCK
VCRM,NYSE
VCRM,STOCK
PRMB,NYSE
PRMB,STOCK
WTI,NYSE
WTI,STOCK
QXAS,NYSE
QXAS,STOCK
ONTO,NYSE
ONTO,STOCK
ZIM,NYSE
ZIM,STOCK
SYFI,NYSE
SYFI,STOCK
ONON,NYSE
ONON,STOCK
WSO-B,NYSE
WSO-B,STOCK
WES,NYSE
WES,STOCK
NXDR,NYSE
NXDR,STOCK
NRGV,NYSE
NRGV,STOCK
RLX,NYSE
RLX,STOCK
USA,NYSE
USA,STOCK
PRXV,NYSE
PRXV,STOCK
MSGS,NYSE
MSGS,STOCK
PKG,NYSE
PKG,STOCK
MOG-B,NYSE
MOG-B,STOCK
QCJA,NYSE
QCJA,STOCK
NLY_G,NYSE
NLY_G,STOCK
SQNS,NYSE
SQNS,STOCK
TYL,NYSE
TYL,STOCK
SBXD-U,NYSE
SBXD-U,STOCK
NE,NYSE
NE,STOCK
TTXU,NYSE
TTXU,STOCK
QSU,NYSE
QSU,STOCK
VRE,NYSE
VRE,STOCK
RF_C,NYSE
RF_C,STOCK
PHR,NYSE
PHR,STOCK
PLYM,NYSE
PLYM,STOCK
TDC,NYSE
TDC,STOCK
PEG,NYSE
PEG,STOCK
SES,NYSE
SES,STOCK
RNR_F,NYSE
RNR_F,STOCK
OCTP,NYSE
OCTP,STOCK
NIM,NYSE
NIM,STOCK
SKY,NYSE
SKY,STOCK
TEX,NYSE
TEX,STOCK
MHF,NYSE
MHF,STOCK
NBFC,NYSE
NBFC,STOCK
PFGC,NYSE
PFGC,STOCK
TENM,NYSE
TENM,STOCK
WDH,NYSE
WDH,STOCK
ZFEB,NYSE
ZFEB,STOCK
RM,NYSE
RM,STOCK
RY,NYSE
RY,STOCK
VFC,NYSE
VFC,STOCK
TFC_I,NYSE
TFC_I,STOCK
PXED,NYSE
PXED,STOCK
TAC,NYSE
TAC,STOCK
PEB_E,NYSE
PEB_E,STOCK
PKST,NYSE
PKST,STOCK
VHI,NYSE
VHI,STOCK
SOBO,NYSE
SOBO,STOCK
SABA,NYSE
SABA,STOCK
RSPA,NYSE
RSPA,STOCK
YOU,NYSE
YOU,STOCK
POWR,NYSE
POWR,STOCK
YUM,NYSE
YUM,STOCK
PSA_Q,NYSE
PSA_Q,STOCK
RYN,NYSE
RYN,STOCK
TFC_R,NYSE
TFC_R,STOCK
MLP,NYSE
MLP,STOCK
RHP,NYSE
RHP,STOCK
MGA,NYSE
MGA,STOCK
SCHW_D,NYSE
SCHW_D,STOCK
VPV,NYSE
VPV,STOCK
NHYM,NYSE
NHYM,STOCK
SKT,NYSE
SKT,STOCK
NMAI,NYSE
NMAI,STOCK
ZCBF,NYSE
ZCBF,STOCK
WBS,NYSE
WBS,STOCK
RCI,NYSE
RCI,STOCK
PLNT,NYSE
PLNT,STOCK
PSA_F,NYSE
PSA_F,STOCK
OR,NYSE
OR,STOCK
MUX,NYSE
MUX,STOCK
WPM,NYSE
WPM,STOCK
NVO,NYSE
NVO,STOCK
NL,NYSE
NL,STOCK
RITM_A,NYSE
RITM_A,STOCK
MNR,NYSE
MNR,STOCK
WEA,NYSE
WEA,STOCK
SEE,NYSE
SEE,STOCK
VLN,NYSE
VLN,STOCK
SQMX,NYSE
SQMX,STOCK
TABD,NYSE
TABD,STOCK
NTB,NYSE
NTB,STOCK
SN,NYSE
SN,STOCK
MTH,NYSE
MTH,STOCK
ROBN,NYSE
ROBN,STOCK
VMC,NYSE
VMC,STOCK
PSA_O,NYSE
PSA_O,STOCK
NMB,NYSE
NMB,STOCK
NRK,NYSE
NRK,STOCK
TPR,NYSE
TPR,STOCK
NKE,NYSE
NKE,STOCK
NCDL,NYSE
NCDL,STOCK
MITT_B,NYSE
MITT_B,STOCK
TMLP,NYSE
TMLP,STOCK
YALA,NYSE
YALA,STOCK
TMHC,NYSE
TMHC,STOCK
RNG,NYSE
RNG,STOCK
WCMI,NYSE
WCMI,STOCK
THW,NYSE
THW,STOCK
ULS,NYSE
ULS,STOCK
RMD,NYSE
RMD,STOCK
TSLI,NYSE
TSLI,STOCK
NDEC,NYSE
NDEC,STOCK
RFI,NYSE
RFI,STOCK
MS_A,NYSE
MS_A,STOCK
TD,NYSE
TD,STOCK
RMAX,NYSE
RMAX,STOCK
RNR,NYSE
RNR,STOCK
PRIV,NYSE
PRIV,STOCK
TX,NYSE
TX,STOCK
RSBY,NYSE
RSBY,STOCK
WM,NYSE
WM,STOCK
XEML,NYSE
XEML,STOCK
SMFG,NYSE
SMFG,STOCK
VYX,NYSE
VYX,STOCK
PAG,NYSE
PAG,STOCK
WHR,NYSE
WHR,STOCK
RVTY,NYSE
RVTY,STOCK
RES,NYSE
RES,STOCK
NRUC,NYSE
NRUC,STOCK
MUND,NYSE
MUND,STOCK
SBH,NYSE
SBH,STOCK
WAB,NYSE
WAB,STOCK
VACI-U,NYSE
VACI-U,STOCK
NMS,NYSE
NMS,STOCK
OFG,NYSE
OFG,STOCK
NSA_A,NYSE
NSA_A,STOCK
MH,NYSE
MH,STOCK
MLDR,NYSE
MLDR,STOCK
MRP,NYSE
MRP,STOCK
TBBB,NYSE
TBBB,STOCK
ZBH,NYSE
ZBH,STOCK
TFPM,NYSE
TFPM,STOCK
WISD,NYSE
WISD,STOCK
RMT,NYSE
RMT,STOCK
PMIO,NYSE
PMIO,STOCK
STLA,NYSE
STLA,STOCK
PSBD,NYSE
PSBD,STOCK
NCA,NYSE
NCA,STOCK
NFLU,NYSE
NFLU,STOCK
NVRI,NYSE
NVRI,STOCK
SMR,NYSE
SMR,STOCK
SHW,NYSE
SHW,STOCK
PDO,NYSE
PDO,STOCK
ORCL,NYSE
ORCL,STOCK
NOVP,NYSE
NOVP,STOCK
SLGN,NYSE
SLGN,STOCK
YELP,NYSE
YELP,STOCK
SCCR,NYSE
SCCR,STOCK
PH,NYSE
PH,STOCK
REXR_B,NYSE
REXR_B,STOCK
SB_C,NYSE
SB_C,STOCK
SLF,NYSE
SLF,STOCK
MYN,NYSE
MYN,STOCK
PHI,NYSE
PHI,STOCK
PBFR,NYSE
PBFR,STOCK
UTI,NYSE
UTI,STOCK
SEM,NYSE
SEM,STOCK
PCOR,NYSE
PCOR,STOCK
PBOT,NYSE
PBOT,STOCK
NLY,NYSE
NLY,STOCK
TK,NYSE
TK,STOCK
MIR,NYSE
MIR,STOCK
MQT,NYSE
MQT,STOCK
NAZ,NYSE
NAZ,STOCK
NCV_A,NYSE
NCV_A,STOCK
MITP,NYSE
MITP,STOCK
QUSA,NYSE
QUSA,STOCK
NTZ,NYSE
NTZ,STOCK
NOC,NYSE
NOC,STOCK
SOFR,NYSE
SOFR,STOCK
OXM,NYSE
OXM,STOCK
TESL,NYSE
TESL,STOCK
XLSI,NYSE
XLSI,STOCK
PSA_N,NYSE
PSA_N,STOCK
SDFI,NYSE
SDFI,STOCK
XCHG,NYSE
XCHG,STOCK
ODC,NYSE
ODC,STOCK
TNUK,NYSE
TNUK,STOCK
PNR,NYSE
PNR,STOCK
TAL,NYSE
TAL,STOCK
MS_O,NYSE
MS_O,STOCK
SST,NYSE
SST,STOCK
TRNO,NYSE
TRNO,STOCK
MYD,NYSE
MYD,STOCK
RITM,NYSE
RITM,STOCK
POW,NYSE
POW,STOCK
SPCE,NYSE
SPCE,STOCK
SRI,NYSE
SRI,STOCK
ROL,NYSE
ROL,STOCK
SAJ,NYSE
SAJ,STOCK
PSA_H,NYSE
PSA_H,STOCK
RBLY,NYSE
RBLY,STOCK
MOS,NYSE
MOS,STOCK
URAN,NYSE
URAN,STOCK
NOTE,NYSE
NOTE,STOCK
VLTO,NYSE
VLTO,STOCK
STBF,NYSE
STBF,STOCK
TIER,NYSE
TIER,STOCK
TNET,NYSE
TNET,STOCK
TR,NYSE
TR,STOCK
TIIV,NYSE
TIIV,STOCK
ZCBE,NYSE
ZCBE,STOCK
NPV,NYSE
NPV,STOCK
SOS,NYSE
SOS,STOCK
WCAP,NYSE
WCAP,STOCK
NQP,NYSE
NQP,STOCK
NVS,NYSE
NVS,STOCK
YRD,NYSE
YRD,STOCK
SPBX,NYSE
SPBX,STOCK
PINS,NYSE
PINS,STOCK
SW,NYSE
SW,STOCK
YFYA,NYSE
YFYA,STOCK
PBR,NYSE
PBR,STOCK
RCD,NYSE
RCD,STOCK
NOV,NYSE
NOV,STOCK
PBSE,NYSE
PBSE,STOCK
NITE,NYSE
NITE,STOCK
WFC_D,NYSE
WFC_D,STOCK
TSQ,NYSE
TSQ,STOCK
PSA_K,NYSE
PSA_K,STOCK
RLJ_A,NYSE
RLJ_A,STOCK
XLVI,NYSE
XLVI,STOCK
TKNQ,NYSE
TKNQ,STOCK
VIK,NYSE
VIK,STOCK
MT,NYSE
MT,STOCK
TOST,NYSE
TOST,STOCK
MGR,NYSE
MGR,STOCK
TLTI,NYSE
TLTI,STOCK
MPA,NYSE
MPA,STOCK
TETH,NYSE
TETH,STOCK
TSLW,NYSE
TSLW,STOCK
SOJE,NYSE
SOJE,STOCK
SYY,NYSE
SYY,STOCK
PMJA,NYSE
PMJA,STOCK
OOMA,NYSE
OOMA,STOCK
WIA,NYSE
WIA,STOCK
PMTU,NYSE
PMTU,STOCK
YETH,NYSE
YETH,STOCK
MO,NYSE
MO,STOCK
TWO,NYSE
TWO,STOCK
MXF,NYSE
MXF,STOCK
NPWR,NYSE
NPWR,STOCK
NOW,NYSE
NOW,STOCK
SHO_H,NYSE
SHO_H,STOCK
RCLO,NYSE
RCLO,STOCK
WAL_A,NYSE
WAL_A,STOCK
RMI,NYSE
RMI,STOCK
TSRS,NYSE
TSRS,STOCK
NPFD,NYSE
NPFD,STOCK
PD,NYSE
PD,STOCK
ZOCT,NYSE
ZOCT,STOCK
PRIF_D,NYSE
PRIF_D,STOCK
UGP,NYSE
UGP,STOCK
TOL,NYSE
TOL,STOCK
RSI,NYSE
RSI,STOCK
SCE_M,NYSE
SCE_M,STOCK
NSA_B,NYSE
NSA_B,STOCK
MQY,NYSE
MQY,STOCK
VOYG,NYSE
VOYG,STOCK
OBK,NYSE
OBK,STOCK
NMAX,NYSE
NMAX,STOCK
RND,NYSE
RND,STOCK
RFLR,NYSE
RFLR,STOCK
VICI,NYSE
VICI,STOCK
RTX,NYSE
RTX,STOCK
RZC,NYSE
RZC,STOCK
SARO,NYSE
SARO,STOCK
NDOW,NYSE
NDOW,STOCK
MS_P,NYSE
MS_P,STOCK
RWEM,NYSE
RWEM,STOCK
TDS,NYSE
TDS,STOCK
WRB_H,NYSE
WRB_H,STOCK
SCE_N,NYSE
SCE_N,STOCK
ZCBA,NYSE
ZCBA,STOCK
VGVT,NYSE
VGVT,STOCK
VET,NYSE
VET,STOCK
PRS,NYSE
PRS,STOCK
WD,NYSE
WD,STOCK
NEMD,NYSE
NEMD,STOCK
S,NYSE
S,STOCK
RWLC,NYSE
RWLC,STOCK
V,NYSE
V,STOCK
MOG-A,NYSE
MOG-A,STOCK
SCHW_J,NYSE
SCHW_J,STOCK
TSNF,NYSE
TSNF,STOCK
OGCP,NYSE
OGCP,STOCK
RVLV,NYSE
RVLV,STOCK
NC,NYSE
NC,STOCK
NPCT,NYSE
NPCT,STOCK
VIST,NYSE
VIST,STOCK
MMI,NYSE
MMI,STOCK
PIPE,NYSE
PIPE,STOCK
WTRG,NYSE
WTRG,STOCK
NNY,NYSE
NNY,STOCK
SID,NYSE
SID,STOCK
OMC,NYSE
OMC,STOCK
NOMD,NYSE
NOMD,STOCK
SCOW,NYSE
SCOW,STOCK
PML,NYSE
PML,STOCK
NX,NYSE
NX,STOCK
TWO_A,NYSE
TWO_A,STOCK
MFG,NYSE
MFG,STOCK
RLTY,NYSE
RLTY,STOCK
PHIN,NYSE
PHIN,STOCK
PDI,NYSE
PDI,STOCK
OPP_B,NYSE
OPP_B,STOCK
PAII,NYSE
PAII,STOCK
XXI,NYSE
XXI,STOCK
NXDT_A,NYSE
NXDT_A,STOCK
SO,NYSE
SO,STOCK
TCI,NYSE
TCI,STOCK
NWG,NYSE
NWG,STOCK
NUMI,NYSE
NUMI,STOCK
NE-WS-A,NYSE
NE-WS-A,STOCK
WRB,NYSE
WRB,STOCK
MSDL,NYSE
MSDL,STOCK
TDS_U,NYSE
TDS_U,STOCK
SPNT,NYSE
SPNT,STOCK
STAG,NYSE
STAG,STOCK
MSCI,NYSE
MSCI,STOCK
ROK,NYSE
ROK,STOCK
W,NYSE
W,STOCK
RLI,NYSE
RLI,STOCK
RERE,NYSE
RERE,STOCK
MSLC,NYSE
MSLC,STOCK
NOM,NYSE
NOM,STOCK
OPLN,NYSE
OPLN,STOCK
RFL,NYSE
RFL,STOCK
RKT,NYSE
RKT,STOCK
NMR,NYSE
NMR,STOCK
RSSY,NYSE
RSSY,STOCK
UXOC,NYSE
UXOC,STOCK
RSF,NYSE
RSF,STOCK
PIPR,NYSE
PIPR,STOCK
OPFI,NYSE
OPFI,STOCK
MVT,NYSE
MVT,STOCK
PEB_F,NYSE
PEB_F,STOCK
RBRK,NYSE
RBRK,STOCK
UZE,NYSE
UZE,STOCK
RIV_A,NYSE
RIV_A,STOCK
TNL,NYSE
TNL,STOCK
VOYA,NYSE
VOYA,STOCK
TVC,NYSE
TVC,STOCK
WNC,NYSE
WNC,STOCK
SMC,NYSE
SMC,STOCK
RJMI,NYSE
RJMI,STOCK
MUA,NYSE
MUA,STOCK
QMMY,NYSE
QMMY,STOCK
MVO,NYSE
MVO,STOCK
YUMC,NYSE
YUMC,STOCK
ZVIA,NYSE
ZVIA,STOCK
PSQO,NYSE
PSQO,STOCK
TENJ,NYSE
TENJ,STOCK
SOR,NYSE
SOR,STOCK
SRG,NYSE
SRG,STOCK
MTB_H,NYSE
MTB_H,STOCK
ZVOL,NYSE
ZVOL,STOCK
NVGS,NYSE
NVGS,STOCK
PLOW,NYSE
PLOW,STOCK
QVCC,NYSE
QVCC,STOCK
RCUS,NYSE
RCUS,STOCK
MSGE,NYSE
MSGE,STOCK
STEM,NYSE
STEM,STOCK
STVN,NYSE
STVN,STOCK
SPTB,NYSE
SPTB,STOCK
NUE,NYSE
NUE,STOCK
QMAG,NYSE
QMAG,STOCK
SYK,NYSE
SYK,STOCK
WTM,NYSE
WTM,STOCK
MSTZ,NYSE
MSTZ,STOCK
PRIF_L,NYSE
PRIF_L,STOCK
SCE_K,NYSE
SCE_K,STOCK
RYI,NYSE
RYI,STOCK
NYC,NYSE
NYC,STOCK
UNFI,NYSE
UNFI,STOCK
SBXD,NYSE
SBXD,STOCK
SPUT,NYSE
SPUT,STOCK
TJX,NYSE
TJX,STOCK
SCE_L,NYSE
SCE_L,STOCK
TBN,NYSE
TBN,STOCK
TKC,NYSE
TKC,STOCK
TPB,NYSE
TPB,STOCK
RITM_B,NYSE
RITM_B,STOCK
O,NYSE
O,STOCK
PNW,NYSE
PNW,STOCK
UZF,NYSE
UZF,STOCK
ONIT,NYSE
ONIT,STOCK
NPWR-WS,NYSE
NPWR-WS,STOCK
SLG,NYSE
SLG,STOCK
WH,NYSE
WH,STOCK
PINE,NYSE
PINE,STOCK
SONY,NYSE
SONY,STOCK
SPPP,NYSE
SPPP,STOCK
USNA,NYSE
USNA,STOCK
MFUT,NYSE
MFUT,STOCK
OAK_A,NYSE
OAK_A,STOCK
PPG,NYSE
PPG,STOCK
MFAO,NYSE
MFAO,STOCK
PCLO,NYSE
PCLO,STOCK
XAPR,NYSE
XAPR,STOCK
RBOT,NYSE
RBOT,STOCK
PDS,NYSE
PDS,STOCK
SUPV,NYSE
SUPV,STOCK
PRSU,NYSE
PRSU,STOCK
QCJL,NYSE
QCJL,STOCK
TRP,NYSE
TRP,STOCK
RIV,NYSE
RIV,STOCK
TWO_C,NYSE
TWO_C,STOCK
SEMR,NYSE
SEMR,STOCK
NMG,NYSE
NMG,STOCK
VNO_L,NYSE
VNO_L,STOCK
PRLB,NYSE
PRLB,STOCK
XIJN,NYSE
XIJN,STOCK
NBET,NYSE
NBET,STOCK
WT,NYSE
WT,STOCK
STUB,NYSE
STUB,STOCK
MGRD,NYSE
MGRD,STOCK
TRTN_F,NYSE
TRTN_F,STOCK
MLI,NYSE
MLI,STOCK
USFD,NYSE
USFD,STOCK
WMK,NYSE
WMK,STOCK
TOGA,NYSE
TOGA,STOCK
STRN,NYSE
STRN,STOCK
TROX,NYSE
TROX,STOCK
PSQA,NYSE
PSQA,STOCK
NMT,NYSE
NMT,STOCK
PSX,NYSE
PSX,STOCK
RGT,NYSE
RGT,STOCK
YGLD,NYSE
YGLD,STOCK
PHM,NYSE
PHM,STOCK
NU,NYSE
NU,STOCK
WCN,NYSE
WCN,STOCK
TE,NYSE
TE,STOCK
YMM,NYSE
YMM,STOCK
SRFM,NYSE
SRFM,STOCK
PM,NYSE
PM,STOCK
NNN,NYSE
NNN,STOCK
VSCO,NYSE
VSCO,STOCK
NIC,NYSE
NIC,STOCK
NRP,NYSE
NRP,STOCK
NIQ,NYSE
NIQ,STOCK
PTA,NYSE
PTA,STOCK
ZTR,NYSE
ZTR,STOCK
NIE,NYSE
NIE,STOCK
PAR,NYSE
PAR,STOCK
UAN,NYSE
UAN,STOCK
NVR,NYSE
NVR,STOCK
SITE,NYSE
SITE,STOCK
NOAH,NYSE
NOAH,STOCK
QMFE,NYSE
QMFE,STOCK
TECK,NYSE
TECK,STOCK
NEM,NYSE
NEM,STOCK
TGS,NYSE
TGS,STOCK
WLKP,NYSE
WLKP,STOCK
RELX,NYSE
RELX,STOCK
OPPE,NYSE
OPPE,STOCK
NEXA,NYSE
NEXA,STOCK
SDHY,NYSE
SDHY,STOCK
SYF_B,NYSE
SYF_B,STOCK
NBCR,NYSE
NBCR,STOCK
PEN,NYSE
PEN,STOCK
SPXC,NYSE
SPXC,STOCK
RSBA,NYSE
RSBA,STOCK
OLN,NYSE
OLN,STOCK
UL,NYSE
UL,STOCK
SOJF,NYSE
SOJF,STOCK
VPG,NYSE
VPG,STOCK
UWMC,NYSE
UWMC,STOCK
SMG,NYSE
SMG,STOCK
WIT,NYSE
WIT,STOCK
RGR,NYSE
RGR,STOCK
UIS,NYSE
UIS,STOCK
SJM,NYSE
SJM,STOCK
YSG,NYSE
YSG,STOCK
SMRT,NYSE
SMRT,STOCK
MKC-V,NYSE
MKC-V,STOCK
YCY-U,NYSE
YCY-U,STOCK
QFRD,NYSE
QFRD,STOCK
TPL,NYSE
TPL,STOCK
WOW,NYSE
WOW,STOCK
PAI,NYSE
PAI,STOCK
TEC,NYSE
TEC,STOCK
STXM,NYSE
STXM,STOCK
WRB_F,NYSE
WRB_F,STOCK
MRK,NYSE
MRK,STOCK
SI,NYSE
SI,STOCK
SAR,NYSE
SAR,STOCK
PIEL,NYSE
PIEL,STOCK
NXG,NYSE
NXG,STOCK
MTDR,NYSE
MTDR,STOCK
RF,NYSE
RF,STOCK
UX,NYSE
UX,STOCK
RJDI,NYSE
RJDI,STOCK
SKM,NYSE
SKM,STOCK
VNO_O,NYSE
VNO_O,STOCK
MHLA,NYSE
MHLA,STOCK
SPIN,NYSE
SPIN,STOCK
PAC,NYSE
PAC,STOCK
VAC,NYSE
VAC,STOCK
WHG,NYSE
WHG,STOCK
MFA,NYSE
MFA,STOCK
SRL,NYSE
SRL,STOCK
OSG,NYSE
OSG,STOCK
MITT,NYSE
MITT,STOCK
MHNC,NYSE
MHNC,STOCK
TEN_E,NYSE
TEN_E,STOCK
TSLX,NYSE
TSLX,STOCK
UNMA,NYSE
UNMA,STOCK
PRIF_K,NYSE
PRIF_K,STOCK
WTTR,NYSE
WTTR,STOCK
XLRI,NYSE
XLRI,STOCK
SEPU,NYSE
SEPU,STOCK
RAC,NYSE
RAC,STOCK
ST,NYSE
ST,STOCK
TCPB,NYSE
TCPB,STOCK
NNI,NYSE
NNI,STOCK
VNT,NYSE
VNT,STOCK
XYL,NYSE
XYL,STOCK
PL,NYSE
PL,STOCK
TACN,NYSE
TACN,STOCK
THO,NYSE
THO,STOCK
PCHI,NYSE
PCHI,STOCK
TAXM,NYSE
TAXM,STOCK
QUIZ,NYSE
QUIZ,STOCK
NEU,NYSE
NEU,STOCK
WKC,NYSE
WKC,STOCK
SPRU,NYSE
SPRU,STOCK
NREF_A,NYSE
NREF_A,STOCK
RSSE,NYSE
RSSE,STOCK
MNRS,NYSE
MNRS,STOCK
TDEC,NYSE
TDEC,STOCK
VVV,NYSE
VVV,STOCK
RYAN,NYSE
RYAN,STOCK
SGVT,NYSE
SGVT,STOCK
WRBY,NYSE
WRBY,STOCK
VIRT,NYSE
VIRT,STOCK
UPS,NYSE
UPS,STOCK
VTEX,NYSE
VTEX,STOCK
TUSB,NYSE
TUSB,STOCK
MTX,NYSE
MTX,STOCK
NAUG,NYSE
NAUG,STOCK
PHYS,NYSE
PHYS,STOCK
TPC,NYSE
TPC,STOCK
ZSEP,NYSE
ZSEP,STOCK
PGP,NYSE
PGP,STOCK
NCZ_A,NYSE
NCZ_A,STOCK
PKE,NYSE
PKE,STOCK
PL-WS,NYSE
PL-WS,STOCK
SHG,NYSE
SHG,STOCK
RSMC,NYSE
RSMC,STOCK
SPNT_B,NYSE
SPNT_B,STOCK
MXE,NYSE
MXE,STOCK
TOPC,NYSE
TOPC,STOCK
TSIC,NYSE
TSIC,STOCK
TTI,NYSE
TTI,STOCK
OSCR,NYSE
OSCR,STOCK
TGNA,NYSE
TGNA,STOCK
TBXU,NYSE
TBXU,STOCK
MKTN,NYSE
MKTN,STOCK
VEL,NYSE
VEL,STOCK
WPC,NYSE
WPC,STOCK
OPTU,NYSE
OPTU,STOCK
VLO,NYSE
VLO,STOCK
ORC,NYSE
ORC,STOCK
VNO_N,NYSE
VNO_N,STOCK
SMP,NYSE
SMP,STOCK
TRTN_A,NYSE
TRTN_A,STOCK
PSA_S,NYSE
PSA_S,STOCK
RGA,NYSE
RGA,STOCK
NET,NYSE
NET,STOCK
TGT,NYSE
TGT,STOCK
TJAN,NYSE
TJAN,STOCK
TOAK,NYSE
TOAK,STOCK
RWT_A,NYSE
RWT_A,STOCK
SKE,NYSE
SKE,STOCK
PKX,NYSE
PKX,STOCK
NXDT,NYSE
NXDT,STOCK
UGI,NYSE
UGI,STOCK
NKX,NYSE
NKX,STOCK
PDPA,NYSE
PDPA,STOCK
SPMC,NYSE
SPMC,STOCK
SQM,NYSE
SQM,STOCK
STXI,NYSE
STXI,STOCK
VGRO,NYSE
VGRO,STOCK
OCTM,NYSE
OCTM,STOCK
STT,NYSE
STT,STOCK
TRSY,NYSE
TRSY,STOCK
REVG,NYSE
REVG,STOCK
SXT,NYSE
SXT,STOCK
TFSA,NYSE
TFSA,STOCK
SIG,NYSE
SIG,STOCK
SPH,NYSE
SPH,STOCK
SAPH,NYSE
SAPH,STOCK
PCFI,NYSE
PCFI,STOCK
VTOL,NYSE
VTOL,STOCK
REKT,NYSE
REKT,STOCK
PUSH,NYSE
PUSH,STOCK
SOJC,NYSE
SOJC,STOCK
TSM,NYSE
TSM,STOCK
WDS,NYSE
WDS,STOCK
STG,NYSE
STG,STOCK
SJT,NYSE
SJT,STOCK
SSB,NYSE
SSB,STOCK
MMU,NYSE
MMU,STOCK
PWR,NYSE
PWR,STOCK
USPH,NYSE
USPH,STOCK
WFC_Y,NYSE
WFC_Y,STOCK
TSCV,NYSE
TSCV,STOCK
RDYY,NYSE
RDYY,STOCK
SRE,NYSE
SRE,STOCK
PSA_G,NYSE
PSA_G,STOCK
MPLX,NYSE
MPLX,STOCK
ZJUL,NYSE
ZJUL,STOCK
TPZ,NYSE
TPZ,STOCK
TMVE,NYSE
TMVE,STOCK
SPG,NYSE
SPG,STOCK
PSA_R,NYSE
PSA_R,STOCK
NSA,NYSE
NSA,STOCK
WTIB,NYSE
WTIB,STOCK
RCTR,NYSE
RCTR,STOCK
TNK,NYSE
TNK,STOCK
MOD,NYSE
MOD,STOCK
OIA,NYSE
OIA,STOCK
TOT,NYSE
TOT,STOCK
QVCD,NYSE
QVCD,STOCK
RTO,NYSE
RTO,STOCK
MITT_A,NYSE
MITT_A,STOCK
VMO,NYSE
VMO,STOCK
RESM,NYSE
RESM,STOCK
UTZ,NYSE
UTZ,STOCK
SSD,NYSE
SSD,STOCK
PNI,NYSE
PNI,STOCK
NTR,NYSE
NTR,STOCK
PAYC,NYSE
PAYC,STOCK
TWI,NYSE
TWI,STOCK
UNH,NYSE
UNH,STOCK
TFII,NYSE
TFII,STOCK
SGRW,NYSE
SGRW,STOCK
TALV,NYSE
TALV,STOCK
QBF,NYSE
QBF,STOCK
PAGS,NYSE
PAGS,STOCK
VGM,NYSE
VGM,STOCK
SE,NYSE
SE,STOCK
QSR,NYSE
QSR,STOCK
ZCBB,NYSE
ZCBB,STOCK
WLK,NYSE
WLK,STOCK
XLII,NYSE
XLII,STOCK
TOV,NYSE
TOV,STOCK
WBI,NYSE
WBI,STOCK
STC,NYSE
STC,STOCK
WBS_F,NYSE
WBS_F,STOCK
TAP-A,NYSE
TAP-A,STOCK
WLYB,NYSE
WLYB,STOCK
OOSP,NYSE
OOSP,STOCK
ZWS,NYSE
ZWS,STOCK
UA,NYSE
UA,STOCK
QFHD,NYSE
QFHD,STOCK
MWA,NYSE
MWA,STOCK
PSQH,NYSE
PSQH,STOCK
UTF,NYSE
UTF,STOCK
REX,NYSE
REX,STOCK
WS,NYSE
WS,STOCK
NBGX,NYSE
NBGX,STOCK
PSA_J,NYSE
PSA_J,STOCK
RITM_C,NYSE
RITM_C,STOCK
OAK_B,NYSE
OAK_B,STOCK
NFEB,NYSE
NFEB,STOCK
RIG,NYSE
RIG,STOCK
WCC,NYSE
WCC,STOCK
PRXG,NYSE
PRXG,STOCK
TBLU,NYSE
TBLU,STOCK
SKLZ,NYSE
SKLZ,STOCK
VLT,NYSE
VLT,STOCK
YBIT,NYSE
YBIT,STOCK
NRT,NYSE
NRT,STOCK
SWX,NYSE
SWX,STOCK
WOR,NYSE
WOR,STOCK
PDM,NYSE
PDM,STOCK
NVT,NYSE
NVT,STOCK
QUAD,NYSE
QUAD,STOCK
TLTP,NYSE
TLTP,STOCK
QXO,NYSE
QXO,STOCK
PRG,NYSE
PRG,STOCK
SOUL-U,NYSE
SOUL-U,STOCK
VOC,NYSE
VOC,STOCK
SBXD-WS,NYSE
SBXD-WS,STOCK
PYT,NYSE
PYT,STOCK
PR,NYSE
PR,STOCK
USB_A,NYSE
USB_A,STOCK
RPM,NYSE
RPM,STOCK
MIY,NYSE
MIY,STOCK
PSEC_A,NYSE
PSEC_A,STOCK
SLB,NYSE
SLB,STOCK
SCCO,NYSE
SCCO,STOCK
NGG,NYSE
NGG,STOCK
T_A,NYSE
T_A,STOCK
UHAL,NYSE
UHAL,STOCK
PRIM,NYSE
PRIM,STOCK
TSXU,NYSE
TSXU,STOCK
THR,NYSE
THR,STOCK
MUSA,NYSE
MUSA,STOCK
NXJ,NYSE
NXJ,STOCK
MMD,NYSE
MMD,STOCK
NRG,NYSE
NRG,STOCK
PMM,NYSE
PMM,STOCK
SYF,NYSE
SYF,STOCK
OGE,NYSE
OGE,STOCK
MS_L,NYSE
MS_L,STOCK
PDCC,NYSE
PDCC,STOCK
NYT,NYSE
NYT,STOCK
MMT,NYSE
MMT,STOCK
PCEM,NYSE
PCEM,STOCK
SON,NYSE
SON,STOCK
TGE,NYSE
TGE,STOCK
VTS,NYSE
VTS,STOCK
RMOP,NYSE
RMOP,STOCK
SMLL,NYSE
SMLL,STOCK
PVH,NYSE
PVH,STOCK
ZEPP,NYSE
ZEPP,STOCK
NGVT,NYSE
NGVT,STOCK
TSXD,NYSE
TSXD,STOCK
PX,NYSE
PX,STOCK
NXP,NYSE
NXP,STOCK
OASC,NYSE
OASC,STOCK
TSEP,NYSE
TSEP,STOCK
RF_F,NYSE
RF_F,STOCK
PRCS,NYSE
PRCS,STOCK
VAL-WS,NYSE
VAL-WS,STOCK
STEL,NYSE
STEL,STOCK
UNM,NYSE
UNM,STOCK
SAY,NYSE
SAY,STOCK
TIPC,NYSE
TIPC,STOCK
POR,NYSE
POR,STOCK
XOM,NYSE
XOM,STOCK
MHN,NYSE
MHN,STOCK
TRTN_C,NYSE
TRTN_C,STOCK
TRU,NYSE
TRU,STOCK
MUE,NYSE
MUE,STOCK
PBNV,NYSE
PBNV,STOCK
PII,NYSE
PII,STOCK
MPW,NYSE
MPW,STOCK
NDMO,NYSE
NDMO,STOCK
PNC,NYSE
PNC,STOCK
SMBK,NYSE
SMBK,STOCK
NMCO,NYSE
NMCO,STOCK
PBDE,NYSE
PBDE,STOCK
RSMR,NYSE
RSMR,STOCK
VMI,NYSE
VMI,STOCK
STE,NYSE
STE,STOCK
SNOW,NYSE
SNOW,STOCK
USNG,NYSE
USNG,STOCK
PFO,NYSE
PFO,STOCK
NJR,NYSE
NJR,STOCK
UI,NYSE
UI,STOCK
MG,NYSE
MG,STOCK
TRTN_B,NYSE
TRTN_B,STOCK
MHY,NYSE
MHY,STOCK
MTRN,NYSE
MTRN,STOCK
SHAK,NYSE
SHAK,STOCK
WTS,NYSE
WTS,STOCK
RRC,NYSE
RRC,STOCK
WY,NYSE
WY,STOCK
SCDV,NYSE
SCDV,STOCK
PRKS,NYSE
PRKS,STOCK
STK,NYSE
STK,STOCK
MPV,NYSE
MPV,STOCK
VVR,NYSE
VVR,STOCK
TTAM,NYSE
TTAM,STOCK
R,NYSE
R,STOCK
SMAP,NYSE
SMAP,STOCK
SBAR,NYSE
SBAR,STOCK
QCOC,NYSE
QCOC,STOCK
OIS,NYSE
OIS,STOCK
NBR,NYSE
NBR,STOCK
MS_F,NYSE
MS_F,STOCK
UE,NYSE
UE,STOCK
TCAI,NYSE
TCAI,STOCK
OVV,NYSE
OVV,STOCK
SIXZ,NYSE
SIXZ,STOCK
ZETA,NYSE
ZETA,STOCK
SOXY,NYSE
SOXY,STOCK
TDW,NYSE
TDW,STOCK
PPT,NYSE
PPT,STOCK
TEL,NYSE
TEL,STOCK
MFA_C,NYSE
MFA_C,STOCK
SCHW,NYSE
SCHW,STOCK
RDN,NYSE
RDN,STOCK
NEE_T,NYSE
NEE_T,STOCK
VIPS,NYSE
VIPS,STOCK
WSO,NYSE
WSO,STOCK
PAXS,NYSE
PAXS,STOCK
PJT,NYSE
PJT,STOCK
MTW,NYSE
MTW,STOCK
RIO,NYSE
RIO,STOCK
SR,NYSE
SR,STOCK
WSR,NYSE
WSR,STOCK
TSI,NYSE
TSI,STOCK
XPO,NYSE
XPO,STOCK
REZI,NYSE
REZI,STOCK
XPER,NYSE
XPER,STOCK
THRO,NYSE
THRO,STOCK
PRU,NYSE
PRU,STOCK
SNTH,NYSE
SNTH,STOCK
TMH,NYSE
TMH,STOCK
PSO,NYSE
PSO,STOCK
UAA,NYSE
UAA,STOCK
RDW,NYSE
RDW,STOCK
WWW,NYSE
WWW,STOCK
ORI,NYSE
ORI,STOCK
PRT,NYSE
PRT,STOCK
SSL,NYSE
SSL,STOCK
NREF,NYSE
NREF,STOCK
PMT_C,NYSE
PMT_C,STOCK
MSA,NYSE
MSA,STOCK
SAFE,NYSE
SAFE,STOCK
SVV,NYSE
SVV,STOCK
PSTL,NYSE
PSTL,STOCK
SHO_I,NYSE
SHO_I,STOCK
NOTE-WS,NYSE
NOTE-WS,STOCK
MMS,NYSE
MMS,STOCK
PCG,NYSE
PCG,STOCK
TYG,NYSE
TYG,STOCK
PDT,NYSE
PDT,STOCK
RWT,NYSE
RWT,STOCK
SOJD,NYSE
SOJD,STOCK
SITC,NYSE
SITC,STOCK
SNN,NYSE
SNN,STOCK
TPH,NYSE
TPH,STOCK
SB,NYSE
SB,STOCK
SMHI,NYSE
SMHI,STOCK
NXUS,NYSE
NXUS,STOCK
TNGY,NYSE
TNGY,STOCK
PBF,NYSE
PBF,STOCK
SYSB,NYSE
SYSB,STOCK
USB_P,NYSE
USB_P,STOCK
MHO,NYSE
MHO,STOCK
TRTN_D,NYSE
TRTN_D,STOCK
RBLX,NYSE
RBLX,STOCK
TWO_B,NYSE
TWO_B,STOCK
MSD,NYSE
MSD,STOCK
VATE,NYSE
VATE,STOCK
OPP,NYSE
OPP,STOCK
MSTU,NYSE
MSTU,STOCK
STN,NYSE
STN,STOCK
ZIP,NYSE
ZIP,STOCK
MHK,NYSE
MHK,STOCK
NOG,NYSE
NOG,STOCK
THNR,NYSE
THNR,STOCK
UMC,NYSE
UMC,STOCK
TFC,NYSE
TFC,STOCK
WELL,NYSE
WELL,STOCK
RTRE,NYSE
RTRE,STOCK
STT_G,NYSE
STT_G,STOCK
T,NYSE
T,STOCK
VEEV,NYSE
VEEV,STOCK
NIO,NYSE
NIO,STOCK
RMCA,NYSE
RMCA,STOCK
UBER,NYSE
UBER,STOCK
SECR,NYSE
SECR,STOCK
NLY_F,NYSE
NLY_F,STOCK
MSM,NYSE
MSM,STOCK
MS_K,NYSE
MS_K,STOCK
RHLD,NYSE
RHLD,STOCK
UHAL-B,NYSE
UHAL-B,STOCK
TEVA,NYSE
TEVA,STOCK
TWOX,NYSE
TWOX,STOCK
SHEH,NYSE
SHEH,STOCK
RITM_D,NYSE
RITM_D,STOCK
PMFB,NYSE
PMFB,STOCK
VLLU,NYSE
VLLU,STOCK
NMM,NYSE
NMM,STOCK
VAL,NYSE
VAL,STOCK
TRN,NYSE
TRN,STOCK
WSM,NYSE
WSM,STOCK
MRSH,NYSE
MRSH,STOCK
SLG_I,NYSE
SLG_I,STOCK
TIPD,NYSE
TIPD,STOCK
TDG,NYSE
TDG,STOCK
VSTS,NYSE
VSTS,STOCK
WAT,NYSE
WAT,STOCK
MKL,NYSE
MKL,STOCK
PAM,NYSE
PAM,STOCK
PDX,NYSE
PDX,STOCK
PGRI,NYSE
PGRI,STOCK
NXE,NYSE
NXE,STOCK
YFFI,NYSE
YFFI,STOCK
RSG,NYSE
RSG,STOCK
NVDB,NYSE
NVDB,STOCK
PCF,NYSE
PCF,STOCK
SEPI,NYSE
SEPI,STOCK
NSCI,NYSE
NSCI,STOCK
VBF,NYSE
VBF,STOCK
PGZ,NYSE
PGZ,STOCK
WFC,NYSE
WFC,STOCK
RAMP,NYSE
RAMP,STOCK
SMOX,NYSE
SMOX,STOCK
RGEF,NYSE
RGEF,STOCK
MYE,NYSE
MYE,STOCK
STNG,NYSE
STNG,STOCK
THS,NYSE
THS,STOCK
VYLD,NYSE
VYLD,STOCK
PRVS,NYSE
PRVS,STOCK
TNC,NYSE
TNC,STOCK
RYAM,NYSE
RYAM,STOCK
RDDT,NYSE
RDDT,STOCK
SILA,NYSE
SILA,STOCK
PGR,NYSE
PGR,STOCK
VKQ,NYSE
VKQ,STOCK
TWN,NYSE
TWN,STOCK
WTID,NYSE
WTID,STOCK
SNV,NYSE
SNV,STOCK
NZF,NYSE
NZF,STOCK
TME,NYSE
TME,STOCK
SLVM,NYSE
SLVM,STOCK
NBXG,NYSE
NBXG,STOCK
TEN_F,NYSE
TEN_F,STOCK
VEXC,NYSE
VEXC,STOCK
OKLO,NYSE
OKLO,STOCK
TREX,NYSE
TREX,STOCK
RIOX,NYSE
RIOX,STOCK
UMH,NYSE
UMH,STOCK
MTB_J,NYSE
MTB_J,STOCK
OPFI-WS,NYSE
OPFI-WS,STOCK
NCLO,NYSE
NCLO,STOCK
PBJL,NYSE
PBJL,STOCK
VTP,NYSE
VTP,STOCK
ZH,NYSE
ZH,STOCK
PCR,NYSE
PCR,STOCK
OHI,NYSE
OHI,STOCK
MMM,NYSE
MMM,STOCK
U,NYSE
U,STOCK
NGVC,NYSE
NGVC,STOCK
NABL,NYSE
NABL,STOCK
WFC_L,NYSE
WFC_L,STOCK
SDRL,NYSE
SDRL,STOCK
MOV,NYSE
MOV,STOCK
RBA,NYSE
RBA,STOCK
TLK,NYSE
TLK,STOCK
NOVM,NYSE
NOVM,STOCK
SCI,NYSE
SCI,STOCK
NEA,NYSE
NEA,STOCK
SNAP,NYSE
SNAP,STOCK
PHG,NYSE
PHG,STOCK
TCV,NYSE
TCV,STOCK
OPP_A,NYSE
OPP_A,STOCK
SPE_C,NYSE
SPE_C,STOCK
PB,NYSE
PB,STOCK
PFE,NYSE
PFE,STOCK
NUS,NYSE
NUS,STOCK
SPGI,NYSE
SPGI,STOCK
XYZ,NYSE
XYZ,STOCK
MUC,NYSE
MUC,STOCK
PBOC,NYSE
PBOC,STOCK
TGLS,NYSE
TGLS,STOCK
USB_Q,NYSE
USB_Q,STOCK
PATH,NYSE
PATH,STOCK
NHYB,NYSE
NHYB,STOCK
TISI,NYSE
TISI,STOCK
SBIL,NYSE
SBIL,STOCK
XFLT,NYSE
XFLT,STOCK
OCTB,NYSE
OCTB,STOCK
URSP,NYSE
URSP,STOCK
NVBU,NYSE
NVBU,STOCK
UNF,NYSE
UNF,STOCK
PCN,NYSE
PCN,STOCK
RQI,NYSE
RQI,STOCK
TALO,NYSE
TALO,STOCK
SF_C,NYSE
SF_C,STOCK
MFA_B,NYSE
MFA_B,STOCK
NNOV,NYSE
NNOV,STOCK
MPL,NYSE
MPL,STOCK
NI,NYSE
NI,STOCK
MLPD,NYSE
MLPD,STOCK
WMS,NYSE
WMS,STOCK
SAP,NYSE
SAP,STOCK
TTE,NYSE
TTE,STOCK
WTIU,NYSE
WTIU,STOCK
TY_,NYSE
TY_,STOCK
PCI,NYSE
PCI,STOCK
NAT,NYSE
NAT,STOCK
SAH,NYSE
SAH,STOCK
MSB,NYSE
MSB,STOCK
RCL,NYSE
RCL,STOCK
PBT,NYSE
PBT,STOCK
MFM,NYSE
MFM,STOCK
QTPI,NYSE
QTPI,STOCK
ZDEK,NYSE
ZDEK,STOCK
RBUF,NYSE
RBUF,STOCK
PK,NYSE
PK,STOCK
VSH,NYSE
VSH,STOCK
TM,NYSE
TM,STOCK
MUFG,NYSE
MUFG,STOCK
SMAX,NYSE
SMAX,STOCK
ZKH,NYSE
ZKH,STOCK
WEEL,NYSE
WEEL,STOCK
PPL,NYSE
PPL,STOCK
RS,NYSE
RS,STOCK
RH,NYSE
RH,STOCK
XOEF,NYSE
XOEF,STOCK
SB_D,NYSE
SB_D,STOCK
NCZ,NYSE
NCZ,STOCK
SSK,NYSE
SSK,STOCK
MKC,NYSE
MKC,STOCK
PUK,NYSE
PUK,STOCK
RONB,NYSE
RONB,STOCK
MOH,NYSE
MOH,STOCK
XZO,NYSE
XZO,STOCK
NRDY,NYSE
NRDY,STOCK
OXY-WS,NYSE
OXY-WS,STOCK
QBUL,NYSE
QBUL,STOCK
TXT,NYSE
TXT,STOCK
UHS,NYSE
UHS,STOCK
SAT,NYSE
SAT,STOCK
USB_R,NYSE
USB_R,STOCK
PSA_L,NYSE
PSA_L,STOCK
QDVO,NYSE
QDVO,STOCK
PFD,NYSE
PFD,STOCK
SPB,NYSE
SPB,STOCK
STM,NYSE
STM,STOCK
NJNK,NYSE
NJNK,STOCK
MGM,NYSE
MGM,STOCK
TEO,NYSE
TEO,STOCK
RMM,NYSE
RMM,STOCK
RW,NYSE
RW,STOCK
TAK,NYSE
TAK,STOCK
MPC,NYSE
MPC,STOCK
SES-WS,NYSE
SES-WS,STOCK
NXC,NYSE
NXC,STOCK
OC,NYSE
OC,STOCK
RVT,NYSE
RVT,STOCK
XLCI,NYSE
XLCI,STOCK
MGF,NYSE
MGF,STOCK
RA,NYSE
RA,STOCK
SBS,NYSE
SBS,STOCK
STZ,NYSE
STZ,STOCK
SHCO,NYSE
SHCO,STOCK
SEPM,NYSE
SEPM,STOCK
SHO,NYSE
SHO,STOCK
MX,NYSE
MX,STOCK
PEB_G,NYSE
PEB_G,STOCK
TPVG,NYSE
TPVG,STOCK
SYF_A,NYSE
SYF_A,STOCK
TIPB,NYSE
TIPB,STOCK
WEAV,NYSE
WEAV,STOCK
MSC,NYSE
MSC,STOCK
URAA,NYSE
URAA,STOCK
UVV,NYSE
UVV,STOCK
TELFY,NYSE
TELFY,STOCK
XPOF,NYSE
XPOF,STOCK
TLYS,NYSE
TLYS,STOCK
WGO,NYSE
WGO,STOCK
RCB,NYSE
RCB,STOCK
MP,NYSE
MP,STOCK
TDOC,NYSE
TDOC,STOCK
NCLH,NYSE
NCLH,STOCK
TDY,NYSE
TDY,STOCK
PLD,NYSE
PLD,STOCK
WEX,NYSE
WEX,STOCK
MTUS,NYSE
MTUS,STOCK
TUYA,NYSE
TUYA,STOCK
NPB,NYSE
NPB,STOCK
THC,NYSE
THC,STOCK
PVEX,NYSE
PVEX,STOCK
RC_E,NYSE
RC_E,STOCK
OAKG,NYSE
OAKG,STOCK
NGL,NYSE
NGL,STOCK
SLQT,NYSE
SLQT,STOCK
ONEZ,NYSE
ONEZ,STOCK
XYF,NYSE
XYF,STOCK
SNA,NYSE
SNA,STOCK
ZNOV,NYSE
ZNOV,STOCK
PRGO,NYSE
PRGO,STOCK
SF,NYSE
SF,STOCK
PSFE,NYSE
PSFE,STOCK
WDI,NYSE
WDI,STOCK
MTB,NYSE
MTB,STOCK
SPOT,NYSE
SPOT,STOCK
PUMP,NYSE
PUMP,STOCK
NXN,NYSE
NXN,STOCK
SOLV,NYSE
SOLV,STOCK
ZCBG,NYSE
ZCBG,STOCK
TTC,NYSE
TTC,STOCK
RNTY,NYSE
RNTY,STOCK
MUNB,NYSE
MUNB,STOCK
NPKI,NYSE
NPKI,STOCK
STEW,NYSE
STEW,STOCK
RSSL,NYSE
RSSL,STOCK
SFB,NYSE
SFB,STOCK
WDTE,NYSE
WDTE,STOCK
NTST,NYSE
NTST,STOCK
PFL,NYSE
PFL,STOCK
SPBW,NYSE
SPBW,STOCK
SEPP,NYSE
SEPP,STOCK
PBH,NYSE
PBH,STOCK
SIXD,NYSE
SIXD,STOCK
SSTK,NYSE
SSTK,STOCK
SLON,NYSE
SLON,STOCK
TKO,NYSE
TKO,STOCK
STWD,NYSE
STWD,STOCK
WILD,NYSE
WILD,STOCK
PQNT,NYSE
PQNT,STOCK
SREA,NYSE
SREA,STOCK
RWTO,NYSE
RWTO,STOCK
ZTO,NYSE
ZTO,STOCK
BRSL,NYSE
BRSL,STOCK
CPSA,NYSE
CPSA,STOCK
FLG,NYSE
FLG,STOCK
JULU,NYSE
JULU,STOCK
AAM,NYSE
AAM,STOCK
JFLX,NYSE
JFLX,STOCK
CDE,NYSE
CDE,STOCK
CFG_E,NYSE
CFG_E,STOCK
DIAX,NYSE
DIAX,STOCK
EPC,NYSE
EPC,STOCK
MAIN,NYSE
MAIN,STOCK
IRS-WS,NYSE
IRS-WS,STOCK
MET_E,NYSE
MET_E,STOCK
CYH,NYSE
CYH,STOCK
AMTB,NYSE
AMTB,STOCK
AVAL,NYSE
AVAL,STOCK
DRAI,NYSE
DRAI,STOCK
GSOL,NYSE
GSOL,STOCK
JHI,NYSE
JHI,STOCK
LSPD,NYSE
LSPD,STOCK
FRT,NYSE
FRT,STOCK
GCTS-WS,NYSE
GCTS-WS,STOCK
CSNR,NYSE
CSNR,STOCK
DLNG_A,NYSE
DLNG_A,STOCK
EQBK,NYSE
EQBK,STOCK
APTV,NYSE
APTV,STOCK
CEPU,NYSE
CEPU,STOCK
BCSF,NYSE
BCSF,STOCK
DOCN,NYSE
DOCN,STOCK
ITOL,NYSE
ITOL,STOCK
BML_L,NYSE
BML_L,STOCK
APO_A,NYSE
APO_A,STOCK
HEQ,NYSE
HEQ,STOCK
ITUB,NYSE
ITUB,STOCK
GE,NYSE
GE,STOCK
FPH,NYSE
FPH,STOCK
EDN,NYSE
EDN,STOCK
GXPC,NYSE
GXPC,STOCK
INVN,NYSE
INVN,STOCK
BRIE,NYSE
BRIE,STOCK
GRBK_A,NYSE
GRBK_A,STOCK
DAVA,NYSE
DAVA,STOCK
IYRI,NYSE
IYRI,STOCK
LDRT,NYSE
LDRT,STOCK
DXIV,NYSE
DXIV,STOCK
JETD,NYSE
JETD,STOCK
EE,NYSE
EE,STOCK
EG,NYSE
EG,STOCK
AFGD,NYSE
AFGD,STOCK
F_D,NYSE
F_D,STOCK
BLUI,NYSE
BLUI,STOCK
GJT,NYSE
GJT,STOCK
CRI,NYSE
CRI,STOCK
BNJ,NYSE
BNJ,STOCK
GNL_D,NYSE
GNL_D,STOCK
BMA,NYSE
BMA,STOCK
FTI,NYSE
FTI,STOCK
MCN,NYSE
MCN,STOCK
ECC,NYSE
ECC,STOCK
ASGN,NYSE
ASGN,STOCK
DDD,NYSE
DDD,STOCK
BKFI,NYSE
BKFI,STOCK
BCGD,NYSE
BCGD,STOCK
FMCE,NYSE
FMCE,STOCK
BGSF,NYSE
BGSF,STOCK
ABBV,NYSE
ABBV,STOCK
GXIG,NYSE
GXIG,STOCK
KEX,NYSE
KEX,STOCK
DECK,NYSE
DECK,STOCK
ATR,NYSE
ATR,STOCK
ITDJ,NYSE
ITDJ,STOCK
GJR,NYSE
GJR,STOCK
CERY,NYSE
CERY,STOCK
GFL,NYSE
GFL,STOCK
MEG,NYSE
MEG,STOCK
CBRE,NYSE
CBRE,STOCK
AWI,NYSE
AWI,STOCK
CRBG,NYSE
CRBG,STOCK
BIPC,NYSE
BIPC,STOCK
ARX,NYSE
ARX,STOCK
MCS,NYSE
MCS,STOCK
CLOC,NYSE
CLOC,STOCK
FDP,NYSE
FDP,STOCK
GLW,NYSE
GLW,STOCK
BYD,NYSE
BYD,STOCK
JOF,NYSE
JOF,STOCK
ESS,NYSE
ESS,STOCK
FNV,NYSE
FNV,STOCK
KFRC,NYSE
KFRC,STOCK
AEFC,NYSE
AEFC,STOCK
BML_H,NYSE
BML_H,STOCK
GLOP_A,NYSE
GLOP_A,STOCK
GNE,NYSE
GNE,STOCK
CIO,NYSE
CIO,STOCK
BWNB,NYSE
BWNB,STOCK
BKD,NYSE
BKD,STOCK
LTTI,NYSE
LTTI,STOCK
BETA,NYSE
BETA,STOCK
EGY,NYSE
EGY,STOCK
GENW,NYSE
GENW,STOCK
DFIN,NYSE
DFIN,STOCK
EBUF,NYSE
EBUF,STOCK
IIM,NYSE
IIM,STOCK
GTLS,NYSE
GTLS,STOCK
FINS,NYSE
FINS,STOCK
MATV,NYSE
MATV,STOCK
LAR,NYSE
LAR,STOCK
EMBJ,NYSE
EMBJ,STOCK
LQTI,NYSE
LQTI,STOCK
CB,NYSE
CB,STOCK
APRB,NYSE
APRB,STOCK
CTRA,NYSE
CTRA,STOCK
GENM,NYSE
GENM,STOCK
JPM_D,NYSE
JPM_D,STOCK
CNMD,NYSE
CNMD,STOCK
MATX,NYSE
MATX,STOCK
DD,NYSE
DD,STOCK
ALLE,NYSE
ALLE,STOCK
IQI,NYSE
IQI,STOCK
CFR_B,NYSE
CFR_B,STOCK
ATH_B,NYSE
ATH_B,STOCK
EMA,NYSE
EMA,STOCK
ESNT,NYSE
ESNT,STOCK
ALG,NYSE
ALG,STOCK
HPF,NYSE
HPF,STOCK
BRCC,NYSE
BRCC,STOCK
ENJ,NYSE
ENJ,STOCK
ASMF,NYSE
ASMF,STOCK
BAC_N,NYSE
BAC_N,STOCK
ETHW,NYSE
ETHW,STOCK
EOS,NYSE
EOS,STOCK
MDT,NYSE
MDT,STOCK
GRC,NYSE
GRC,STOCK
CHPT,NYSE
CHPT,STOCK
CAIE,NYSE
CAIE,STOCK
LNN,NYSE
LNN,STOCK
CGGG,NYSE
CGGG,STOCK
CMBT,NYSE
CMBT,STOCK
GRMN,NYSE
GRMN,STOCK
BTCI,NYSE
BTCI,STOCK
GOOS,NYSE
GOOS,STOCK
DGOC,NYSE
DGOC,STOCK
GJS,NYSE
GJS,STOCK
AIT,NYSE
AIT,STOCK
ASA,NYSE
ASA,STOCK
BA_A,NYSE
BA_A,STOCK
BH,NYSE
BH,STOCK
HFRO_A,NYSE
HFRO_A,STOCK
COF_N,NYSE
COF_N,STOCK
ELPC,NYSE
ELPC,STOCK
CPSJ,NYSE
CPSJ,STOCK
MEGI,NYSE
MEGI,STOCK
AFG,NYSE
AFG,STOCK
AUAU,NYSE
AUAU,STOCK
IGA,NYSE
IGA,STOCK
CATF,NYSE
CATF,STOCK
EMOP,NYSE
EMOP,STOCK
BIP_B,NYSE
BIP_B,STOCK
AL,NYSE
AL,STOCK
BABO,NYSE
BABO,STOCK
COTY,NYSE
COTY,STOCK
CTBB,NYSE
CTBB,STOCK
CSW,NYSE
CSW,STOCK
FNB,NYSE
FNB,STOCK
HMY,NYSE
HMY,STOCK
MDU,NYSE
MDU,STOCK
JANM,NYSE
JANM,STOCK
CIM_A,NYSE
CIM_A,STOCK
KR,NYSE
KR,STOCK
CSIO,NYSE
CSIO,STOCK
AEG,NYSE
AEG,STOCK
ESLG,NYSE
ESLG,STOCK
HOMB,NYSE
HOMB,STOCK
BXSL,NYSE
BXSL,STOCK
CRL,NYSE
CRL,STOCK
DDS,NYSE
DDS,STOCK
AEXA,NYSE
AEXA,STOCK
GEO,NYSE
GEO,STOCK
MARO,NYSE
MARO,STOCK
DLX,NYSE
DLX,STOCK
ALL_H,NYSE
ALL_H,STOCK
BRO,NYSE
BRO,STOCK
FSCC,NYSE
FSCC,STOCK
BE,NYSE
BE,STOCK
CBU,NYSE
CBU,STOCK
CII,NYSE
CII,STOCK
HQH,NYSE
HQH,STOCK
CCJ,NYSE
CCJ,STOCK
LADR,NYSE
LADR,STOCK
KNOV,NYSE
KNOV,STOCK
COIA,NYSE
COIA,STOCK
JLS,NYSE
JLS,STOCK
FFOX,NYSE
FFOX,STOCK
CI,NYSE
CI,STOCK
BHC,NYSE
BHC,STOCK
BINT,NYSE
BINT,STOCK
AHH_A,NYSE
AHH_A,STOCK
BEPC,NYSE
BEPC,STOCK
LIFT,NYSE
LIFT,STOCK
ENVA,NYSE
ENVA,STOCK
BCHI,NYSE
BCHI,STOCK
IX,NYSE
IX,STOCK
FCN,NYSE
FCN,STOCK
IMRA,NYSE
IMRA,STOCK
EOD,NYSE
EOD,STOCK
IAUG,NYSE
IAUG,STOCK
HSBC,NYSE
HSBC,STOCK
CLX,NYSE
CLX,STOCK
ALX,NYSE
ALX,STOCK
EQH,NYSE
EQH,STOCK
CCS,NYSE
CCS,STOCK
GDL,NYSE
GDL,STOCK
IVES,NYSE
IVES,STOCK
IRT,NYSE
IRT,STOCK
EPRT,NYSE
EPRT,STOCK
KDEF,NYSE
KDEF,STOCK
DSX,NYSE
DSX,STOCK
GLIX,NYSE
GLIX,STOCK
AQLT,NYSE
AQLT,STOCK
CVNY,NYSE
CVNY,STOCK
BCH,NYSE
BCH,STOCK
CPSY,NYSE
CPSY,STOCK
LUCK,NYSE
LUCK,STOCK
CRGY,NYSE
CRGY,STOCK
EUHY,NYSE
EUHY,STOCK
ABT,NYSE
ABT,STOCK
BRT,NYSE
BRT,STOCK
CPNS,NYSE
CPNS,STOCK
CLDT_A,NYSE
CLDT_A,STOCK
LDP,NYSE
LDP,STOCK
CHMI,NYSE
CHMI,STOCK
EIG,NYSE
EIG,STOCK
CCO,NYSE
CCO,STOCK
FTV,NYSE
FTV,STOCK
CLF,NYSE
CLF,STOCK
LITB,NYSE
LITB,STOCK
CPNQ,NYSE
CPNQ,STOCK
BJ,NYSE
BJ,STOCK
CAAP,NYSE
CAAP,STOCK
CARS,NYSE
CARS,STOCK
BTOT,NYSE
BTOT,STOCK
AI,NYSE
AI,STOCK
CLB,NYSE
CLB,STOCK
APAM,NYSE
APAM,STOCK
GWRE,NYSE
GWRE,STOCK
HSHP,NYSE
HSHP,STOCK
CICB,NYSE
CICB,STOCK
CNH,NYSE
CNH,STOCK
FE,NYSE
FE,STOCK
ALH,NYSE
ALH,STOCK
GOTU,NYSE
GOTU,STOCK
KVYO,NYSE
KVYO,STOCK
LYB,NYSE
LYB,STOCK
BGH,NYSE
BGH,STOCK
EXK,NYSE
EXK,STOCK
HRL,NYSE
HRL,STOCK
ELC,NYSE
ELC,STOCK
AGM,NYSE
AGM,STOCK
AVA,NYSE
AVA,STOCK
EZET,NYSE
EZET,STOCK
BAC_P,NYSE
BAC_P,STOCK
ECC_D,NYSE
ECC_D,STOCK
MAXJ,NYSE
MAXJ,STOCK
BCOR,NYSE
BCOR,STOCK
DTG,NYSE
DTG,STOCK
ATEN,NYSE
ATEN,STOCK
HP,NYSE
HP,STOCK
IROC,NYSE
IROC,STOCK
GL_D,NYSE
GL_D,STOCK
AER,NYSE
AER,STOCK
CNP,NYSE
CNP,STOCK
ASR,NYSE
ASR,STOCK
GNRC,NYSE
GNRC,STOCK
JPM_J,NYSE
JPM_J,STOCK
CRCL,NYSE
CRCL,STOCK
ARDT,NYSE
ARDT,STOCK
BMO,NYSE
BMO,STOCK
DLR_K,NYSE
DLR_K,STOCK
AAM-WS,NYSE
AAM-WS,STOCK
GDV_K,NYSE
GDV_K,STOCK
CHT,NYSE
CHT,STOCK
INSP,NYSE
INSP,STOCK
ARES,NYSE
ARES,STOCK
COPY,NYSE
COPY,STOCK
AGM-A,NYSE
AGM-A,STOCK
DHX,NYSE
DHX,STOCK
FERG,NYSE
FERG,STOCK
ITWO,NYSE
ITWO,STOCK
IR,NYSE
IR,STOCK
CPSF,NYSE
CPSF,STOCK
CGNG,NYSE
CGNG,STOCK
LDRC,NYSE
LDRC,STOCK
MEI,NYSE
MEI,STOCK
EOG,NYSE
EOG,STOCK
CHMI_A,NYSE
CHMI_A,STOCK
FMX,NYSE
FMX,STOCK
ABFL,NYSE
ABFL,STOCK
HVT-A,NYSE
HVT-A,STOCK
CXE,NYSE
CXE,STOCK
CUK,NYSE
CUK,STOCK
CFG_H,NYSE
CFG_H,STOCK
APD,NYSE
APD,STOCK
FBDC,NYSE
FBDC,STOCK
BV,NYSE
BV,STOCK
AGI,NYSE
AGI,STOCK
GLP_B,NYSE
GLP_B,STOCK
GSK,NYSE
GSK,STOCK
GWW,NYSE
GWW,STOCK
HL_B,NYSE
HL_B,STOCK
CVS,NYSE
CVS,STOCK
BLGR,NYSE
BLGR,STOCK
FN,NYSE
FN,STOCK
HWM,NYSE
HWM,STOCK
GFF,NYSE
GFF,STOCK
LU,NYSE
LU,STOCK
CIB,NYSE
CIB,STOCK
CYD,NYSE
CYD,STOCK
EBIT,NYSE
EBIT,STOCK
AZZ,NYSE
AZZ,STOCK
ACP_A,NYSE
ACP_A,STOCK
CRS,NYSE
CRS,STOCK
ARMH,NYSE
ARMH,STOCK
GUT,NYSE
GUT,STOCK
AORT,NYSE
AORT,STOCK
EVG,NYSE
EVG,STOCK
FINV,NYSE
FINV,STOCK
ALEX,NYSE
ALEX,STOCK
EHC,NYSE
EHC,STOCK
AOMR,NYSE
AOMR,STOCK
CNF,NYSE
CNF,STOCK
BFK,NYSE
BFK,STOCK
LJUL,NYSE
LJUL,STOCK
LENS,NYSE
LENS,STOCK
EVF,NYSE
EVF,STOCK
CSPF,NYSE
CSPF,STOCK
GNL,NYSE
GNL,STOCK
BC_C,NYSE
BC_C,STOCK
ALUR,NYSE
ALUR,STOCK
CDR_B,NYSE
CDR_B,STOCK
KOF,NYSE
KOF,STOCK
BAC_L,NYSE
BAC_L,STOCK
BLTD,NYSE
BLTD,STOCK
LUXE,NYSE
LUXE,STOCK
CMRE,NYSE
CMRE,STOCK
LPRE,NYSE
LPRE,STOCK
GDV_H,NYSE
GDV_H,STOCK
GWH,NYSE
GWH,STOCK
KODK,NYSE
KODK,STOCK
MBC,NYSE
MBC,STOCK
JPM_C,NYSE
JPM_C,STOCK
HEDG,NYSE
HEDG,STOCK
KOS,NYSE
KOS,STOCK
BHR_B,NYSE
BHR_B,STOCK
CVX,NYSE
CVX,STOCK
GETY,NYSE
GETY,STOCK
LDOS,NYSE
LDOS,STOCK
BOXA,NYSE
BOXA,STOCK
GBND,NYSE
GBND,STOCK
KVUE,NYSE
KVUE,STOCK
BDN,NYSE
BDN,STOCK
FFEM,NYSE
FFEM,STOCK
BNED,NYSE
BNED,STOCK
EAI,NYSE
EAI,STOCK
BURL,NYSE
BURL,STOCK
CTOS,NYSE
CTOS,STOCK
KIM_N,NYSE
KIM_N,STOCK
BOH_A,NYSE
BOH_A,STOCK
BSOL,NYSE
BSOL,STOCK
BFAP,NYSE
BFAP,STOCK
EOT,NYSE
EOT,STOCK
HYAC,NYSE
HYAC,STOCK
CNO_A,NYSE
CNO_A,STOCK
APLE,NYSE
APLE,STOCK
BLUC,NYSE
BLUC,STOCK
B,NYSE
B,STOCK
ACR,NYSE
ACR,STOCK
LNOK,NYSE
LNOK,STOCK
CVNA,NYSE
CVNA,STOCK
JMMF,NYSE
JMMF,STOCK
CIM_C,NYSE
CIM_C,STOCK
IAG,NYSE
IAG,STOCK
ETHT,NYSE
ETHT,STOCK
CBT,NYSE
CBT,STOCK
CM,NYSE
CM,STOCK
MAA,NYSE
MAA,STOCK
GJH,NYSE
GJH,STOCK
CEE,NYSE
CEE,STOCK
BAI,NYSE
BAI,STOCK
HOOY,NYSE
HOOY,STOCK
ETN,NYSE
ETN,STOCK
ADX,NYSE
ADX,STOCK
ERO,NYSE
ERO,STOCK
GNL_A,NYSE
GNL_A,STOCK
HGTY,NYSE
HGTY,STOCK
KBH,NYSE
KBH,STOCK
DEA,NYSE
DEA,STOCK
EPD,NYSE
EPD,STOCK
GIL,NYSE
GIL,STOCK
HLX,NYSE
HLX,STOCK
KOP,NYSE
KOP,STOCK
IMAY,NYSE
IMAY,STOCK
HI,NYSE
HI,STOCK
GATX,NYSE
GATX,STOCK
CTO_A,NYSE
CTO_A,STOCK
JBTM,NYSE
JBTM,STOCK
GGB,NYSE
GGB,STOCK
BF-B,NYSE
BF-B,STOCK
DEC,NYSE
DEC,STOCK
GTOC,NYSE
GTOC,STOCK
ETQ,NYSE
ETQ,STOCK
AKRE,NYSE
AKRE,STOCK
ADNT,NYSE
ADNT,STOCK
BCAT,NYSE
BCAT,STOCK
ECCX,NYSE
ECCX,STOCK
CION,NYSE
CION,STOCK
EDGF,NYSE
EDGF,STOCK
ALTG,NYSE
ALTG,STOCK
CARR,NYSE
CARR,STOCK
DSX-WS,NYSE
DSX-WS,STOCK
ARCO,NYSE
ARCO,STOCK
BGDV,NYSE
BGDV,STOCK
CDRE,NYSE
CDRE,STOCK
MAA_I,NYSE
MAA_I,STOCK
AMZW,NYSE
AMZW,STOCK
BANC,NYSE
BANC,STOCK
HECA,NYSE
HECA,STOCK
GAUD,NYSE
GAUD,STOCK
LOW,NYSE
LOW,STOCK
IBM,NYSE
IBM,STOCK
FET,NYSE
FET,STOCK
DUKB,NYSE
DUKB,STOCK
MAYP,NYSE
MAYP,STOCK
MAGC,NYSE
MAGC,STOCK
CGVV,NYSE
CGVV,STOCK
FAF,NYSE
FAF,STOCK
ARW,NYSE
ARW,STOCK
BEN,NYSE
BEN,STOCK
FTCE,NYSE
FTCE,STOCK
CE,NYSE
CE,STOCK
GLP,NYSE
GLP,STOCK
HR,NYSE
HR,STOCK
AS,NYSE
AS,STOCK
BHK,NYSE
BHK,STOCK
IFS,NYSE
IFS,STOCK
CFR,NYSE
CFR,STOCK
CBXJ,NYSE
CBXJ,STOCK
AUSM,NYSE
AUSM,STOCK
BGX,NYSE
BGX,STOCK
AMPX,NYSE
AMPX,STOCK
GNW,NYSE
GNW,STOCK
HPE,NYSE
HPE,STOCK
CNQ,NYSE
CNQ,STOCK
ABLD,NYSE
ABLD,STOCK
GDLC,NYSE
GDLC,STOCK
FEMR,NYSE
FEMR,STOCK
INVX,NYSE
INVX,STOCK
HLT,NYSE
HLT,STOCK
LODI,NYSE
LODI,STOCK
HLIO,NYSE
HLIO,STOCK
COP,NYSE
COP,STOCK
EPAM,NYSE
EPAM,STOCK
DCI,NYSE
DCI,STOCK
JCI,NYSE
JCI,STOCK
BRW,NYSE
BRW,STOCK
GARP,NYSE
GARP,STOCK
FCPT,NYSE
FCPT,STOCK
DRES,NYSE
DRES,STOCK
LOCL,NYSE
LOCL,STOCK
AMPX-WS,NYSE
AMPX-WS,STOCK
IRS,NYSE
IRS,STOCK
CHE,NYSE
CHE,STOCK
CAS,NYSE
CAS,STOCK
EFC_D,NYSE
EFC_D,STOCK
DAR,NYSE
DAR,STOCK
FAI,NYSE
FAI,STOCK
AXR,NYSE
AXR,STOCK
CTEV,NYSE
CTEV,STOCK
ICPI,NYSE
ICPI,STOCK
KNSL,NYSE
KNSL,STOCK
GSBD,NYSE
GSBD,STOCK
ETHD,NYSE
ETHD,STOCK
AGIQ,NYSE
AGIQ,STOCK
AJUL,NYSE
AJUL,STOCK
AXTA,NYSE
AXTA,STOCK
DHR,NYSE
DHR,STOCK
LFT_A,NYSE
LFT_A,STOCK
COLO,NYSE
COLO,STOCK
KNO,NYSE
KNO,STOCK
AGO,NYSE
AGO,STOCK
HIYY,NYSE
HIYY,STOCK
BLD,NYSE
BLD,STOCK
ETX,NYSE
ETX,STOCK
BN,NYSE
BN,STOCK
BNDY,NYSE
BNDY,STOCK
JHG,NYSE
JHG,STOCK
DMAX,NYSE
DMAX,STOCK
MET,NYSE
MET,STOCK
F,NYSE
F,STOCK
AVBC,NYSE
AVBC,STOCK
AVB,NYSE
AVB,STOCK
KGLD,NYSE
KGLD,STOCK
DKS,NYSE
DKS,STOCK
GBAB,NYSE
GBAB,STOCK
JHCR,NYSE
JHCR,STOCK
FBIN,NYSE
FBIN,STOCK
ILS,NYSE
ILS,STOCK
GGT_E,NYSE
GGT_E,STOCK
CMS_C,NYSE
CMS_C,STOCK
FLUT,NYSE
FLUT,STOCK
LTH,NYSE
LTH,STOCK
CORX,NYSE
CORX,STOCK
GPN,NYSE
GPN,STOCK
AGX,NYSE
AGX,STOCK
FLCV,NYSE
FLCV,STOCK
GAEM,NYSE
GAEM,STOCK
IMST,NYSE
IMST,STOCK
HAE,NYSE
HAE,STOCK
AXIA,NYSE
AXIA,STOCK
LIAM,NYSE
LIAM,STOCK
GEV,NYSE
GEV,STOCK
FSS,NYSE
FSS,STOCK
CMSC,NYSE
CMSC,STOCK
FGSN,NYSE
FGSN,STOCK
IONQ,NYSE
IONQ,STOCK
AR,NYSE
AR,STOCK
CPST,NYSE
CPST,STOCK
AHT_D,NYSE
AHT_D,STOCK
BIPH,NYSE
BIPH,STOCK
BMN,NYSE
BMN,STOCK
JMIA,NYSE
JMIA,STOCK
CR,NYSE
CR,STOCK
FENG,NYSE
FENG,STOCK
CHOW,NYSE
CHOW,STOCK
BFS_D,NYSE
BFS_D,STOCK
BTU,NYSE
BTU,STOCK
ACV,NYSE
ACV,STOCK
HYBX,NYSE
HYBX,STOCK
GUT_C,NYSE
GUT_C,STOCK
FFWM,NYSE
FFWM,STOCK
MADE,NYSE
MADE,STOCK
CIM_D,NYSE
CIM_D,STOCK
AX,NYSE
AX,STOCK
CPXR,NYSE
CPXR,STOCK
AFGC,NYSE
AFGC,STOCK
CAFX,NYSE
CAFX,STOCK
CMSA,NYSE
CMSA,STOCK
CTRE,NYSE
CTRE,STOCK
LZM-WS,NYSE
LZM-WS,STOCK
GCO,NYSE
GCO,STOCK
DX,NYSE
DX,STOCK
BANC_F,NYSE
BANC_F,STOCK
LLDR,NYSE
LLDR,STOCK
LMUB,NYSE
LMUB,STOCK
GTY,NYSE
GTY,STOCK
GWH-WS,NYSE
GWH-WS,STOCK
JPM_M,NYSE
JPM_M,STOCK
CSAN,NYSE
CSAN,STOCK
CLCO,NYSE
CLCO,STOCK
JABS,NYSE
JABS,STOCK
KW,NYSE
KW,STOCK
MED,NYSE
MED,STOCK
ASC,NYSE
ASC,STOCK
BFS,NYSE
BFS,STOCK
KEN,NYSE
KEN,STOCK
ADC,NYSE
ADC,STOCK
GIC,NYSE
GIC,STOCK
CMS,NYSE
CMS,STOCK
BHR_D,NYSE
BHR_D,STOCK
BGY,NYSE
BGY,STOCK
BSX,NYSE
BSX,STOCK
MBI,NYSE
MBI,STOCK
AG,NYSE
AG,STOCK
DAO,NYSE
DAO,STOCK
IQV,NYSE
IQV,STOCK
FLOC,NYSE
FLOC,STOCK
L,NYSE
L,STOCK
HIG,NYSE
HIG,STOCK
LRGG,NYSE
LRGG,STOCK
DFH,NYSE
DFH,STOCK
ALL_B,NYSE
ALL_B,STOCK
BAC,NYSE
BAC,STOCK
ASBA,NYSE
ASBA,STOCK
FIX,NYSE
FIX,STOCK
AFGB,NYSE
AFGB,STOCK
FEAC,NYSE
FEAC,STOCK
LMND,NYSE
LMND,STOCK
CDLR,NYSE
CDLR,STOCK
DUK_A,NYSE
DUK_A,STOCK
BILL,NYSE
BILL,STOCK
AMJB,NYSE
AMJB,STOCK
EPAC,NYSE
EPAC,STOCK
EMO,NYSE
EMO,STOCK
BRK-A,NYSE
BRK-A,STOCK
BIPJ,NYSE
BIPJ,STOCK
BML_G,NYSE
BML_G,STOCK
COF_J,NYSE
COF_J,STOCK
COR,NYSE
COR,STOCK
CHGG,NYSE
CHGG,STOCK
EVTL,NYSE
EVTL,STOCK
AA,NYSE
AA,STOCK
CTVA,NYSE
CTVA,STOCK
BLX,NYSE
BLX,STOCK
EP_C,NYSE
EP_C,STOCK
AHH,NYSE
AHH,STOCK
AFB,NYSE
AFB,STOCK
ASB_E,NYSE
ASB_E,STOCK
ETY,NYSE
ETY,STOCK
LIMI,NYSE
LIMI,STOCK
BDC,NYSE
BDC,STOCK
CPSO,NYSE
CPSO,STOCK
HAFN,NYSE
HAFN,STOCK
AMRZ,NYSE
AMRZ,STOCK
DHI,NYSE
DHI,STOCK
DSL,NYSE
DSL,STOCK
LDDR,NYSE
LDDR,STOCK
FARX,NYSE
FARX,STOCK
MAN,NYSE
MAN,STOCK
DLR,NYSE
DLR,STOCK
ATH_A,NYSE
ATH_A,STOCK
GXPD,NYSE
GXPD,STOCK
BY,NYSE
BY,STOCK
ASGI,NYSE
ASGI,STOCK
BAC_E,NYSE
BAC_E,STOCK
KKR,NYSE
KKR,STOCK
LUMN,NYSE
LUMN,STOCK
FSCO,NYSE
FSCO,STOCK
FCRX,NYSE
FCRX,STOCK
MCD,NYSE
MCD,STOCK
KTH,NYSE
KTH,STOCK
CPRJ,NYSE
CPRJ,STOCK
HLI,NYSE
HLI,STOCK
HPI,NYSE
HPI,STOCK
BNL,NYSE
BNL,STOCK
BKT,NYSE
BKT,STOCK
BBAR,NYSE
BBAR,STOCK
ESI,NYSE
ESI,STOCK
BIP_A,NYSE
BIP_A,STOCK
GDXY,NYSE
GDXY,STOCK
CMRE_C,NYSE
CMRE_C,STOCK
CGMM,NYSE
CGMM,STOCK
BAC_Q,NYSE
BAC_Q,STOCK
BDJ,NYSE
BDJ,STOCK
ABR_E,NYSE
ABR_E,STOCK
BUD,NYSE
BUD,STOCK
CNA,NYSE
CNA,STOCK
MANU,NYSE
MANU,STOCK
CWT,NYSE
CWT,STOCK
CINT,NYSE
CINT,STOCK
ET_I,NYSE
ET_I,STOCK
JNJ,NYSE
JNJ,STOCK
CNNE,NYSE
CNNE,STOCK
FINT,NYSE
FINT,STOCK
AHT,NYSE
AHT,STOCK
GTN,NYSE
GTN,STOCK
CTWO,NYSE
CTWO,STOCK
BSBR,NYSE
BSBR,STOCK
CAL,NYSE
CAL,STOCK
CLDT,NYSE
CLDT,STOCK
EW,NYSE
EW,STOCK
FOXY,NYSE
FOXY,STOCK
LYG,NYSE
LYG,STOCK
DUNK,NYSE
DUNK,STOCK
ECCC,NYSE
ECCC,STOCK
AESI,NYSE
AESI,STOCK
AKR,NYSE
AKR,STOCK
DOW,NYSE
DOW,STOCK
MA,NYSE
MA,STOCK
AGM_E,NYSE
AGM_E,STOCK
BTI,NYSE
BTI,STOCK
FOR,NYSE
FOR,STOCK
BRK-B,NYSE
BRK-B,STOCK
JPM_K,NYSE
JPM_K,STOCK
AGM_D,NYSE
AGM_D,STOCK
GQGU,NYSE
GQGU,STOCK
CMG,NYSE
CMG,STOCK
CAT,NYSE
CAT,STOCK
INCE,NYSE
INCE,STOCK
IHS,NYSE
IHS,STOCK
HAL,NYSE
HAL,STOCK
ATO,NYSE
ATO,STOCK
BLND,NYSE
BLND,STOCK
AAP,NYSE
AAP,STOCK
GPZ,NYSE
GPZ,STOCK
CXH,NYSE
CXH,STOCK
BLSH,NYSE
BLSH,STOCK
FBP,NYSE
FBP,STOCK
ADT,NYSE
ADT,STOCK
AMC,NYSE
AMC,STOCK
FIS,NYSE
FIS,STOCK
GMOD,NYSE
GMOD,STOCK
JELD,NYSE
JELD,STOCK
CIM_B,NYSE
CIM_B,STOCK
KCAI,NYSE
KCAI,STOCK
AHT_G,NYSE
AHT_G,STOCK
CGAU,NYSE
CGAU,STOCK
EGGS,NYSE
EGGS,STOCK
LXU,NYSE
LXU,STOCK
BMY,NYSE
BMY,STOCK
HOUS,NYSE
HOUS,STOCK
CX,NYSE
CX,STOCK
BORR,NYSE
BORR,STOCK
FMC,NYSE
FMC,STOCK
G,NYSE
G,STOCK
DUKQ,NYSE
DUKQ,STOCK
BMEZ,NYSE
BMEZ,STOCK
COF_K,NYSE
COF_K,STOCK
ALTG_A,NYSE
ALTG_A,STOCK
ALV,NYSE
ALV,STOCK
BXMT,NYSE
BXMT,STOCK
BALL,NYSE
BALL,STOCK
GBTG,NYSE
GBTG,STOCK
CUZ,NYSE
CUZ,STOCK
FLAG,NYSE
FLAG,STOCK
GGT,NYSE
GGT,STOCK
ABXB,NYSE
ABXB,STOCK
FUL,NYSE
FUL,STOCK
AP,NYSE
AP,STOCK
ITGR,NYSE
ITGR,STOCK
MCR,NYSE
MCR,STOCK
GLOB,NYSE
GLOB,STOCK
IH,NYSE
IH,STOCK
FTMH,NYSE
FTMH,STOCK
KT,NYSE
KT,STOCK
AMT,NYSE
AMT,STOCK
BDIV,NYSE
BDIV,STOCK
JULP,NYSE
JULP,STOCK
FRIZ,NYSE
FRIZ,STOCK
KDEC,NYSE
KDEC,STOCK
ENOV,NYSE
ENOV,STOCK
EMP,NYSE
EMP,STOCK
GS,NYSE
GS,STOCK
LNGX,NYSE
LNGX,STOCK
BCKT,NYSE
BCKT,STOCK
KFEB,NYSE
KFEB,STOCK
JULM,NYSE
JULM,STOCK
BRBR,NYSE
BRBR,STOCK
GNT_A,NYSE
GNT_A,STOCK
BUFY,NYSE
BUFY,STOCK
BNS,NYSE
BNS,STOCK
BOOT,NYSE
BOOT,STOCK
IBDZ,NYSE
IBDZ,STOCK
DE,NYSE
DE,STOCK
JPC,NYSE
JPC,STOCK
EIX,NYSE
EIX,STOCK
AYI,NYSE
AYI,STOCK
AREA,NYSE
AREA,STOCK
ESTC,NYSE
ESTC,STOCK
ATMU,NYSE
ATMU,STOCK
GRX,NYSE
GRX,STOCK
FPWR,NYSE
FPWR,STOCK
CIG,NYSE
CIG,STOCK
FRGE,NYSE
FRGE,STOCK
INR,NYSE
INR,STOCK
IBIK,NYSE
IBIK,STOCK
CWAN,NYSE
CWAN,STOCK
ISD,NYSE
ISD,STOCK
GTOS,NYSE
GTOS,STOCK
CPSU,NYSE
CPSU,STOCK
FCF,NYSE
FCF,STOCK
CNI,NYSE
CNI,STOCK
AMBQ,NYSE
AMBQ,STOCK
DBRG,NYSE
DBRG,STOCK
CALY,NYSE
CALY,STOCK
BW_A,NYSE
BW_A,STOCK
EMN,NYSE
EMN,STOCK
GPC,NYSE
GPC,STOCK
CFND,NYSE
CFND,STOCK
ALUB,NYSE
ALUB,STOCK
DAL,NYSE
DAL,STOCK
ELF,NYSE
ELF,STOCK
HCXY,NYSE
HCXY,STOCK
EME,NYSE
EME,STOCK
AAAC,NYSE
AAAC,STOCK
GLBL,NYSE
GLBL,STOCK
EMR,NYSE
EMR,STOCK
GIGL,NYSE
GIGL,STOCK
APH,NYSE
APH,STOCK
KWR,NYSE
KWR,STOCK
GRP-U,NYSE
GRP-U,STOCK
CGUI,NYSE
CGUI,STOCK
KGC,NYSE
KGC,STOCK
FUN,NYSE
FUN,STOCK
DSU,NYSE
DSU,STOCK
AUB,NYSE
AUB,STOCK
EUAD,NYSE
EUAD,STOCK
LGDX,NYSE
LGDX,STOCK
JMTG,NYSE
JMTG,STOCK
GD,NYSE
GD,STOCK
CODI_B,NYSE
CODI_B,STOCK
LEVI,NYSE
LEVI,STOCK
ACCO,NYSE
ACCO,STOCK
ICR_A,NYSE
ICR_A,STOCK
FLXR,NYSE
FLXR,STOCK
HIMS,NYSE
HIMS,STOCK
EMPB,NYSE
EMPB,STOCK
DOC,NYSE
DOC,STOCK
GAM,NYSE
GAM,STOCK
CW,NYSE
CW,STOCK
KLC,NYSE
KLC,STOCK
DLB,NYSE
DLB,STOCK
CLVT,NYSE
CLVT,STOCK
LII,NYSE
LII,STOCK
BNH,NYSE
BNH,STOCK
FLYU,NYSE
FLYU,STOCK
GNT,NYSE
GNT,STOCK
GTN-A,NYSE
GTN-A,STOCK
DT,NYSE
DT,STOCK
BWMX,NYSE
BWMX,STOCK
EQH_C,NYSE
EQH_C,STOCK
BFZ,NYSE
BFZ,STOCK
BLST,NYSE
BLST,STOCK
CMCM,NYSE
CMCM,STOCK
HIX,NYSE
HIX,STOCK
GRNT,NYSE
GRNT,STOCK
ACLC,NYSE
ACLC,STOCK
CPNJ,NYSE
CPNJ,STOCK
DQ,NYSE
DQ,STOCK
CTS,NYSE
CTS,STOCK
GTES,NYSE
GTES,STOCK
ASH,NYSE
ASH,STOCK
GMED,NYSE
GMED,STOCK
ACGR,NYSE
ACGR,STOCK
BBAI,NYSE
BBAI,STOCK
DAC,NYSE
DAC,STOCK
JEMB,NYSE
JEMB,STOCK
GNK,NYSE
GNK,STOCK
JEF,NYSE
JEF,STOCK
HE,NYSE
HE,STOCK
GNL_E,NYSE
GNL_E,STOCK
EDU,NYSE
EDU,STOCK
MCB,NYSE
MCB,STOCK
AIZ,NYSE
AIZ,STOCK
IOT,NYSE
IOT,STOCK
CLCG,NYSE
CLCG,STOCK
LDRI,NYSE
LDRI,STOCK
AMX,NYSE
AMX,STOCK
CNR,NYSE
CNR,STOCK
CAH,NYSE
CAH,STOCK
AIG,NYSE
AIG,STOCK
JACS,NYSE
JACS,STOCK
LMT,NYSE
LMT,STOCK
CORD,NYSE
CORD,STOCK
AMH,NYSE
AMH,STOCK
BBW,NYSE
BBW,STOCK
ACR_D,NYSE
ACR_D,STOCK
KRC,NYSE
KRC,STOCK
GGG,NYSE
GGG,STOCK
BFS_E,NYSE
BFS_E,STOCK
AUGM,NYSE
AUGM,STOCK
AIO,NYSE
AIO,STOCK
FEDU,NYSE
FEDU,STOCK
BGT,NYSE
BGT,STOCK
LFAI,NYSE
LFAI,STOCK
CIO_A,NYSE
CIO_A,STOCK
LGI,NYSE
LGI,STOCK
GHG,NYSE
GHG,STOCK
GUMI,NYSE
GUMI,STOCK
EL,NYSE
EL,STOCK
JETU,NYSE
JETU,STOCK
GUG,NYSE
GUG,STOCK
LST,NYSE
LST,STOCK
FHI,NYSE
FHI,STOCK
INVH,NYSE
INVH,STOCK
AIS,NYSE
AIS,STOCK
GBCI,NYSE
GBCI,STOCK
EQH_A,NYSE
EQH_A,STOCK
EIIA,NYSE
EIIA,STOCK
GM,NYSE
GM,STOCK
DELL,NYSE
DELL,STOCK
BLK,NYSE
BLK,STOCK
APG,NYSE
APG,STOCK
CADE_A,NYSE
CADE_A,STOCK
ESBA,NYSE
ESBA,STOCK
FGSM,NYSE
FGSM,STOCK
IGME,NYSE
IGME,STOCK
GRND,NYSE
GRND,STOCK
COSO,NYSE
COSO,STOCK
BTCL,NYSE
BTCL,STOCK
KN,NYSE
KN,STOCK
ARL,NYSE
ARL,STOCK
ITW,NYSE
ITW,STOCK
CNK,NYSE
CNK,STOCK
EQLT,NYSE
EQLT,STOCK
CHH,NYSE
CHH,STOCK
KEY_I,NYSE
KEY_I,STOCK
HFMF,NYSE
HFMF,STOCK
CMS_B,NYSE
CMS_B,STOCK
BLOX,NYSE
BLOX,STOCK
GPJA,NYSE
GPJA,STOCK
BBWI,NYSE
BBWI,STOCK
FGN,NYSE
FGN,STOCK
AHL,NYSE
AHL,STOCK
BKSY-WS,NYSE
BKSY-WS,STOCK
JDVL,NYSE
JDVL,STOCK
GOLF,NYSE
GOLF,STOCK
HUM,NYSE
HUM,STOCK
GOP,NYSE
GOP,STOCK
BUFS,NYSE
BUFS,STOCK
ADC_A,NYSE
ADC_A,STOCK
GBXA,NYSE
GBXA,STOCK
ARTY,NYSE
ARTY,STOCK
DAN,NYSE
DAN,STOCK
IRE,NYSE
IRE,STOCK
FDS,NYSE
FDS,STOCK
BIP,NYSE
BIP,STOCK
BTO,NYSE
BTO,STOCK
LB,NYSE
LB,STOCK
ASIC,NYSE
ASIC,STOCK
FLYD,NYSE
FLYD,STOCK
GHM,NYSE
GHM,STOCK
AII,NYSE
AII,STOCK
HEI,NYSE
HEI,STOCK
EQT,NYSE
EQT,STOCK
CALX,NYSE
CALX,STOCK
LFT,NYSE
LFT,STOCK
CODI,NYSE
CODI,STOCK
BRX,NYSE
BRX,STOCK
GENT,NYSE
GENT,STOCK
HL,NYSE
HL,STOCK
CURV,NYSE
CURV,STOCK
CBZ,NYSE
CBZ,STOCK
CIVI,NYSE
CIVI,STOCK
DEI,NYSE
DEI,STOCK
HD,NYSE
HD,STOCK
KRO,NYSE
KRO,STOCK
JGRW,NYSE
JGRW,STOCK
LC,NYSE
LC,STOCK
CIG-C,NYSE
CIG-C,STOCK
EEA,NYSE
EEA,STOCK
CSTM,NYSE
CSTM,STOCK
ALB,NYSE
ALB,STOCK
ARDC,NYSE
ARDC,STOCK
GGZ,NYSE
GGZ,STOCK
HG,NYSE
HG,STOCK
CPT,NYSE
CPT,STOCK
LBRT,NYSE
LBRT,STOCK
HYAC-WS,NYSE
HYAC-WS,STOCK
BTX,NYSE
BTX,STOCK
ASAN,NYSE
ASAN,STOCK
DTAN,NYSE
DTAN,STOCK
CLPR,NYSE
CLPR,STOCK
EXP,NYSE
EXP,STOCK
ACHR-WS,NYSE
ACHR-WS,STOCK
MCO,NYSE
MCO,STOCK
ADM,NYSE
ADM,STOCK
INFO,NYSE
INFO,STOCK
BBDO,NYSE
BBDO,STOCK
HBTC,NYSE
HBTC,STOCK
GARA,NYSE
GARA,STOCK
JOBY,NYSE
JOBY,STOCK
ITT,NYSE
ITT,STOCK
BTCZ,NYSE
BTCZ,STOCK
CMC,NYSE
CMC,STOCK
HDB,NYSE
HDB,STOCK
ELCV,NYSE
ELCV,STOCK
EGO,NYSE
EGO,STOCK
AEE,NYSE
AEE,STOCK
CRM,NYSE
CRM,STOCK
COF,NYSE
COF,STOCK
CSR,NYSE
CSR,STOCK
EFC,NYSE
EFC,STOCK
LEO,NYSE
LEO,STOCK
HMC,NYSE
HMC,STOCK
CSV,NYSE
CSV,STOCK
CRD-A,NYSE
CRD-A,STOCK
GRNY,NYSE
GRNY,STOCK
IVR_C,NYSE
IVR_C,STOCK
FTMS,NYSE
FTMS,STOCK
IT,NYSE
IT,STOCK
IIF,NYSE
IIF,STOCK
FIGS,NYSE
FIGS,STOCK
ICPY,NYSE
ICPY,STOCK
GXO,NYSE
GXO,STOCK
BF-A,NYSE
BF-A,STOCK
MAS,NYSE
MAS,STOCK
ETHV,NYSE
ETHV,STOCK
CNO,NYSE
CNO,STOCK
BOW,NYSE
BOW,STOCK
KSPY,NYSE
KSPY,STOCK
LXP_C,NYSE
LXP_C,STOCK
ALL,NYSE
ALL,STOCK
ARE,NYSE
ARE,STOCK
EPR_E,NYSE
EPR_E,STOCK
AXP,NYSE
AXP,STOCK
CLNK,NYSE
CLNK,STOCK
AZNH,NYSE
AZNH,STOCK
ENO,NYSE
ENO,STOCK
LW,NYSE
LW,STOCK
AHT_H,NYSE
AHT_H,STOCK
AM,NYSE
AM,STOCK
BA,NYSE
BA,STOCK
IGCB,NYSE
IGCB,STOCK
JUNM,NYSE
JUNM,STOCK
BUDA,NYSE
BUDA,STOCK
AHR,NYSE
AHR,STOCK
JDIV,NYSE
JDIV,STOCK
FPAS,NYSE
FPAS,STOCK
JLL,NYSE
JLL,STOCK
JPM_L,NYSE
JPM_L,STOCK
EB,NYSE
EB,STOCK
FR,NYSE
FR,STOCK
EEX,NYSE
EEX,STOCK
EFC_A,NYSE
EFC_A,STOCK
IPAV,NYSE
IPAV,STOCK
BKH,NYSE
BKH,STOCK
HXL,NYSE
HXL,STOCK
GIAX,NYSE
GIAX,STOCK
CON,NYSE
CON,STOCK
EDGU,NYSE
EDGU,STOCK
CDP,NYSE
CDP,STOCK
LAW,NYSE
LAW,STOCK
CSRE,NYSE
CSRE,STOCK
ASIX,NYSE
ASIX,STOCK
IWMI,NYSE
IWMI,STOCK
FISK,NYSE
FISK,STOCK
AVK,NYSE
AVK,STOCK
AJG,NYSE
AJG,STOCK
GMUB,NYSE
GMUB,STOCK
JHS,NYSE
JHS,STOCK
AXS_E,NYSE
AXS_E,STOCK
FTMU,NYSE
FTMU,STOCK
ABLG,NYSE
ABLG,STOCK
BPH,NYSE
BPH,STOCK
LYLD,NYSE
LYLD,STOCK
JNEU,NYSE
JNEU,STOCK
CIMO,NYSE
CIMO,STOCK
CPSM,NYSE
CPSM,STOCK
AVNS,NYSE
AVNS,STOCK
A,NYSE
A,STOCK
AB,NYSE
AB,STOCK
KNRX,NYSE
KNRX,STOCK
CSHP,NYSE
CSHP,STOCK
DIN,NYSE
DIN,STOCK
COHR,NYSE
COHR,STOCK
DIPS,NYSE
DIPS,STOCK
ALC,NYSE
ALC,STOCK
CMA,NYSE
CMA,STOCK
ARLO,NYSE
ARLO,STOCK
EOI,NYSE
EOI,STOCK
ED,NYSE
ED,STOCK
BNY,NYSE
BNY,STOCK
AES,NYSE
AES,STOCK
EVR,NYSE
EVR,STOCK
BAC_B,NYSE
BAC_B,STOCK
CPRI,NYSE
CPRI,STOCK
BLUX,NYSE
BLUX,STOCK
FLG_A,NYSE
FLG_A,STOCK
IFF,NYSE
IFF,STOCK
EVEX-WS,NYSE
EVEX-WS,STOCK
BPI,NYSE
BPI,STOCK
FCX,NYSE
FCX,STOCK
HNGE,NYSE
HNGE,STOCK
IFN,NYSE
IFN,STOCK
BKN,NYSE
BKN,STOCK
LTC,NYSE
LTC,STOCK
DECM,NYSE
DECM,STOCK
DV,NYSE
DV,STOCK
HTH,NYSE
HTH,STOCK
CGCV,NYSE
CGCV,STOCK
MAC,NYSE
MAC,STOCK
AHL_D,NYSE
AHL_D,STOCK
GAB_G,NYSE
GAB_G,STOCK
GGT_G,NYSE
GGT_G,STOCK
BHVN,NYSE
BHVN,STOCK
HIMU,NYSE
HIMU,STOCK
AUB_A,NYSE
AUB_A,STOCK
BVAL,NYSE
BVAL,STOCK
ACKY,NYSE
ACKY,STOCK
CL,NYSE
CL,STOCK
AOCT,NYSE
AOCT,STOCK
BRKC,NYSE
BRKC,STOCK
GEND,NYSE
GEND,STOCK
GDOT,NYSE
GDOT,STOCK
LXFR,NYSE
LXFR,STOCK
ECAT,NYSE
ECAT,STOCK
CWH,NYSE
CWH,STOCK
BNT,NYSE
BNT,STOCK
HIW,NYSE
HIW,STOCK
CWEN-A,NYSE
CWEN-A,STOCK
AGM_G,NYSE
AGM_G,STOCK
DOCS,NYSE
DOCS,STOCK
CIA,NYSE
CIA,STOCK
BR,NYSE
BR,STOCK
LDRH,NYSE
LDRH,STOCK
MCI,NYSE
MCI,STOCK
KEY_K,NYSE
KEY_K,STOCK
BUFP,NYSE
BUFP,STOCK
AUGU,NYSE
AUGU,STOCK
LPX,NYSE
LPX,STOCK
KMPB,NYSE
KMPB,STOCK
GL,NYSE
GL,STOCK
FBK,NYSE
FBK,STOCK
CVI,NYSE
CVI,STOCK
DAY,NYSE
DAY,STOCK
AAPW,NYSE
AAPW,STOCK
ANRO,NYSE
ANRO,STOCK
KNOP,NYSE
KNOP,STOCK
KTF,NYSE
KTF,STOCK
LCII,NYSE
LCII,STOCK
KAI,NYSE
KAI,STOCK
CPAY,NYSE
CPAY,STOCK
DGX,NYSE
DGX,STOCK
JRS,NYSE
JRS,STOCK
GHY,NYSE
GHY,STOCK
EVC,NYSE
EVC,STOCK
BAP,NYSE
BAP,STOCK
BTT,NYSE
BTT,STOCK
HESM,NYSE
HESM,STOCK
HAYW,NYSE
HAYW,STOCK
AMR,NYSE
AMR,STOCK
KRSP-U,NYSE
KRSP-U,STOCK
DPG,NYSE
DPG,STOCK
GPK,NYSE
GPK,STOCK
ESRT,NYSE
ESRT,STOCK
HPQ,NYSE
HPQ,STOCK
AQNB,NYSE
AQNB,STOCK
CIEN,NYSE
CIEN,STOCK
HZO,NYSE
HZO,STOCK
MD,NYSE
MD,STOCK
GPI,NYSE
GPI,STOCK
CVE-WS,NYSE
CVE-WS,STOCK
KB,NYSE
KB,STOCK
CGGE,NYSE
CGGE,STOCK
ETV,NYSE
ETV,STOCK
FLC,NYSE
FLC,STOCK
HNI,NYSE
HNI,STOCK
BBVA,NYSE
BBVA,STOCK
CPRY,NYSE
CPRY,STOCK
DHSB,NYSE
DHSB,STOCK
GBXB,NYSE
GBXB,STOCK
FMN,NYSE
FMN,STOCK
CCIF,NYSE
CCIF,STOCK
CUBB,NYSE
CUBB,STOCK
ELME,NYSE
ELME,STOCK
CMRE_B,NYSE
CMRE_B,STOCK
CRBD,NYSE
CRBD,STOCK
FBUF,NYSE
FBUF,STOCK
BIO,NYSE
BIO,STOCK
ILOW,NYSE
ILOW,STOCK
IGGY,NYSE
IGGY,STOCK
CADE,NYSE
CADE,STOCK
DTW,NYSE
DTW,STOCK
FTK,NYSE
FTK,STOCK
AIZN,NYSE
AIZN,STOCK
BHR,NYSE
BHR,STOCK
BTA,NYSE
BTA,STOCK
GNL_B,NYSE
GNL_B,STOCK
BML_J,NYSE
BML_J,STOCK
BCIL,NYSE
BCIL,STOCK
AFGE,NYSE
AFGE,STOCK
BYM,NYSE
BYM,STOCK
IBUF,NYSE
IBUF,STOCK
BK,NYSE
BK,STOCK
AZO,NYSE
AZO,STOCK
LAZ,NYSE
LAZ,STOCK
CRT,NYSE
CRT,STOCK
EQR,NYSE
EQR,STOCK
BAC_M,NYSE
BAC_M,STOCK
BKCG,NYSE
BKCG,STOCK
AOTS,NYSE
AOTS,STOCK
JUNP,NYSE
JUNP,STOCK
ETU,NYSE
ETU,STOCK
LUV,NYSE
LUV,STOCK
EXG,NYSE
EXG,STOCK
ACEI,NYSE
ACEI,STOCK
HUBB,NYSE
HUBB,STOCK
DSPY,NYSE
DSPY,STOCK
DDT,NYSE
DDT,STOCK
CHPY,NYSE
CHPY,STOCK
IRM,NYSE
IRM,STOCK
JXN_A,NYSE
JXN_A,STOCK
FPI,NYSE
FPI,STOCK
EGP,NYSE
EGP,STOCK
KBR,NYSE
KBR,STOCK
CLH,NYSE
CLH,STOCK
CTO,NYSE
CTO,STOCK
FOF,NYSE
FOF,STOCK
GCV,NYSE
GCV,STOCK
CNC,NYSE
CNC,STOCK
CHMI_B,NYSE
CHMI_B,STOCK
IBMS,NYSE
IBMS,STOCK
EQIN,NYSE
EQIN,STOCK
BBDC,NYSE
BBDC,STOCK
CBTJ,NYSE
CBTJ,STOCK
AFL,NYSE
AFL,STOCK
DLY,NYSE
DLY,STOCK
BGSI,NYSE
BGSI,STOCK
BBN,NYSE
BBN,STOCK
CRCO,NYSE
CRCO,STOCK
GXPT,NYSE
GXPT,STOCK
KEYS,NYSE
KEYS,STOCK
AWK,NYSE
AWK,STOCK
ACRE,NYSE
ACRE,STOCK
ALLY,NYSE
ALLY,STOCK
FDX,NYSE
FDX,STOCK
MCY,NYSE
MCY,STOCK
CTAP,NYSE
CTAP,STOCK
AGL,NYSE
AGL,STOCK
LLY,NYSE
LLY,STOCK
CGHM,NYSE
CGHM,STOCK
ECCW,NYSE
ECCW,STOCK
CVEO,NYSE
CVEO,STOCK
GAP,NYSE
GAP,STOCK
BHP,NYSE
BHP,STOCK
ESUM,NYSE
ESUM,STOCK
BWLP,NYSE
BWLP,STOCK
DFP,NYSE
DFP,STOCK
BRC,NYSE
BRC,STOCK
HYT,NYSE
HYT,STOCK
KMI,NYSE
KMI,STOCK
HLF,NYSE
HLF,STOCK
JENA,NYSE
JENA,STOCK
IMAX,NYSE
IMAX,STOCK
IDT,NYSE
IDT,STOCK
ETR,NYSE
ETR,STOCK
ECL,NYSE
ECL,STOCK
IBIL,NYSE
IBIL,STOCK
AMG,NYSE
AMG,STOCK
ASGM,NYSE
ASGM,STOCK
GSL,NYSE
GSL,STOCK
ARR_C,NYSE
ARR_C,STOCK
HTGC,NYSE
HTGC,STOCK
BKE,NYSE
BKE,STOCK
ATH_D,NYSE
ATH_D,STOCK
EFC_C,NYSE
EFC_C,STOCK
JHX,NYSE
JHX,STOCK
ECVT,NYSE
ECVT,STOCK
COUR,NYSE
COUR,STOCK
BKKT-WS,NYSE
BKKT-WS,STOCK
KRG,NYSE
KRG,STOCK
AEM,NYSE
AEM,STOCK
DHLX,NYSE
DHLX,STOCK
GES,NYSE
GES,STOCK
HGRO,NYSE
HGRO,STOCK
MER_K,NYSE
MER_K,STOCK
IDEQ,NYSE
IDEQ,STOCK
JFLI,NYSE
JFLI,STOCK
KJUN,NYSE
KJUN,STOCK
ICRC,NYSE
ICRC,STOCK
BUR,NYSE
BUR,STOCK
CNS,NYSE
CNS,STOCK
FF,NYSE
FF,STOCK
DBRG_I,NYSE
DBRG_I,STOCK
AKO-B,NYSE
AKO-B,STOCK
LSVD,NYSE
LSVD,STOCK
CTDD,NYSE
CTDD,STOCK
LAD,NYSE
LAD,STOCK
ACN,NYSE
ACN,STOCK
AWF,NYSE
AWF,STOCK
ACA,NYSE
ACA,STOCK
KEY_J,NYSE
KEY_J,STOCK
JHHY,NYSE
JHHY,STOCK
LOAR,NYSE
LOAR,STOCK
ACH,NYSE
ACH,STOCK
ACVT,NYSE
ACVT,STOCK
GMRE,NYSE
GMRE,STOCK
BME,NYSE
BME,STOCK
GDV,NYSE
GDV,STOCK
AGM_F,NYSE
AGM_F,STOCK
AROC,NYSE
AROC,STOCK
BFH,NYSE
BFH,STOCK
LZM,NYSE
LZM,STOCK
CMTG,NYSE
CMTG,STOCK
DBD,NYSE
DBD,STOCK
JAJL,NYSE
JAJL,STOCK
AGGS,NYSE
AGGS,STOCK
DLNG,NYSE
DLNG,STOCK
ELP,NYSE
ELP,STOCK
CPSL,NYSE
CPSL,STOCK
DB,NYSE
DB,STOCK
KYN,NYSE
KYN,STOCK
EBF,NYSE
EBF,STOCK
DRAY,NYSE
DRAY,STOCK
CLW,NYSE
CLW,STOCK
AMBP,NYSE
AMBP,STOCK
MAYU,NYSE
MAYU,STOCK
CRK,NYSE
CRK,STOCK
KLAR,NYSE
KLAR,STOCK
KREF,NYSE
KREF,STOCK
FBRT,NYSE
FBRT,STOCK
CCI,NYSE
CCI,STOCK
C_N,NYSE
C_N,STOCK
DKL,NYSE
DKL,STOCK
CAG,NYSE
CAG,STOCK
DINO,NYSE
DINO,STOCK
DUKZ,NYSE
DUKZ,STOCK
BLE,NYSE
BLE,STOCK
ET,NYSE
ET,STOCK
FIG,NYSE
FIG,STOCK
AGCO,NYSE
AGCO,STOCK
AMTD,NYSE
AMTD,STOCK
GS_A,NYSE
GS_A,STOCK
EGGY,NYSE
EGGY,STOCK
CIF,NYSE
CIF,STOCK
F_C,NYSE
F_C,STOCK
FTW,NYSE
FTW,STOCK
ADCT,NYSE
ADCT,STOCK
JBL,NYSE
JBL,STOCK
CNAV,NYSE
CNAV,STOCK
HFRO_B,NYSE
HFRO_B,STOCK
BCS,NYSE
BCS,STOCK
FHEQ,NYSE
FHEQ,STOCK
JOBY-WS,NYSE
JOBY-WS,STOCK
EFR,NYSE
EFR,STOCK
BITW,NYSE
BITW,STOCK
JGH,NYSE
JGH,STOCK
KBDC,NYSE
KBDC,STOCK
LEN-B,NYSE
LEN-B,STOCK
IAE,NYSE
IAE,STOCK
IHD,NYSE
IHD,STOCK
FTNY,NYSE
FTNY,STOCK
GDDY,NYSE
GDDY,STOCK
AHL_E,NYSE
AHL_E,STOCK
HIPO,NYSE
HIPO,STOCK
FFGX,NYSE
FFGX,STOCK
ETO,NYSE
ETO,STOCK
FIAT,NYSE
FIAT,STOCK
BMI,NYSE
BMI,STOCK
DEO,NYSE
DEO,STOCK
ENIC,NYSE
ENIC,STOCK
COMP,NYSE
COMP,STOCK
ELAN,NYSE
ELAN,STOCK
BBUC,NYSE
BBUC,STOCK
AQN,NYSE
AQN,STOCK
IBTA,NYSE
IBTA,STOCK
JBGS,NYSE
JBGS,STOCK
ESSC,NYSE
ESSC,STOCK
FG,NYSE
FG,STOCK
FVRR,NYSE
FVRR,STOCK
JLQD,NYSE
JLQD,STOCK
CCU,NYSE
CCU,STOCK
LITL,NYSE
LITL,STOCK
BFJA,NYSE
BFJA,STOCK
EDF,NYSE
EDF,STOCK
AMWL,NYSE
AMWL,STOCK
FRGN,NYSE
FRGN,STOCK
KMX,NYSE
KMX,STOCK
EICA,NYSE
EICA,STOCK
KKRS,NYSE
KKRS,STOCK
JKS,NYSE
JKS,STOCK
KEP,NYSE
KEP,STOCK
ATGE,NYSE
ATGE,STOCK
EPEM,NYSE
EPEM,STOCK
INEQ,NYSE
INEQ,STOCK
ALK,NYSE
ALK,STOCK
LAC,NYSE
LAC,STOCK
GPMT,NYSE
GPMT,STOCK
INSW,NYSE
INSW,STOCK
HLLY-WS,NYSE
HLLY-WS,STOCK
BX,NYSE
BX,STOCK
EIC,NYSE
EIC,STOCK
FIHL,NYSE
FIHL,STOCK
GENI,NYSE
GENI,STOCK
AD,NYSE
AD,STOCK
FTW-U,NYSE
FTW-U,STOCK
ETW,NYSE
ETW,STOCK
BKV,NYSE
BKV,STOCK
GME,NYSE
GME,STOCK
BG,NYSE
BG,STOCK
BTE,NYSE
BTE,STOCK
BAH,NYSE
BAH,STOCK
D,NYSE
D,STOCK
BEPJ,NYSE
BEPJ,STOCK
IBP,NYSE
IBP,STOCK
HGLB,NYSE
HGLB,STOCK
ABR_D,NYSE
ABR_D,STOCK
HKD,NYSE
HKD,STOCK
BB,NYSE
BB,STOCK
ARES_B,NYSE
ARES_B,STOCK
FBRT_E,NYSE
FBRT_E,STOCK
ASG,NYSE
ASG,STOCK
ATKR,NYSE
ATKR,STOCK
GBX,NYSE
GBX,STOCK
DVA,NYSE
DVA,STOCK
AIBD,NYSE
AIBD,STOCK
ABEV,NYSE
ABEV,STOCK
FRA,NYSE
FRA,STOCK
GMEY,NYSE
GMEY,STOCK
BROS,NYSE
BROS,STOCK
HPP,NYSE
HPP,STOCK
COF_L,NYSE
COF_L,STOCK
COF_I,NYSE
COF_I,STOCK
AMRC,NYSE
AMRC,STOCK
IGR,NYSE
IGR,STOCK
J,NYSE
J,STOCK
FOUR,NYSE
FOUR,STOCK
CMSD,NYSE
CMSD,STOCK
GMMA,NYSE
GMMA,STOCK
LZB,NYSE
LZB,STOCK
DNP,NYSE
DNP,STOCK
CC,NYSE
CC,STOCK
IETH,NYSE
IETH,STOCK
DY,NYSE
DY,STOCK
CIM,NYSE
CIM,STOCK
AVD,NYSE
AVD,STOCK
HII,NYSE
HII,STOCK
GPRK,NYSE
GPRK,STOCK
AKO-A,NYSE
AKO-A,STOCK
APOS,NYSE
APOS,STOCK
IP,NYSE
IP,STOCK
BC,NYSE
BC,STOCK
HVT,NYSE
HVT,STOCK
JBI,NYSE
JBI,STOCK
MANI,NYSE
MANI,STOCK
ALUR-WS,NYSE
ALUR-WS,STOCK
EPSB,NYSE
EPSB,STOCK
CSSD,NYSE
CSSD,STOCK
BKSY,NYSE
BKSY,STOCK
EPMB,NYSE
EPMB,STOCK
LYV,NYSE
LYV,STOCK
DDL,NYSE
DDL,STOCK
DTM,NYSE
DTM,STOCK
BAC_S,NYSE
BAC_S,STOCK
KIM,NYSE
KIM,STOCK
GMNY,NYSE
GMNY,STOCK
APOC,NYSE
APOC,STOCK
AKA,NYSE
AKA,STOCK
FUBO,NYSE
FUBO,STOCK
GAB_K,NYSE
GAB_K,STOCK
BTCC,NYSE
BTCC,STOCK
GCAL,NYSE
GCAL,STOCK
CELG-R,NYSE
CELG-R,STOCK
KTN,NYSE
KTN,STOCK
ESIM,NYSE
ESIM,STOCK
ALL_I,NYSE
ALL_I,STOCK
CTA_A,NYSE
CTA_A,STOCK
ELS,NYSE
ELS,STOCK
AMTM,NYSE
AMTM,STOCK
HTD,NYSE
HTD,STOCK
ANG_D,NYSE
ANG_D,STOCK
BBAI-WS,NYSE
BBAI-WS,STOCK
DEXC,NYSE
DEXC,STOCK
BP,NYSE
BP,STOCK
BKU,NYSE
BKU,STOCK
CNM,NYSE
CNM,STOCK
LFGY,NYSE
LFGY,STOCK
KIM_L,NYSE
KIM_L,STOCK
DRI,NYSE
DRI,STOCK
GAB_H,NYSE
GAB_H,STOCK
ELV,NYSE
ELV,STOCK
FIXT,NYSE
FIXT,STOCK
HAKY,NYSE
HAKY,STOCK
F_B,NYSE
F_B,STOCK
CP,NYSE
CP,STOCK
GROV,NYSE
GROV,STOCK
FLCG,NYSE
FLCG,STOCK
DG,NYSE
DG,STOCK
ASB,NYSE
ASB,STOCK
CMP,NYSE
CMP,STOCK
BAK,NYSE
BAK,STOCK
CNX,NYSE
CNX,STOCK
BRSP,NYSE
BRSP,STOCK
DLR_J,NYSE
DLR_J,STOCK
ATHS,NYSE
ATHS,STOCK
CAE,NYSE
CAE,STOCK
CPNM,NYSE
CPNM,STOCK
AEO,NYSE
AEO,STOCK
EVEX,NYSE
EVEX,STOCK
HRTG,NYSE
HRTG,STOCK
HIG_G,NYSE
HIG_G,STOCK
ESAB,NYSE
ESAB,STOCK
FEBM,NYSE
FEBM,STOCK
GSKH,NYSE
GSKH,STOCK
BSAC,NYSE
BSAC,STOCK
LRN,NYSE
LRN,STOCK
LLYX,NYSE
LLYX,STOCK
IDYN,NYSE
IDYN,STOCK
KNRG,NYSE
KNRG,STOCK
AUNA,NYSE
AUNA,STOCK
FNF,NYSE
FNF,STOCK
BALY,NYSE
BALY,STOCK
FVR,NYSE
FVR,STOCK
ASPN,NYSE
ASPN,STOCK
ASCE,NYSE
ASCE,STOCK
DMA,NYSE
DMA,STOCK
CPS,NYSE
CPS,STOCK
KAUG,NYSE
KAUG,STOCK
LPG,NYSE
LPG,STOCK
ETB,NYSE
ETB,STOCK
HTB,NYSE
HTB,STOCK
EDD,NYSE
EDD,STOCK
FLO,NYSE
FLO,STOCK
GS_D,NYSE
GS_D,STOCK
FSML,NYSE
FSML,STOCK
CMU,NYSE
CMU,STOCK
IDVZ,NYSE
IDVZ,STOCK
FYEE,NYSE
FYEE,STOCK
CANG,NYSE
CANG,STOCK
EFAA,NYSE
EFAA,STOCK
GMRE_A,NYSE
GMRE_A,STOCK
LH,NYSE
LH,STOCK
BH-A,NYSE
BH-A,STOCK
BCSM,NYSE
BCSM,STOCK
AIN,NYSE
AIN,STOCK
ACM,NYSE
ACM,STOCK
INFY,NYSE
INFY,STOCK
DHT,NYSE
DHT,STOCK
FC,NYSE
FC,STOCK
FFDI,NYSE
FFDI,STOCK
HY,NYSE
HY,STOCK
JXN,NYSE
JXN,STOCK
KD,NYSE
KD,STOCK
MEC,NYSE
MEC,STOCK
DSX_B,NYSE
DSX_B,STOCK
GS_C,NYSE
GS_C,STOCK
BST,NYSE
BST,STOCK
DOUG,NYSE
DOUG,STOCK
HTFC,NYSE
HTFC,STOCK
GPOR,NYSE
GPOR,STOCK
BTC,NYSE
BTC,STOCK
FETH,NYSE
FETH,STOCK
GMMF,NYSE
GMMF,STOCK
FEGE,NYSE
FEGE,STOCK
COPA,NYSE
COPA,STOCK
CPAC,NYSE
CPAC,STOCK
BXC,NYSE
BXC,STOCK
GVA,NYSE
GVA,STOCK
CGIC,NYSE
CGIC,STOCK
BTZ,NYSE
BTZ,STOCK
BOH_B,NYSE
BOH_B,STOCK
BOBP,NYSE
BOBP,STOCK
EPAI,NYSE
EPAI,STOCK
ALRG,NYSE
ALRG,STOCK
KIM_M,NYSE
KIM_M,STOCK
JMM,NYSE
JMM,STOCK
INN,NYSE
INN,STOCK
HSBH,NYSE
HSBH,STOCK
BFLY-WS,NYSE
BFLY-WS,STOCK
ACI,NYSE
ACI,STOCK
FICO,NYSE
FICO,STOCK
INGM,NYSE
INGM,STOCK
LND,NYSE
LND,STOCK
CRH,NYSE
CRH,STOCK
JHCP,NYSE
JHCP,STOCK
ACLO,NYSE
ACLO,STOCK
BEP,NYSE
BEP,STOCK
LEA,NYSE
LEA,STOCK
ALSN,NYSE
ALSN,STOCK
EVMO,NYSE
EVMO,STOCK
IIIN,NYSE
IIIN,STOCK
EFX,NYSE
EFX,STOCK
IBHK,NYSE
IBHK,STOCK
CURB,NYSE
CURB,STOCK
CPNG,NYSE
CPNG,STOCK
ACHR,NYSE
ACHR,STOCK
BBD,NYSE
BBD,STOCK
EARN,NYSE
EARN,STOCK
EXPD,NYSE
EXPD,STOCK
CRSH,NYSE
CRSH,STOCK
MET_A,NYSE
MET_A,STOCK
HQL,NYSE
HQL,STOCK
KRP,NYSE
KRP,STOCK
EVLU,NYSE
EVLU,STOCK
HFRO,NYSE
HFRO,STOCK
DK,NYSE
DK,STOCK
MBSX,NYSE
MBSX,STOCK
IBCA,NYSE
IBCA,STOCK
KREF_A,NYSE
KREF_A,STOCK
HOLA,NYSE
HOLA,STOCK
ALIT,NYSE
ALIT,STOCK
ECG,NYSE
ECG,STOCK
FTS,NYSE
FTS,STOCK
HHH,NYSE
HHH,STOCK
BIPI,NYSE
BIPI,STOCK
EFT,NYSE
EFT,STOCK
LNC,NYSE
LNC,STOCK
KFY,NYSE
KFY,STOCK
CHWY,NYSE
CHWY,STOCK
MET_F,NYSE
MET_F,STOCK
DNA,NYSE
DNA,STOCK
EIPI,NYSE
EIPI,STOCK
AAMI,NYSE
AAMI,STOCK
BAC_K,NYSE
BAC_K,STOCK
LCO,NYSE
LCO,STOCK
BCPL,NYSE
BCPL,STOCK
ETH,NYSE
ETH,STOCK
KCSH,NYSE
KCSH,STOCK
ICE,NYSE
ICE,STOCK
BXP,NYSE
BXP,STOCK
FTHY,NYSE
FTHY,STOCK
HIO,NYSE
HIO,STOCK
HFEQ,NYSE
HFEQ,STOCK
ARI,NYSE
ARI,STOCK
AUGP,NYSE
AUGP,STOCK
AVNT,NYSE
AVNT,STOCK
FHN,NYSE
FHN,STOCK
CDR_C,NYSE
CDR_C,STOCK
BEGS,NYSE
BEGS,STOCK
FOPC,NYSE
FOPC,STOCK
GIS,NYSE
GIS,STOCK
JQC,NYSE
JQC,STOCK
KF,NYSE
KF,STOCK
IDA,NYSE
IDA,STOCK
CLOB,NYSE
CLOB,STOCK
BLCO,NYSE
BLCO,STOCK
ASX,NYSE
ASX,STOCK
ATS,NYSE
ATS,STOCK
CFG,NYSE
CFG,STOCK
AIV,NYSE
AIV,STOCK
HUYA,NYSE
HUYA,STOCK
BCO,NYSE
BCO,STOCK
CRCD,NYSE
CRCD,STOCK
ACP,NYSE
ACP,STOCK
BBBY,NYSE
BBBY,STOCK
DHF,NYSE
DHF,STOCK
BEPH,NYSE
BEPH,STOCK
HPE_C,NYSE
HPE_C,STOCK
DULL,NYSE
DULL,STOCK
CEF,NYSE
CEF,STOCK
GGTL,NYSE
GGTL,STOCK
ABG,NYSE
ABG,STOCK
ETHE,NYSE
ETHE,STOCK
HTT,NYSE
HTT,STOCK
CSL,NYSE
CSL,STOCK
HCC,NYSE
HCC,STOCK
DBI,NYSE
DBI,STOCK
EGLE,NYSE
EGLE,STOCK
DHDG,NYSE
DHDG,STOCK
AGRO,NYSE
AGRO,STOCK
LOMA,NYSE
LOMA,STOCK
HOV,NYSE
HOV,STOCK
HRI,NYSE
HRI,STOCK
INN_F,NYSE
INN_F,STOCK
CHCT,NYSE
CHCT,STOCK
GPMT_A,NYSE
GPMT_A,STOCK
DTF,NYSE
DTF,STOCK
ARMK,NYSE
ARMK,STOCK
CPA,NYSE
CPA,STOCK
EVMN,NYSE
EVMN,STOCK
BBY,NYSE
BBY,STOCK
CRD-B,NYSE
CRD-B,STOCK
CAF,NYSE
CAF,STOCK
CBL,NYSE
CBL,STOCK
JXX,NYSE
JXX,STOCK
CUBE,NYSE
CUBE,STOCK
BHE,NYSE
BHE,STOCK
EFC_B,NYSE
EFC_B,STOCK
KEY,NYSE
KEY,STOCK
AIR,NYSE
AIR,STOCK
FHN_C,NYSE
FHN_C,STOCK
MC,NYSE
MC,STOCK
ETI_,NYSE
ETI_,STOCK
HSY,NYSE
HSY,STOCK
ICL,NYSE
ICL,STOCK
KRMN,NYSE
KRMN,STOCK
E,NYSE
E,STOCK
BFAM,NYSE
BFAM,STOCK
AOS,NYSE
AOS,STOCK
DSM,NYSE
DSM,STOCK
IVZ,NYSE
IVZ,STOCK
GFR,NYSE
GFR,STOCK
DX_C,NYSE
DX_C,STOCK
LNG,NYSE
LNG,STOCK
LNC_D,NYSE
LNC_D,STOCK
KORE,NYSE
KORE,STOCK
ANF,NYSE
ANF,STOCK
GEF-B,NYSE
GEF-B,STOCK
HOLD,NYSE
HOLD,STOCK
BDX,NYSE
BDX,STOCK
EDGI,NYSE
EDGI,STOCK
INTM,NYSE
INTM,STOCK
EQS,NYSE
EQS,STOCK
CF,NYSE
CF,STOCK
FLCE,NYSE
FLCE,STOCK
ECCV,NYSE
ECCV,STOCK
ETCO,NYSE
ETCO,STOCK
FHDG,NYSE
FHDG,STOCK
KMPR,NYSE
KMPR,STOCK
ARR,NYSE
ARR,STOCK
AAUC,NYSE
AAUC,STOCK
ETHU,NYSE
ETHU,STOCK
ENB,NYSE
ENB,STOCK
CPF,NYSE
CPF,STOCK
CMRE_D,NYSE
CMRE_D,STOCK
EAT,NYSE
EAT,STOCK
GHC,NYSE
GHC,STOCK
CGHY,NYSE
CGHY,STOCK
CABO,NYSE
CABO,STOCK
ATH_E,NYSE
ATH_E,STOCK
ALL_J,NYSE
ALL_J,STOCK
LVWR-WS,NYSE
LVWR-WS,STOCK
EPR_C,NYSE
EPR_C,STOCK
M,NYSE
M,STOCK
JBS,NYSE
JBS,STOCK
DMB,NYSE
DMB,STOCK
BSTZ,NYSE
BSTZ,STOCK
AMH_G,NYSE
AMH_G,STOCK
BUYO,NYSE
BUYO,STOCK
CPRO,NYSE
CPRO,STOCK
BCC,NYSE
BCC,STOCK
ASB_F,NYSE
ASB_F,STOCK
COPL,NYSE
COPL,STOCK
BKKT,NYSE
BKKT,STOCK
CPK,NYSE
CPK,STOCK
CBNA,NYSE
CBNA,STOCK
EVAC,NYSE
EVAC,STOCK
HLN,NYSE
HLN,STOCK
EVT,NYSE
EVT,STOCK
CATO,NYSE
CATO,STOCK
EICC,NYSE
EICC,STOCK
DUK,NYSE
DUK,STOCK
AMN,NYSE
AMN,STOCK
ATI,NYSE
ATI,STOCK
KFS,NYSE
KFS,STOCK
HELS,NYSE
HELS,STOCK
AHT_F,NYSE
AHT_F,STOCK
LHX,NYSE
LHX,STOCK
C,NYSE
C,STOCK
ELM,NYSE
ELM,STOCK
KEY_L,NYSE
KEY_L,STOCK
LVWR,NYSE
LVWR,STOCK
LDI,NYSE
LDI,STOCK
BZH,NYSE
BZH,STOCK
GDO,NYSE
GDO,STOCK
FCBD,NYSE
FCBD,STOCK
BOC,NYSE
BOC,STOCK
CTA_B,NYSE
CTA_B,STOCK
EFXT,NYSE
EFXT,STOCK
EQNR,NYSE
EQNR,STOCK
ALB_A,NYSE
ALB_A,STOCK
ETG,NYSE
ETG,STOCK
CWK,NYSE
CWK,STOCK
CLCV,NYSE
CLCV,STOCK
HOG,NYSE
HOG,STOCK
HYTI,NYSE
HYTI,STOCK
EZPZ,NYSE
EZPZ,STOCK
KNF,NYSE
KNF,STOCK
EMD,NYSE
EMD,STOCK
HEI-A,NYSE
HEI-A,STOCK
ANDG,NYSE
ANDG,STOCK
CAVA,NYSE
CAVA,STOCK
BGB,NYSE
BGB,STOCK
MCOW,NYSE
MCOW,STOCK
BEKE,NYSE
BEKE,STOCK
BRIF,NYSE
BRIF,STOCK
ABLS,NYSE
ABLS,STOCK
LXP,NYSE
LXP,STOCK
BABA,NYSE
BABA,STOCK
BEPI,NYSE
BEPI,STOCK
KNTK,NYSE
KNTK,STOCK
HTFB,NYSE
HTFB,STOCK
IDE,NYSE
IDE,STOCK
ACII,NYSE
ACII,STOCK
ACEL,NYSE
ACEL,STOCK
CRC,NYSE
CRC,STOCK
EHI,NYSE
EHI,STOCK
BIDD,NYSE
BIDD,STOCK
BIRK,NYSE
BIRK,STOCK
FT,NYSE
FT,STOCK
MDV,NYSE
MDV,STOCK
CARD,NYSE
CARD,STOCK
BWXT,NYSE
BWXT,STOCK
CMI,NYSE
CMI,STOCK
HBB,NYSE
HBB,STOCK
HRB,NYSE
HRB,STOCK
EVH,NYSE
EVH,STOCK
FMKT,NYSE
FMKT,STOCK
CGIB,NYSE
CGIB,STOCK
IVT,NYSE
IVT,STOCK
ECCU,NYSE
ECCU,STOCK
DRD,NYSE
DRD,STOCK
CCL,NYSE
CCL,STOCK
CPSP,NYSE
CPSP,STOCK
CXM,NYSE
CXM,STOCK
INN_E,NYSE
INN_E,STOCK
FLCC,NYSE
FLCC,STOCK
AME,NYSE
AME,STOCK
EMKT,NYSE
EMKT,STOCK
JHLN,NYSE
JHLN,STOCK
CHD,NYSE
CHD,STOCK
GEOA,NYSE
GEOA,STOCK
EXR,NYSE
EXR,STOCK
IJUN,NYSE
IJUN,STOCK
BGS,NYSE
BGS,STOCK
CRCA,NYSE
CRCA,STOCK
BSM,NYSE
BSM,STOCK
HMN,NYSE
HMN,STOCK
DOV,NYSE
DOV,STOCK
ABR,NYSE
ABR,STOCK
GRDN,NYSE
GRDN,STOCK
HYSD,NYSE
HYSD,STOCK
DBRG_H,NYSE
DBRG_H,STOCK
FTCA,NYSE
FTCA,STOCK
FLG_U,NYSE
FLG_U,STOCK
CLS,NYSE
CLS,STOCK
ASMH,NYSE
ASMH,STOCK
JADE,NYSE
JADE,STOCK
BLW,NYSE
BLW,STOCK
FEBU,NYSE
FEBU,STOCK
GEL,NYSE
GEL,STOCK
FLXN,NYSE
FLXN,STOCK
AHL_F,NYSE
AHL_F,STOCK
KSS,NYSE
KSS,STOCK
AMP,NYSE
AMP,STOCK
BOX,NYSE
BOX,STOCK
BLDR,NYSE
BLDR,STOCK
DECU,NYSE
DECU,STOCK
IONQ-WS,NYSE
IONQ-WS,STOCK
JRI,NYSE
JRI,STOCK
FLS,NYSE
FLS,STOCK
AIBU,NYSE
AIBU,STOCK
GMOC,NYSE
GMOC,STOCK
DNOW,NYSE
DNOW,STOCK
KHPI,NYSE
KHPI,STOCK
MAX,NYSE
MAX,STOCK
DDX,NYSE
DDX,STOCK
BW,NYSE
BW,STOCK
ACVA,NYSE
ACVA,STOCK
FMS,NYSE
FMS,STOCK
JFR,NYSE
JFR,STOCK
GSL_B,NYSE
GSL_B,STOCK
DXUV,NYSE
DXUV,STOCK
IGI,NYSE
IGI,STOCK
HASI,NYSE
HASI,STOCK
JANU,NYSE
JANU,STOCK
GAM_B,NYSE
GAM_B,STOCK
FEOE,NYSE
FEOE,STOCK
FTNJ,NYSE
FTNJ,STOCK
HLLY,NYSE
HLLY,STOCK
BVN,NYSE
BVN,STOCK
LPL,NYSE
LPL,STOCK
FTBI,NYSE
FTBI,STOCK
ENS,NYSE
ENS,STOCK
DFII,NYSE
DFII,STOCK
DCO,NYSE
DCO,STOCK
EVN,NYSE
EVN,STOCK
LION,NYSE
LION,STOCK
CPSD,NYSE
CPSD,STOCK
BOH,NYSE
BOH,STOCK
CTRI,NYSE
CTRI,STOCK
KMID,NYSE
KMID,STOCK
DMX,NYSE
DMX,STOCK
HUN,NYSE
HUN,STOCK
EDGH,NYSE
EDGH,STOCK
BPRE,NYSE
BPRE,STOCK
HFGM,NYSE
HFGM,STOCK
CBOE,NYSE
CBOE,STOCK
KSEP,NYSE
KSEP,STOCK
BCE,NYSE
BCE,STOCK
BEP_A,NYSE
BEP_A,STOCK
DMO,NYSE
DMO,STOCK
FLNG,NYSE
FLNG,STOCK
AXS,NYSE
AXS,STOCK
ETD,NYSE
ETD,STOCK
INVG,NYSE
INVG,STOCK
AON,NYSE
AON,STOCK
COIW,NYSE
COIW,STOCK
BFLY,NYSE
BFLY,STOCK
FSK,NYSE
FSK,STOCK
KGS,NYSE
KGS,STOCK
ESE,NYSE
ESE,STOCK
ICOI,NYSE
ICOI,STOCK
BNDS,NYSE
BNDS,STOCK
KMT,NYSE
KMT,STOCK
DIS,NYSE
DIS,STOCK
GXPE,NYSE
GXPE,STOCK
FSM,NYSE
FSM,STOCK
CULP,NYSE
CULP,STOCK
BWA,NYSE
BWA,STOCK
ANET,NYSE
ANET,STOCK
ANGX,NYSE
ANGX,STOCK
HBM,NYSE
HBM,STOCK
BSL,NYSE
BSL,STOCK
KO,NYSE
KO,STOCK
CUBI,NYSE
CUBI,STOCK
FLR,NYSE
FLR,STOCK
BARK,NYSE
BARK,STOCK
CAPL,NYSE
CAPL,STOCK
ESLV,NYSE
ESLV,STOCK
DBRG_J,NYSE
DBRG_J,STOCK
GIB,NYSE
GIB,STOCK
DXYZ,NYSE
DXYZ,STOCK
EVTC,NYSE
EVTC,STOCK
IIPR_A,NYSE
IIPR_A,STOCK
AMCR,NYSE
AMCR,STOCK
IEX,NYSE
IEX,STOCK
LVS,NYSE
LVS,STOCK
DLR_L,NYSE
DLR_L,STOCK
BGR,NYSE
BGR,STOCK
CPRA,NYSE
CPRA,STOCK
LOB,NYSE
LOB,STOCK
LEG,NYSE
LEG,STOCK
JIII,NYSE
JIII,STOCK
KIO,NYSE
KIO,STOCK
HPP_C,NYSE
HPP_C,STOCK
LANV,NYSE
LANV,STOCK
LMBO,NYSE
LMBO,STOCK
BFOC,NYSE
BFOC,STOCK
GGOV,NYSE
GGOV,STOCK
ABNY,NYSE
ABNY,STOCK
CXT,NYSE
CXT,STOCK
AXL,NYSE
AXL,STOCK
DOLE,NYSE
DOLE,STOCK
GOLS,NYSE
GOLS,STOCK
FHN_F,NYSE
FHN_F,STOCK
LEN,NYSE
LEN,STOCK
DTB,NYSE
DTB,STOCK
MDV_A,NYSE
MDV_A,STOCK
ABR_F,NYSE
ABR_F,STOCK
FRO,NYSE
FRO,STOCK
ENR,NYSE
ENR,STOCK
COOK,NYSE
COOK,STOCK
GKOS,NYSE
GKOS,STOCK
GRBK,NYSE
GRBK,STOCK
EC,NYSE
EC,STOCK
GLOP_B,NYSE
GLOP_B,STOCK
EHAB,NYSE
EHAB,STOCK
ABOT,NYSE
ABOT,STOCK
AMPY,NYSE
AMPY,STOCK
FRT_C,NYSE
FRT_C,STOCK
AVY,NYSE
AVY,STOCK
CXW,NYSE
CXW,STOCK
EBS,NYSE
EBS,STOCK
FHN_E,NYSE
FHN_E,STOCK
ATHM,NYSE
ATHM,STOCK
ACR_C,NYSE
ACR_C,STOCK
JILL,NYSE
JILL,STOCK
AOMN,NYSE
AOMN,STOCK
BAX,NYSE
BAX,STOCK
HVAC,NYSE
HVAC,STOCK
IGD,NYSE
IGD,STOCK
IBN,NYSE
IBN,STOCK
HCA,NYSE
HCA,STOCK
CPLB,NYSE
CPLB,STOCK
AMH_H,NYSE
AMH_H,STOCK
GROZ,NYSE
GROZ,STOCK
ING,NYSE
ING,STOCK
H,NYSE
H,STOCK
DVN,NYSE
DVN,STOCK
DTE,NYSE
DTE,STOCK
AAT,NYSE
AAT,STOCK
IIPR,NYSE
IIPR,STOCK
ETJ,NYSE
ETJ,STOCK
GF,NYSE
GF,STOCK
FND,NYSE
FND,STOCK
IHG,NYSE
IHG,STOCK
MAGN,NYSE
MAGN,STOCK
APO,NYSE
APO,STOCK
JCE,NYSE
JCE,STOCK
GCTS,NYSE
GCTS,STOCK
ES,NYSE
ES,STOCK
IVR,NYSE
IVR,STOCK
DECP,NYSE
DECP,STOCK
CVE,NYSE
CVE,STOCK
GFI,NYSE
GFI,STOCK
AVTR,NYSE
AVTR,STOCK
LTAX,NYSE
LTAX,STOCK
BAM,NYSE
BAM,STOCK
BAC_O,NYSE
BAC_O,STOCK
CODI_A,NYSE
CODI_A,STOCK
MDST,NYSE
MDST,STOCK
CIMN,NYSE
CIMN,STOCK
CCK,NYSE
CCK,STOCK
AERO,NYSE
AERO,STOCK
FOWF,NYSE
FOWF,STOCK
KTB,NYSE
KTB,STOCK
ABM,NYSE
ABM,STOCK
AHT_I,NYSE
AHT_I,STOCK
JPM,NYSE
JPM,STOCK
IPI,NYSE
IPI,STOCK
JOE,NYSE
JOE,STOCK
BDBT,NYSE
BDBT,STOCK
EPR_G,NYSE
EPR_G,STOCK
AU,NYSE
AU,STOCK
CWEN,NYSE
CWEN,STOCK
EMOT,NYSE
EMOT,STOCK
BBT,NYSE
BBT,STOCK
GEF,NYSE
GEF,STOCK
BWG,NYSE
BWG,STOCK
ECCF,NYSE
ECCF,STOCK
CCM,NYSE
CCM,STOCK
HGV,NYSE
HGV,STOCK
GXPS,NYSE
GXPS,STOCK
BXMX,NYSE
BXMX,STOCK
BFJL,NYSE
BFJL,STOCK
AWR,NYSE
AWR,STOCK
HCI,NYSE
HCI,STOCK
BBU,NYSE
BBU,STOCK
MAVF,NYSE
MAVF,STOCK
BUI,NYSE
BUI,STOCK
BRCE,NYSE
BRCE,STOCK
EAF,NYSE
EAF,STOCK
EMF,NYSE
EMF,STOCK
DXC,NYSE
DXC,STOCK
KNX,NYSE
KNX,STOCK
LTM,NYSE
LTM,STOCK
MCK,NYSE
MCK,STOCK
INGR,NYSE
INGR,STOCK
CACI,NYSE
CACI,STOCK
GLOP_C,NYSE
GLOP_C,STOCK
GAB,NYSE
GAB,STOCK
CODI_C,NYSE
CODI_C,STOCK
ECO,NYSE
ECO,STOCK
AN,NYSE
AN,STOCK
FOA,NYSE
FOA,STOCK
DIVE,NYSE
DIVE,STOCK
COLD,NYSE
COLD,STOCK
HUBS,NYSE
HUBS,STOCK
HYI,NYSE
HYI,STOCK
EPR,NYSE
EPR,STOCK
THYF,NYSE
THYF,ETF
XTR,NYSE
XTR,ETF
UJAN,NYSE
UJAN,ETF
USEP,NYSE
USEP,ETF
XNOV,NYSE
XNOV,ETF
ZIG,NYSE
ZIG,ETF
VB,NYSE
VB,ETF
VEU,NYSE
VEU,ETF
SPYT,NYSE
SPYT,ETF
TFI,NYSE
TFI,ETF
TDVI,NYSE
TDVI,ETF
SLV,NYSE
SLV,ETF
SLV,STOCK
XLP,NYSE
XLP,ETF
XLP,STOCK
VFVA,NYSE
VFVA,ETF
WUGI,NYSE
WUGI,ETF
TBUX,NYSE
TBUX,ETF
VNAM,NYSE
VNAM,ETF
TAIL,NYSE
TAIL,ETF
USSE,NYSE
USSE,ETF
SPIP,NYSE
SPIP,ETF
YMAR,NYSE
YMAR,ETF
XHYI,NYSE
XHYI,ETF
STXK,NYSE
STXK,ETF
XRLX,NYSE
XRLX,ETF
YXI,NYSE
YXI,ETF
XJUL,NYSE
XJUL,ETF
SPMV,NYSE
SPMV,ETF
SHM,NYSE
SHM,ETF
WTV,NYSE
WTV,ETF
WINN,NYSE
WINN,ETF
XNAV,NYSE
XNAV,ETF
USMF,NYSE
USMF,ETF
SPYX,NYSE
SPYX,ETF
XFEB,NYSE
XFEB,ETF
UBR,NYSE
UBR,ETF
UXI,NYSE
UXI,ETF
SPWO,NYSE
SPWO,ETF
XHYF,NYSE
XHYF,ETF
VWO,NYSE
VWO,ETF
XB,NYSE
XB,ETF
TAGG,NYSE
TAGG,ETF
SZNE,NYSE
SZNE,ETF
UJB,NYSE
UJB,ETF
XYLG,NYSE
XYLG,ETF
TPSC,NYSE
TPSC,ETF
SPHQ,NYSE
SPHQ,ETF
VUSB,NYSE
VUSB,ETF
XLRE,NYSE
XLRE,ETF
ULST,NYSE
ULST,ETF
XCLR,NYSE
XCLR,ETF
SLYV,NYSE
SLYV,ETF
SHYD,NYSE
SHYD,ETF
TMFC,NYSE
TMFC,ETF
SMMV,NYSE
SMMV,ETF
WLDR,NYSE
WLDR,ETF
TFJL,NYSE
TFJL,ETF
XFLX,NYSE
XFLX,ETF
VOT,NYSE
VOT,ETF
SJB,NYSE
SJB,ETF
TAN,NYSE
TAN,ETF
USE,NYSE
USE,ETF
XSEP,NYSE
XSEP,ETF
WEAT,NYSE
WEAT,ETF
XLSR,NYSE
XLSR,ETF
TOUS,NYSE
TOUS,ETF
STXG,NYSE
STXG,ETF
STXD,NYSE
STXD,ETF
UPW,NYSE
UPW,ETF
SSUS,NYSE
SSUS,ETF
SUB,NYSE
SUB,ETF
XHB,NYSE
XHB,ETF
SPXV,NYSE
SPXV,ETF
TAXX,NYSE
TAXX,ETF
VIXY,NYSE
VIXY,ETF
WBIY,NYSE
WBIY,ETF
XOP,NYSE
XOP,ETF
XLF,NYSE
XLF,ETF
XLF,STOCK
TSPA,NYSE
TSPA,ETF
XCCC,NYSE
XCCC,ETF
TMFX,NYSE
TMFX,ETF
SIXJ,NYSE
SIXJ,ETF
XHYD,NYSE
XHYD,ETF
XOMO,NYSE
XOMO,ETF
TXS,NYSE
TXS,ETF
TSLZ,NYSE
TSLZ,ETF
UBOT,NYSE
UBOT,ETF
XDTE,NYSE
XDTE,ETF
SPMD,NYSE
SPMD,ETF
UDN,NYSE
UDN,ETF
SPSB,NYSE
SPSB,ETF
XES,NYSE
XES,ETF
UYG,NYSE
UYG,ETF
UMAY,NYSE
UMAY,ETF
UJUL,NYSE
UJUL,ETF
XRLV,NYSE
XRLV,ETF
SNPG,NYSE
SNPG,ETF
XMVM,NYSE
XMVM,ETF
TRFM,NYSE
TRFM,ETF
SMN,NYSE
SMN,ETF
VPL,NYSE
VPL,ETF
VPU,NYSE
VPU,ETF
XCEM,NYSE
XCEM,ETF
TBG,NYSE
TBG,ETF
TOTR,NYSE
TOTR,ETF
TOTL,NYSE
TOTL,ETF
VOOV,NYSE
VOOV,ETF
THNQ,NYSE
THNQ,ETF
TBLL,NYSE
TBLL,ETF
YJUN,NYSE
YJUN,ETF
VYM,NYSE
VYM,ETF
XIDV,NYSE
XIDV,ETF
XDSQ,NYSE
XDSQ,ETF
SPXN,NYSE
SPXN,ETF
SPTM,NYSE
SPTM,ETF
WTMF,NYSE
WTMF,ETF
TRFK,NYSE
TRFK,ETF
XHYE,NYSE
XHYE,ETF
SPSK,NYSE
SPSK,ETF
YLD,NYSE
YLD,ETF
XTL,NYSE
XTL,ETF
WWJD,NYSE
WWJD,ETF
VWID,NYSE
VWID,ETF
SOYB,NYSE
SOYB,ETF
TECB,NYSE
TECB,ETF
SOXS,NYSE
SOXS,ETF
SHOC,NYSE
SHOC,ETF
TBFG,NYSE
TBFG,ETF
SMLF,NYSE
SMLF,ETF
SPSM,NYSE
SPSM,ETF
TBX,NYSE
TBX,ETF
TPIF,NYSE
TPIF,ETF
SIO,NYSE
SIO,ETF
TZA,NYSE
TZA,ETF
SIMS,NYSE
SIMS,ETF
TFPN,NYSE
TFPN,ETF
XLV,NYSE
XLV,ETF
UCC,NYSE
UCC,ETF
TTT,NYSE
TTT,ETF
USD,NYSE
USD,ETF
XSVN,NYSE
XSVN,ETF
SURE,NYSE
SURE,ETF
XCOR,NYSE
XCOR,ETF
UPGD,NYSE
UPGD,ETF
TMF,NYSE
TMF,ETF
SPGM,NYSE
SPGM,ETF
SIXF,NYSE
SIXF,ETF
ZSB,NYSE
ZSB,ETF
XLU,NYSE
XLU,ETF
TUA,NYSE
TUA,ETF
XSLV,NYSE
XSLV,ETF
SOVF,NYSE
SOVF,ETF
WEED,NYSE
WEED,ETF
VTEB,NYSE
VTEB,ETF
SIFI,NYSE
SIFI,ETF
VSHY,NYSE
VSHY,ETF
WEBS,NYSE
WEBS,ETF
TPYP,NYSE
TPYP,ETF
TILL,NYSE
TILL,ETF
XIDE,NYSE
XIDE,ETF
XJR,NYSE
XJR,ETF
TUSI,NYSE
TUSI,ETF
SPTE,NYSE
SPTE,ETF
TPHD,NYSE
TPHD,ETF
TEQI,NYSE
TEQI,ETF
TRTY,NYSE
TRTY,ETF
WDNA,NYSE
WDNA,ETF
TSLT,NYSE
TSLT,ETF
SPYG,NYSE
SPYG,ETF
VIDI,NYSE
VIDI,ETF
SPUS,NYSE
SPUS,ETF
USFR,NYSE
USFR,ETF
UJUN,NYSE
UJUN,ETF
VABS,NYSE
VABS,ETF
YMAX,NYSE
YMAX,ETF
VEMY,NYSE
VEMY,ETF
VO,NYSE
VO,ETF
SPDV,NYSE
SPDV,ETF
XDQQ,NYSE
XDQQ,ETF
TSEC,NYSE
TSEC,ETF
SIXO,NYSE
SIXO,ETF
VBK,NYSE
VBK,ETF
TSLY,NYSE
TSLY,ETF
TILT,NYSE
TILT,ETF
UVIX,NYSE
UVIX,ETF
UPRO,NYSE
UPRO,ETF
SPYI,NYSE
SPYI,ETF
XTOC,NYSE
XTOC,ETF
SPTL,NYSE
SPTL,ETF
SPVM,NYSE
SPVM,ETF
SIXL,NYSE
SIXL,ETF
XAR,NYSE
XAR,ETF
UMAR,NYSE
UMAR,ETF
TBT,NYSE
TBT,ETF
YDEC,NYSE
YDEC,ETF
TMFS,NYSE
TMFS,ETF
SIXH,NYSE
SIXH,ETF
XUSP,NYSE
XUSP,ETF
ZSC,NYSE
ZSC,ETF
XLY,NYSE
XLY,ETF
SHYL,NYSE
SHYL,ETF
SOLR,NYSE
SOLR,ETF
YANG,NYSE
YANG,ETF
YCS,NYSE
YCS,ETF
VCR,NYSE
VCR,ETF
SMLV,NYSE
SMLV,ETF
SIXS,NYSE
SIXS,ETF
USL,NYSE
USL,ETF
XUDV,NYSE
XUDV,ETF
STAX,NYSE
STAX,ETF
VLUE,NYSE
VLUE,ETF
SKF,NYSE
SKF,ETF
TLTW,NYSE
TLTW,ETF
XHE,NYSE
XHE,ETF
STPZ,NYSE
STPZ,ETF
WANT,NYSE
WANT,ETF
SPMO,NYSE
SPMO,ETF
TMSL,NYSE
TMSL,ETF
TYO,NYSE
TYO,ETF
VLU,NYSE
VLU,ETF
UDI,NYSE
UDI,ETF
VTV,NYSE
VTV,ETF
VOX,NYSE
VOX,ETF
SPHY,NYSE
SPHY,ETF
TRND,NYSE
TRND,ETF
VFMO,NYSE
VFMO,ETF
SLX,NYSE
SLX,ETF
TPOR,NYSE
TPOR,ETF
XJAN,NYSE
XJAN,ETF
USPX,NYSE
USPX,ETF
SPHD,NYSE
SPHD,ETF
SPXE,NYSE
SPXE,ETF
UGL,NYSE
UGL,ETF
USNZ,NYSE
USNZ,ETF
SSFI,NYSE
SSFI,ETF
YALL,NYSE
YALL,ETF
SPYD,NYSE
SPYD,ETF
XYLD,NYSE
XYLD,ETF
VICE,NYSE
VICE,ETF
SPFF,NYSE
SPFF,ETF
TMFG,NYSE
TMFG,ETF
TAGS,NYSE
TAGS,ETF
VAMO,NYSE
VAMO,ETF
SSPY,NYSE
SSPY,ETF
VRAI,NYSE
VRAI,ETF
UPAR,NYSE
UPAR,ETF
SZK,NYSE
SZK,ETF
VAW,NYSE
VAW,ETF
SIJ,NYSE
SIJ,ETF
XBB,NYSE
XBB,ETF
XHYH,NYSE
XHYH,ETF
UWM,NYSE
UWM,ETF
VSGX,NYSE
VSGX,ETF
TOK,NYSE
TOK,ETF
XTJL,NYSE
XTJL,ETF
XDAT,NYSE
XDAT,ETF
SNOV,NYSE
SNOV,ETF
TYLG,NYSE
TYLG,ETF
TIP,NYSE
TIP,ETF
VPC,NYSE
VPC,ETF
SWAN,NYSE
SWAN,ETF
TAFM,NYSE
TAFM,ETF
SRLN,NYSE
SRLN,ETF
SPRE,NYSE
SPRE,ETF
SPD,NYSE
SPD,ETF
TBJL,NYSE
TBJL,ETF
XLE,NYSE
XLE,ETF
XRMI,NYSE
XRMI,ETF
YMAG,NYSE
YMAG,ETF
SPXU,NYSE
SPXU,ETF
SPUU,NYSE
SPUU,ETF
TNA,NYSE
TNA,ETF
WIP,NYSE
WIP,ETF
TINY,NYSE
TINY,ETF
SRVR,NYSE
SRVR,ETF
TOLZ,NYSE
TOLZ,ETF
SMDD,NYSE
SMDD,ETF
UTES,NYSE
UTES,ETF
VRP,NYSE
VRP,ETF
SMMU,NYSE
SMMU,ETF
SSO,NYSE
SSO,ETF
UMI,NYSE
UMI,ETF
USML,NYSE
USML,ETF
XSHQ,NYSE
XSHQ,ETF
TDVG,NYSE
TDVG,ETF
TINT,NYSE
TINT,ETF
UFEB,NYSE
UFEB,ETF
TIME,NYSE
TIME,ETF
SMIZ,NYSE
SMIZ,ETF
XHLF,NYSE
XHLF,ETF
WTAI,NYSE
WTAI,ETF
XNTK,NYSE
XNTK,ETF
SMTH,NYSE
SMTH,ETF
SPUC,NYSE
SPUC,ETF
VEGN,NYSE
VEGN,ETF
TAXF,NYSE
TAXF,ETF
THTA,NYSE
THTA,ETF
WCEO,NYSE
WCEO,ETF
UGE,NYSE
UGE,ETF
UDEC,NYSE
UDEC,ETF
UNG,NYSE
UNG,ETF
TDTT,NYSE
TDTT,ETF
STCE,NYSE
STCE,ETF
TLH,NYSE
TLH,ETF
SIL,NYSE
SIL,ETF
SPXL,NYSE
SPXL,ETF
TFLO,NYSE
TFLO,ETF
VGT,NYSE
VGT,ETF
XVV,NYSE
XVV,ETF
VIOG,NYSE
VIOG,ETF
USMV,NYSE
USMV,ETF
SMMD,NYSE
SMMD,ETF
XBOC,NYSE
XBOC,ETF
VIOV,NYSE
VIOV,ETF
USAI,NYSE
USAI,ETF
YINN,NYSE
YINN,ETF
UDOW,NYSE
UDOW,ETF
VSLU,NYSE
VSLU,ETF
SPTS,NYSE
SPTS,ETF
SOXL,NYSE
SOXL,ETF
VOO,NYSE
VOO,ETF
TPLC,NYSE
TPLC,ETF
TMV,NYSE
TMV,ETF
VIS,NYSE
VIS,ETF
TCAF,NYSE
TCAF,ETF
VFH,NYSE
VFH,ETF
TLTE,NYSE
TLTE,ETF
URA,NYSE
URA,ETF
VDE,NYSE
VDE,ETF
STXV,NYSE
STXV,ETF
TAFL,NYSE
TAFL,ETF
XSOE,NYSE
XSOE,ETF
SPGP,NYSE
SPGP,ETF
XMMO,NYSE
XMMO,ETF
XRT,NYSE
XRT,ETF
STXT,NYSE
STXT,ETF
XTWO,NYSE
XTWO,ETF
SHPP,NYSE
SHPP,ETF
SPHB,NYSE
SPHB,ETF
URE,NYSE
URE,ETF
URTY,NYSE
URTY,ETF
XIMR,NYSE
XIMR,ETF
VEGI,NYSE
VEGI,ETF
TDTF,NYSE
TDTF,ETF
XC,NYSE
XC,ETF
SHRT,NYSE
SHRT,ETF
WOMN,NYSE
WOMN,ETF
SPMB,NYSE
SPMB,ETF
XSHD,NYSE
XSHD,ETF
TSME,NYSE
TSME,ETF
VETZ,NYSE
VETZ,ETF
SLVP,NYSE
SLVP,ETF
VDC,NYSE
VDC,ETF
VV,NYSE
VV,ETF
TBFC,NYSE
TBFC,ETF
VFQY,NYSE
VFQY,ETF
VNQ,NYSE
VNQ,ETF
VNQ,STOCK
UNL,NYSE
UNL,ETF
VTEI,NYSE
VTEI,ETF
USO,NYSE
USO,ETF
XTRE,NYSE
XTRE,ETF
YCL,NYSE
YCL,ETF
STRV,NYSE
STRV,ETF
SPIB,NYSE
SPIB,ETF
XSW,NYSE
XSW,ETF
SPDN,NYSE
SPDN,ETF
SPXS,NYSE
SPXS,ETF
UGA,NYSE
UGA,ETF
VNM,NYSE
VNM,ETF
XMPT,NYSE
XMPT,ETF
XBI,NYSE
XBI,ETF
XPH,NYSE
XPH,ETF
TFLR,NYSE
TFLR,ETF
SRHQ,NYSE
SRHQ,ETF
ZROZ,NYSE
ZROZ,ETF
WBIL,NYSE
WBIL,ETF
WTRE,NYSE
WTRE,ETF
YYY,NYSE
YYY,ETF
SMB,NYSE
SMB,ETF
STOT,NYSE
STOT,ETF
VOOG,NYSE
VOOG,ETF
TVAL,NYSE
TVAL,ETF
VIG,NYSE
VIG,ETF
TMFE,NYSE
TMFE,ETF
XTEN,NYSE
XTEN,ETF
XONE,NYSE
XONE,ETF
TSLP,NYSE
TSLP,ETF
SNAV,NYSE
SNAV,ETF
UCO,NYSE
UCO,ETF
VUSE,NYSE
VUSE,ETF
USSG,NYSE
USSG,ETF
UCIB,NYSE
UCIB,ETF
XSMO,NYSE
XSMO,ETF
SYLD,NYSE
SYLD,ETF
TGRW,NYSE
TGRW,ETF
VSS,NYSE
VSS,ETF
VEA,NYSE
VEA,ETF
SUPL,NYSE
SUPL,ETF
WDIV,NYSE
WDIV,ETF
SPVU,NYSE
SPVU,ETF
UVXY,NYSE
UVXY,ETF
UYM,NYSE
UYM,ETF
ZSL,NYSE
ZSL,ETF
UCON,NYSE
UCON,ETF
ULTY,NYSE
ULTY,ETF
XMAR,NYSE
XMAR,ETF
UST,NYSE
UST,ETF
VALQ,NYSE
VALQ,ETF
TMDV,NYSE
TMDV,ETF
XMLV,NYSE
XMLV,ETF
VEGA,NYSE
VEGA,ETF
UBT,NYSE
UBT,ETF
XAUG,NYSE
XAUG,ETF
USCA,NYSE
USCA,ETF
SPAB,NYSE
SPAB,ETF
UNOV,NYSE
UNOV,ETF
SMDV,NYSE
SMDV,ETF
SPYV,NYSE
SPYV,ETF
THLV,NYSE
THLV,ETF
TWM,NYSE
TWM,ETF
TYA,NYSE
TYA,ETF
VHT,NYSE
VHT,ETF
VTI,NYSE
VTI,ETF
XPP,NYSE
XPP,ETF
VIXM,NYSE
VIXM,ETF
TGRT,NYSE
TGRT,ETF
TECS,NYSE
TECS,ETF
VCEB,NYSE
VCEB,ETF
SPLB,NYSE
SPLB,ETF
XHS,NYSE
XHS,ETF
TACK,NYSE
TACK,ETF
UAPR,NYSE
UAPR,ETF
THD,NYSE
THD,ETF
TJUL,NYSE
TJUL,ETF
ULE,NYSE
ULE,ETF
WLTG,NYSE
WLTG,ETF
SIZE,NYSE
SIZE,ETF
XLB,NYSE
XLB,ETF
SSXU,NYSE
SSXU,ETF
USG,NYSE
USG,ETF
SPBO,NYSE
SPBO,ETF
USHY,NYSE
USHY,ETF
SRS,NYSE
SRS,ETF
XITK,NYSE
XITK,ETF
SILJ,NYSE
SILJ,ETF
XSVM,NYSE
XSVM,ETF
XTJA,NYSE
XTJA,ETF
SIXA,NYSE
SIXA,ETF
XBAP,NYSE
XBAP,ETF
XOCT,NYSE
XOCT,ETF
SPEU,NYSE
SPEU,ETF
STIP,NYSE
STIP,ETF
XBJA,NYSE
XBJA,ETF
VOE,NYSE
VOE,ETF
TOLL,NYSE
TOLL,ETF
UPV,NYSE
UPV,ETF
UTSL,NYSE
UTSL,ETF
SVXY,NYSE
SVXY,ETF
SPDW,NYSE
SPDW,ETF
VIOO,NYSE
VIOO,ETF
SPTI,NYSE
SPTI,ETF
UOCT,NYSE
UOCT,ETF
TOKE,NYSE
TOKE,ETF
SJNK,NYSE
SJNK,ETF
VNSE,NYSE
VNSE,ETF
SMAY,NYSE
SMAY,ETF
YSEP,NYSE
YSEP,ETF
TIPX,NYSE
TIPX,ETF
SPYC,NYSE
SPYC,ETF
SMHB,NYSE
SMHB,ETF
SUSA,NYSE
SUSA,ETF
XHYC,NYSE
XHYC,ETF
VFMV,NYSE
VFMV,ETF
UAUG,NYSE
UAUG,ETF
SIXP,NYSE
SIXP,ETF
VBR,NYSE
VBR,ETF
ZALT,NYSE
ZALT,ETF
SPEM,NYSE
SPEM,ETF
SHYG,NYSE
SHYG,ETF
VXF,NYSE
VXF,ETF
ZHDG,NYSE
ZHDG,ETF
VERS,NYSE
VERS,ETF
TYD,NYSE
TYD,ETF
SXQG,NYSE
SXQG,ETF
TLTD,NYSE
TLTD,ETF
SVOL,NYSE
SVOL,ETF
VGK,NYSE
VGK,ETF
TGLR,NYSE
TGLR,ETF
VTEC,NYSE
VTEC,ETF
XSD,NYSE
XSD,ETF
SPY,NYSE
SPY,ETF
SPY,STOCK
XDEC,NYSE
XDEC,ETF
SLYG,NYSE
SLYG,ETF
SIVR,NYSE
SIVR,ETF
XJH,NYSE
XJH,ETF
VXZ,NYSE
VXZ,ETF
YEAR,NYSE
YEAR,ETF
USRT,NYSE
USRT,ETF
UDIV,NYSE
UDIV,ETF
SNPD,NYSE
SNPD,ETF
VXX,NYSE
VXX,ETF
SNPE,NYSE
SNPE,ETF
SVAL,NYSE
SVAL,ETF
XPND,NYSE
XPND,ETF
XLI,NYSE
XLI,ETF
XTN,NYSE
XTN,ETF
VBND,NYSE
VBND,ETF
TDV,NYSE
TDV,ETF
XFIV,NYSE
XFIV,ETF
WBIF,NYSE
WBIF,ETF
TMAT,NYSE
TMAT,ETF
SSG,NYSE
SSG,ETF
SPDG,NYSE
SPDG,ETF
SPLV,NYSE
SPLV,ETF
URNM,NYSE
URNM,ETF
UUP,NYSE
UUP,ETF
UUP,STOCK
SURI,NYSE
SURI,ETF
TAFI,NYSE
TAFI,ETF
SRHR,NYSE
SRHR,ETF
VT,NYSE
VT,ETF
SMIG,NYSE
SMIG,ETF
USCI,NYSE
USCI,ETF
XTAP,NYSE
XTAP,ETF
STXE,NYSE
STXE,ETF
XHYT,NYSE
XHYT,ETF
SPXT,NYSE
SPXT,ETF
YOLO,NYSE
YOLO,ETF
TCHP,NYSE
TCHP,ETF
SVIX,NYSE
SVIX,ETF
SIHY,NYSE
SIHY,ETF
XISE,NYSE
XISE,ETF
SMOG,NYSE
SMOG,ETF
ZECP,NYSE
ZECP,ETF
TIPZ,NYSE
TIPZ,ETF
SRTY,NYSE
SRTY,ETF
TMFM,NYSE
TMFM,ETF
SROI,NYSE
SROI,ETF
TYLD,NYSE
TYLD,ETF
WBIG,NYSE
WBIG,ETF
YBTC,NYSE
YBTC,ETF
UMDD,NYSE
UMDD,ETF
ZTAX,NYSE
ZTAX,ETF
TBF,NYSE
TBF,ETF
SMOT,NYSE
SMOT,ETF
XLK,NYSE
XLK,ETF
SMIN,NYSE
SMIN,ETF
XMHQ,NYSE
XMHQ,ETF
XJUN,NYSE
XJUN,ETF
VTES,NYSE
VTES,ETF
USDU,NYSE
USDU,ETF
VFMF,NYSE
VFMF,ETF
XTWY,NYSE
XTWY,ETF
XLG,NYSE
XLG,ETF
VUG,NYSE
VUG,ETF
THY,NYSE
THY,ETF
XBJL,NYSE
XBJL,ETF
WEBL,NYSE
WEBL,ETF
XME,NYSE
XME,ETF
XEMD,NYSE
XEMD,ETF
VNLA,NYSE
VNLA,ETF
TECL,NYSE
TECL,ETF
XLC,NYSE
XLC,ETF
XPAY,NYSE
XPAY,ETF
URTH,NYSE
URTH,ETF
RTAI,NYSE
RTAI,ETF
HOMZ,NYSE
HOMZ,ETF
BKIE,NYSE
BKIE,ETF
MAYZ,NYSE
MAYZ,ETF
GDE,NYSE
GDE,ETF
GHYG,NYSE
GHYG,ETF
SCHZ,NYSE
SCHZ,ETF
DMAY,NYSE
DMAY,ETF
DMBS,NYSE
DMBS,ETF
BMAR,NYSE
BMAR,ETF
IAI,NYSE
IAI,ETF
SHE,NYSE
SHE,ETF
PXJ,NYSE
PXJ,ETF
JHML,NYSE
JHML,ETF
QLTI,NYSE
QLTI,ETF
JHID,NYSE
JHID,ETF
EQL,NYSE
EQL,ETF
BUFG,NYSE
BUFG,ETF
GVUS,NYSE
GVUS,ETF
HCMT,NYSE
HCMT,ETF
BNKU,NYSE
BNKU,ETF
EWU,NYSE
EWU,ETF
OILK,NYSE
OILK,ETF
EFO,NYSE
EFO,ETF
FLCH,NYSE
FLCH,ETF
FFLV,NYSE
FFLV,ETF
FLGB,NYSE
FLGB,ETF
JPSE,NYSE
JPSE,ETF
DMCY,NYSE
DMCY,ETF
NULV,NYSE
NULV,ETF
IOCT,NYSE
IOCT,ETF
LOUP,NYSE
LOUP,ETF
NTSX,NYSE
NTSX,ETF
HDGE,NYSE
HDGE,ETF
IHF,NYSE
IHF,ETF
KONG,NYSE
KONG,ETF
DVDN,NYSE
DVDN,ETF
ARLU,NYSE
ARLU,ETF
APMU,NYSE
APMU,ETF
HAUS,NYSE
HAUS,ETF
EDC,NYSE
EDC,ETF
CHAU,NYSE
CHAU,ETF
APRP,NYSE
APRP,ETF
ELD,NYSE
ELD,ETF
BBJP,NYSE
BBJP,ETF
DBEM,NYSE
DBEM,ETF
CPAI,NYSE
CPAI,ETF
MARB,NYSE
MARB,ETF
FAUG,NYSE
FAUG,ETF
BMAY,NYSE
BMAY,ETF
PXH,NYSE
PXH,ETF
PALL,NYSE
PALL,ETF
BINC,NYSE
BINC,ETF
EFIV,NYSE
EFIV,ETF
LGOV,NYSE
LGOV,ETF
IQDG,NYSE
IQDG,ETF
IBHF,NYSE
IBHF,ETF
PGRO,NYSE
PGRO,ETF
BBHY,NYSE
BBHY,ETF
SCHF,NYSE
SCHF,ETF
EAGG,NYSE
EAGG,ETF
FEDM,NYSE
FEDM,ETF
IWDL,NYSE
IWDL,ETF
GJAN,NYSE
GJAN,ETF
NUDM,NYSE
NUDM,ETF
PHYL,NYSE
PHYL,ETF
FNDA,NYSE
FNDA,ETF
PEJ,NYSE
PEJ,ETF
KEMX,NYSE
KEMX,ETF
OVM,NYSE
OVM,ETF
CNXT,NYSE
CNXT,ETF
FITE,NYSE
FITE,ETF
CCOR,NYSE
CCOR,ETF
EVLN,NYSE
EVLN,ETF
MZZ,NYSE
MZZ,ETF
RZV,NYSE
RZV,ETF
GSG,NYSE
GSG,ETF
ARP,NYSE
ARP,ETF
CTA,NYSE
CTA,ETF
MDYG,NYSE
MDYG,ETF
FLV,NYSE
FLV,ETF
ILCV,NYSE
ILCV,ETF
IBHH,NYSE
IBHH,ETF
FIDI,NYSE
FIDI,ETF
MDPL,NYSE
MDPL,ETF
NUMG,NYSE
NUMG,ETF
METV,NYSE
METV,ETF
INTF,NYSE
INTF,ETF
HYG,NYSE
HYG,ETF
PFEB,NYSE
PFEB,ETF
OMFL,NYSE
OMFL,ETF
DBMF,NYSE
DBMF,ETF
BDEC,NYSE
BDEC,ETF
EWQ,NYSE
EWQ,ETF
HYHG,NYSE
HYHG,ETF
EPV,NYSE
EPV,ETF
EFU,NYSE
EFU,ETF
DXJ,NYSE
DXJ,ETF
AVLV,NYSE
AVLV,ETF
LRGF,NYSE
LRGF,ETF
IGM,NYSE
IGM,ETF
SCJ,NYSE
SCJ,ETF
IGE,NYSE
IGE,ETF
FFIU,NYSE
FFIU,ETF
FPF,NYSE
FPF,ETF
FLBL,NYSE
FLBL,ETF
CBON,NYSE
CBON,ETF
BUFQ,NYSE
BUFQ,ETF
FCOR,NYSE
FCOR,ETF
ARB,NYSE
ARB,ETF
ECH,NYSE
ECH,ETF
GXC,NYSE
GXC,ETF
IVW,NYSE
IVW,ETF
MLPB,NYSE
MLPB,ETF
DEHP,NYSE
DEHP,ETF
SCHX,NYSE
SCHX,ETF
MAMB,NYSE
MAMB,ETF
PXF,NYSE
PXF,ETF
KBUF,NYSE
KBUF,ETF
IMTB,NYSE
IMTB,ETF
HYGW,NYSE
HYGW,ETF
DIVZ,NYSE
DIVZ,ETF
DFAW,NYSE
DFAW,ETF
AWP,NYSE
AWP,ETF
PRAY,NYSE
PRAY,ETF
LQAI,NYSE
LQAI,ETF
LCLG,NYSE
LCLG,ETF
IDLV,NYSE
IDLV,ETF
BNDI,NYSE
BNDI,ETF
INTL,NYSE
INTL,ETF
BLKC,NYSE
BLKC,ETF
EAOK,NYSE
EAOK,ETF
DIVG,NYSE
DIVG,ETF
ICOW,NYSE
ICOW,ETF
SCHE,NYSE
SCHE,ETF
MUB,NYSE
MUB,ETF
BTR,NYSE
BTR,ETF
SEA,NYSE
SEA,ETF
FAN,NYSE
FAN,ETF
INCM,NYSE
INCM,ETF
GOVZ,NYSE
GOVZ,ETF
RWX,NYSE
RWX,ETF
HSMV,NYSE
HSMV,ETF
MOTI,NYSE
MOTI,ETF
ITM,NYSE
ITM,ETF
ASIA,NYSE
ASIA,ETF
AOD,NYSE
AOD,ETF
IQSI,NYSE
IQSI,ETF
SEIQ,NYSE
SEIQ,ETF
FNDB,NYSE
FNDB,ETF
GDIV,NYSE
GDIV,ETF
EIS,NYSE
EIS,ETF
ICAP,NYSE
ICAP,ETF
FFLG,NYSE
FFLG,ETF
QVML,NYSE
QVML,ETF
PEO,NYSE
PEO,ETF
DFNM,NYSE
DFNM,ETF
LCF,NYSE
LCF,ETF
ACWV,NYSE
ACWV,ETF
IWD,NYSE
IWD,ETF
NOBL,NYSE
NOBL,ETF
MSOX,NYSE
MSOX,ETF
MFUL,NYSE
MFUL,ETF
PWV,NYSE
PWV,ETF
IWY,NYSE
IWY,ETF
BALT,NYSE
BALT,ETF
DIVO,NYSE
DIVO,ETF
GTO,NYSE
GTO,ETF
PHEQ,NYSE
PHEQ,ETF
FNDC,NYSE
FNDC,ETF
IEUR,NYSE
IEUR,ETF
HAUZ,NYSE
HAUZ,ETF
BNGE,NYSE
BNGE,ETF
IQDY,NYSE
IQDY,ETF
GABF,NYSE
GABF,ETF
EWY,NYSE
EWY,ETF
KHYB,NYSE
KHYB,ETF
PEMX,NYSE
PEMX,ETF
PBFB,NYSE
PBFB,ETF
DNL,NYSE
DNL,ETF
FNDE,NYSE
FNDE,ETF
SDEM,NYSE
SDEM,ETF
FDM,NYSE
FDM,ETF
HAWX,NYSE
HAWX,ETF
MGOV,NYSE
MGOV,ETF
LTPZ,NYSE
LTPZ,ETF
AOK,NYSE
AOK,ETF
BBLB,NYSE
BBLB,ETF
KAPR,NYSE
KAPR,ETF
FLUD,NYSE
FLUD,ETF
NWLG,NYSE
NWLG,ETF
ITDG,NYSE
ITDG,ETF
BAMG,NYSE
BAMG,ETF
DFCA,NYSE
DFCA,ETF
BHYB,NYSE
BHYB,ETF
ENOR,NYSE
ENOR,ETF
FGDL,NYSE
FGDL,ETF
RSEE,NYSE
RSEE,ETF
DGS,NYSE
DGS,ETF
SCHD,NYSE
SCHD,ETF
LQDH,NYSE
LQDH,ETF
BAMD,NYSE
BAMD,ETF
IQM,NYSE
IQM,ETF
BUFR,NYSE
BUFR,ETF
FXC,NYSE
FXC,ETF
IBD,NYSE
IBD,ETF
DJUL,NYSE
DJUL,ETF
CNYA,NYSE
CNYA,ETF
IBDV,NYSE
IBDV,ETF
GLDM,NYSE
GLDM,ETF
IBDU,NYSE
IBDU,ETF
ISPY,NYSE
ISPY,ETF
EWO,NYSE
EWO,ETF
DWLD,NYSE
DWLD,ETF
BBCA,NYSE
BBCA,ETF
FDAT,NYSE
FDAT,ETF
BUZZ,NYSE
BUZZ,ETF
JANH,NYSE
JANH,ETF
IPO,NYSE
IPO,ETF
PGF,NYSE
PGF,ETF
DVND,NYSE
DVND,ETF
ONEV,NYSE
ONEV,ETF
GQRE,NYSE
GQRE,ETF
PSCW,NYSE
PSCW,ETF
GMF,NYSE
GMF,ETF
HEZU,NYSE
HEZU,ETF
ATFV,NYSE
ATFV,ETF
FELC,NYSE
FELC,ETF
HCRB,NYSE
HCRB,ETF
QTJA,NYSE
QTJA,ETF
DZZ,NYSE
DZZ,ETF
IGLD,NYSE
IGLD,ETF
EFG,NYSE
EFG,ETF
FBCV,NYSE
FBCV,ETF
MNBD,NYSE
MNBD,ETF
SCHJ,NYSE
SCHJ,ETF
IWMW,NYSE
IWMW,ETF
BDCZ,NYSE
BDCZ,ETF
IWP,NYSE
IWP,ETF
DFAE,NYSE
DFAE,ETF
MFUS,NYSE
MFUS,ETF
FTCB,NYSE
FTCB,ETF
EJAN,NYSE
EJAN,ETF
DIHP,NYSE
DIHP,ETF
BKMC,NYSE
BKMC,ETF
AVMV,NYSE
AVMV,ETF
IBUY,NYSE
IBUY,ETF
MJ,NYSE
MJ,ETF
GVIP,NYSE
GVIP,ETF
PCY,NYSE
PCY,ETF
OILT,NYSE
OILT,ETF
PTL,NYSE
PTL,ETF
MGC,NYSE
MGC,ETF
EMCS,NYSE
EMCS,ETF
CTEX,NYSE
CTEX,ETF
FXH,NYSE
FXH,ETF
IAPR,NYSE
IAPR,ETF
BILS,NYSE
BILS,ETF
AVSU,NYSE
AVSU,ETF
CVY,NYSE
CVY,ETF
NVIR,NYSE
NVIR,ETF
MBND,NYSE
MBND,ETF
DCRE,NYSE
DCRE,ETF
RIGS,NYSE
RIGS,ETF
MXI,NYSE
MXI,ETF
EASG,NYSE
EASG,ETF
NUHY,NYSE
NUHY,ETF
REMX,NYSE
REMX,ETF
ISCB,NYSE
ISCB,ETF
JETS,NYSE
JETS,ETF
EMTY,NYSE
EMTY,ETF
IDX,NYSE
IDX,ETF
AMDY,NYSE
AMDY,ETF
ESGG,NYSE
ESGG,ETF
ANEW,NYSE
ANEW,ETF
GHTA,NYSE
GHTA,ETF
CAOS,NYSE
CAOS,ETF
FTBD,NYSE
FTBD,ETF
DFAC,NYSE
DFAC,ETF
DEEP,NYSE
DEEP,ETF
BKGI,NYSE
BKGI,ETF
PVAL,NYSE
PVAL,ETF
EDOG,NYSE
EDOG,ETF
PFRL,NYSE
PFRL,ETF
PBUS,NYSE
PBUS,ETF
PIN,NYSE
PIN,ETF
PWB,NYSE
PWB,ETF
EAFG,NYSE
EAFG,ETF
GMOV,NYSE
GMOV,ETF
CUT,NYSE
CUT,ETF
IPAY,NYSE
IPAY,ETF
MMIN,NYSE
MMIN,ETF
PFFR,NYSE
PFFR,ETF
FREL,NYSE
FREL,ETF
PGHY,NYSE
PGHY,ETF
BJAN,NYSE
BJAN,ETF
IJS,NYSE
IJS,ETF
GVAL,NYSE
GVAL,ETF
FLDZ,NYSE
FLDZ,ETF
DUSB,NYSE
DUSB,ETF
QDEC,NYSE
QDEC,ETF
FLLA,NYSE
FLLA,ETF
PLTY,NYSE
PLTY,ETF
COM,NYSE
COM,ETF
IWB,NYSE
IWB,ETF
FLTB,NYSE
FLTB,ETF
MAYT,NYSE
MAYT,ETF
GK,NYSE
GK,ETF
FLQM,NYSE
FLQM,ETF
LEAD,NYSE
LEAD,ETF
FEUS,NYSE
FEUS,ETF
GRNB,NYSE
GRNB,ETF
EFV,NYSE
EFV,ETF
FHYS,NYSE
FHYS,ETF
RDOG,NYSE
RDOG,ETF
EUO,NYSE
EUO,ETF
FLBR,NYSE
FLBR,ETF
BSMC,NYSE
BSMC,ETF
PPEM,NYSE
PPEM,ETF
AVIV,NYSE
AVIV,ETF
SDOW,NYSE
SDOW,ETF
OWNS,NYSE
OWNS,ETF
IGRO,NYSE
IGRO,ETF
GLD,NYSE
GLD,ETF
GLD,STOCK
DFSD,NYSE
DFSD,ETF
HAPS,NYSE
HAPS,ETF
BSTP,NYSE
BSTP,ETF
RSP,NYSE
RSP,ETF
BBEM,NYSE
BBEM,ETF
HYGV,NYSE
HYGV,ETF
GSIG,NYSE
GSIG,ETF
CNRG,NYSE
CNRG,ETF
DRN,NYSE
DRN,ETF
MSMR,NYSE
MSMR,ETF
EGUS,NYSE
EGUS,ETF
GNOV,NYSE
GNOV,ETF
SAA,NYSE
SAA,ETF
PSP,NYSE
PSP,ETF
HDMV,NYSE
HDMV,ETF
IFEB,NYSE
IFEB,ETF
FLCO,NYSE
FLCO,ETF
IBDR,NYSE
IBDR,ETF
FLJP,NYSE
FLJP,ETF
AAPX,NYSE
AAPX,ETF
SDIV,NYSE
SDIV,ETF
QFLR,NYSE
QFLR,ETF
CLIP,NYSE
CLIP,ETF
GOOP,NYSE
GOOP,ETF
FOCT,NYSE
FOCT,ETF
PYPY,NYSE
PYPY,ETF
EWT,NYSE
EWT,ETF
DDM,NYSE
DDM,ETF
FTIF,NYSE
FTIF,ETF
DTRE,NYSE
DTRE,ETF
FLIN,NYSE
FLIN,ETF
CEFD,NYSE
CEFD,ETF
FTRB,NYSE
FTRB,ETF
GYLD,NYSE
GYLD,ETF
QRFT,NYSE
QRFT,ETF
HEFA,NYSE
HEFA,ETF
AAPY,NYSE
AAPY,ETF
JPIB,NYSE
JPIB,ETF
EEMO,NYSE
EEMO,ETF
JPMB,NYSE
JPMB,ETF
BKHY,NYSE
BKHY,ETF
IXN,NYSE
IXN,ETF
FBY,NYSE
FBY,ETF
SCHI,NYSE
SCHI,ETF
QIG,NYSE
QIG,ETF
SCLZ,NYSE
SCLZ,ETF
DFSI,NYSE
DFSI,ETF
KLIP,NYSE
KLIP,ETF
ROSC,NYSE
ROSC,ETF
BDRY,NYSE
BDRY,ETF
SAMM,NYSE
SAMM,ETF
COMB,NYSE
COMB,ETF
BWX,NYSE
BWX,ETF
MAYW,NYSE
MAYW,ETF
FFC,NYSE
FFC,ETF
JULZ,NYSE
JULZ,ETF
EPU,NYSE
EPU,ETF
MLPR,NYSE
MLPR,ETF
EUSA,NYSE
EUSA,ETF
HTRB,NYSE
HTRB,ETF
BKAG,NYSE
BKAG,ETF
KOLD,NYSE
KOLD,ETF
LVHI,NYSE
LVHI,ETF
AUGZ,NYSE
AUGZ,ETF
EFA,NYSE
EFA,ETF
RSBT,NYSE
RSBT,ETF
ETHO,NYSE
ETHO,ETF
BKLC,NYSE
BKLC,ETF
RLY,NYSE
RLY,ETF
IYE,NYSE
IYE,ETF
DESK,NYSE
DESK,ETF
PTRB,NYSE
PTRB,ETF
EMQQ,NYSE
EMQQ,ETF
FENY,NYSE
FENY,ETF
CGSD,NYSE
CGSD,ETF
QHY,NYSE
QHY,ETF
JPIN,NYSE
JPIN,ETF
JPIN,STOCK
NOCT,NYSE
NOCT,ETF
SCYB,NYSE
SCYB,ETF
EWG,NYSE
EWG,ETF
EVTR,NYSE
EVTR,ETF
EMMF,NYSE
EMMF,ETF
PBJA,NYSE
PBJA,ETF
EDZ,NYSE
EDZ,ETF
ONOF,NYSE
ONOF,ETF
MBNE,NYSE
MBNE,ETF
FDHY,NYSE
FDHY,ETF
GBF,NYSE
GBF,ETF
MORT,NYSE
MORT,ETF
BATT,NYSE
BATT,ETF
KCCA,NYSE
KCCA,ETF
MLPA,NYSE
MLPA,ETF
PCCE,NYSE
PCCE,ETF
GMOM,NYSE
GMOM,ETF
PFLD,NYSE
PFLD,ETF
PSH,NYSE
PSH,ETF
IXJ,NYSE
IXJ,ETF
EVSB,NYSE
EVSB,ETF
EEM,NYSE
EEM,ETF
HTAB,NYSE
HTAB,ETF
CORN,NYSE
CORN,ETF
SHLD,NYSE
SHLD,ETF
KORP,NYSE
KORP,ETF
JNUG,NYSE
JNUG,ETF
JPST,NYSE
JPST,ETF
BBBS,NYSE
BBBS,ETF
PREF,NYSE
PREF,ETF
RSPU,NYSE
RSPU,ETF
RAVI,NYSE
RAVI,ETF
NUBD,NYSE
NUBD,ETF
KOOL,NYSE
KOOL,ETF
DJP,NYSE
DJP,ETF
EWS,NYSE
EWS,ETF
AAAU,NYSE
AAAU,ETF
FUSI,NYSE
FUSI,ETF
MTUM,NYSE
MTUM,ETF
PBE,NYSE
PBE,ETF
PULT,NYSE
PULT,ETF
LSAF,NYSE
LSAF,ETF
IVOO,NYSE
IVOO,ETF
DFSV,NYSE
DFSV,ETF
LCR,NYSE
LCR,ETF
NDIA,NYSE
NDIA,ETF
CVRT,NYSE
CVRT,ETF
PFXF,NYSE
PFXF,ETF
EWJ,NYSE
EWJ,ETF
DFIC,NYSE
DFIC,ETF
FRI,NYSE
FRI,ETF
PSFO,NYSE
PSFO,ETF
IBDX,NYSE
IBDX,ETF
CRTC,NYSE
CRTC,ETF
ILF,NYSE
ILF,ETF
FDL,NYSE
FDL,ETF
FLCB,NYSE
FLCB,ETF
IBND,NYSE
IBND,ETF
DDLS,NYSE
DDLS,ETF
QUS,NYSE
QUS,ETF
KEUA,NYSE
KEUA,ETF
DYLD,NYSE
DYLD,ETF
JQUA,NYSE
JQUA,ETF
RFDA,NYSE
RFDA,ETF
DUHP,NYSE
DUHP,ETF
EMBD,NYSE
EMBD,ETF
DOCT,NYSE
DOCT,ETF
INDA,NYSE
INDA,ETF
MSOS,NYSE
MSOS,ETF
ALAI,NYSE
ALAI,ETF
FHLC,NYSE
FHLC,ETF
MSFX,NYSE
MSFX,ETF
ARKX,NYSE
ARKX,ETF
EVX,NYSE
EVX,ETF
DDEC,NYSE
DDEC,ETF
DTD,NYSE
DTD,ETF
IXP,NYSE
IXP,ETF
GREK,NYSE
GREK,ETF
CHIQ,NYSE
CHIQ,ETF
AFMC,NYSE
AFMC,ETF
FLAX,NYSE
FLAX,ETF
BITX,NYSE
BITX,ETF
GCAD,NYSE
GCAD,ETF
IDUB,NYSE
IDUB,ETF
IWV,NYSE
IWV,ETF
ECML,NYSE
ECML,ETF
HACK,NYSE
HACK,ETF
QQQD,NYSE
QQQD,ETF
JPRE,NYSE
JPRE,ETF
ARKB,NYSE
ARKB,ETF
GOEX,NYSE
GOEX,ETF
FBND,NYSE
FBND,ETF
EVIM,NYSE
EVIM,ETF
SBIT,NYSE
SBIT,ETF
ERX,NYSE
ERX,ETF
DOG,NYSE
DOG,ETF
FGD,NYSE
FGD,ETF
JEMA,NYSE
JEMA,ETF
ATMP,NYSE
ATMP,ETF
CLSE,NYSE
CLSE,ETF
DIVB,NYSE
DIVB,ETF
DFAT,NYSE
DFAT,ETF
LABD,NYSE
LABD,ETF
EPRF,NYSE
EPRF,ETF
PYLD,NYSE
PYLD,ETF
JULT,NYSE
JULT,ETF
BKLN,NYSE
BKLN,ETF
MOTG,NYSE
MOTG,ETF
EIDO,NYSE
EIDO,ETF
BNDD,NYSE
BNDD,ETF
BBBL,NYSE
BBBL,ETF
SEF,NYSE
SEF,ETF
EDV,NYSE
EDV,ETF
SBB,NYSE
SBB,ETF
IHI,NYSE
IHI,ETF
AUGT,NYSE
AUGT,ETF
BBBI,NYSE
BBBI,ETF
EURL,NYSE
EURL,ETF
FPEI,NYSE
FPEI,ETF
AVDV,NYSE
AVDV,ETF
KTEC,NYSE
KTEC,ETF
FXG,NYSE
FXG,ETF
DFGR,NYSE
DFGR,ETF
AIEQ,NYSE
AIEQ,ETF
DRLL,NYSE
DRLL,ETF
BIGY,NYSE
BIGY,ETF
GSST,NYSE
GSST,ETF
FMF,NYSE
FMF,ETF
KURE,NYSE
KURE,ETF
CVMC,NYSE
CVMC,ETF
QQH,NYSE
QQH,ETF
MDEV,NYSE
MDEV,ETF
PRF,NYSE
PRF,ETF
IGEB,NYSE
IGEB,ETF
DSTX,NYSE
DSTX,ETF
BYLD,NYSE
BYLD,ETF
QTJL,NYSE
QTJL,ETF
FAS,NYSE
FAS,ETF
DBP,NYSE
DBP,ETF
BEDZ,NYSE
BEDZ,ETF
MRCP,NYSE
MRCP,ETF
HIPS,NYSE
HIPS,ETF
JHSC,NYSE
JHSC,ETF
IBRN,NYSE
IBRN,ETF
NLR,NYSE
NLR,ETF
PSFD,NYSE
PSFD,ETF
DIVY,NYSE
DIVY,ETF
IOO,NYSE
IOO,ETF
KRE,NYSE
KRE,ETF
FLQS,NYSE
FLQS,ETF
SEPW,NYSE
SEPW,ETF
BAUG,NYSE
BAUG,ETF
EINC,NYSE
EINC,ETF
DEM,NYSE
DEM,ETF
BAMU,NYSE
BAMU,ETF
FXED,NYSE
FXED,ETF
CGUS,NYSE
CGUS,ETF
EDEN,NYSE
EDEN,ETF
IBDY,NYSE
IBDY,ETF
MID,NYSE
MID,ETF
SEIX,NYSE
SEIX,ETF
CGCB,NYSE
CGCB,ETF
FDV,NYSE
FDV,ETF
RSPD,NYSE
RSPD,ETF
IBDW,NYSE
IBDW,ETF
OILD,NYSE
OILD,ETF
BTOP,NYSE
BTOP,ETF
IDU,NYSE
IDU,ETF
HYD,NYSE
HYD,ETF
RWM,NYSE
RWM,ETF
NRGU,NYSE
NRGU,ETF
AVDE,NYSE
AVDE,ETF
AVIG,NYSE
AVIG,ETF
DBJP,NYSE
DBJP,ETF
RSPH,NYSE
RSPH,ETF
CLOX,NYSE
CLOX,ETF
EVSM,NYSE
EVSM,ETF
AMZY,NYSE
AMZY,ETF
FJAN,NYSE
FJAN,ETF
JMBS,NYSE
JMBS,ETF
DIVI,NYSE
DIVI,ETF
MINT,NYSE
MINT,ETF
GOAU,NYSE
GOAU,ETF
GTIP,NYSE
GTIP,ETF
NVBT,NYSE
NVBT,ETF
QGRW,NYSE
QGRW,ETF
NUSC,NYSE
NUSC,ETF
PLDR,NYSE
PLDR,ETF
FFLS,NYSE
FFLS,ETF
FLJJ,NYSE
FLJJ,ETF
PFFV,NYSE
PFFV,ETF
FCPI,NYSE
FCPI,ETF
GJUN,NYSE
GJUN,ETF
NURE,NYSE
NURE,ETF
MEDI,NYSE
MEDI,ETF
IVV,NYSE
IVV,ETF
IYH,NYSE
IYH,ETF
GBLD,NYSE
GBLD,ETF
IVVB,NYSE
IVVB,ETF
FEBT,NYSE
FEBT,ETF
QVOY,NYSE
QVOY,ETF
EAGL,NYSE
EAGL,ETF
EEMX,NYSE
EEMX,ETF
BINV,NYSE
BINV,ETF
MINV,NYSE
MINV,ETF
RINF,NYSE
RINF,ETF
PJFG,NYSE
PJFG,ETF
NXTE,NYSE
NXTE,ETF
IWM,NYSE
IWM,ETF
PTIN,NYSE
PTIN,ETF
RULE,NYSE
RULE,ETF
HARD,NYSE
HARD,ETF
FTWO,NYSE
FTWO,ETF
OCTZ,NYSE
OCTZ,ETF
DON,NYSE
DON,ETF
CNEQ,NYSE
CNEQ,ETF
QMAR,NYSE
QMAR,ETF
BOIL,NYSE
BOIL,ETF
IDNA,NYSE
IDNA,ETF
NVDQ,NYSE
NVDQ,ETF
JOJO,NYSE
JOJO,ETF
BBEU,NYSE
BBEU,ETF
EMLP,NYSE
EMLP,ETF
DEEF,NYSE
DEEF,ETF
RSPF,NYSE
RSPF,ETF
LQDI,NYSE
LQDI,ETF
EEV,NYSE
EEV,ETF
SCHV,NYSE
SCHV,ETF
AHYB,NYSE
AHYB,ETF
AMUB,NYSE
AMUB,ETF
OPER,NYSE
OPER,ETF
RFV,NYSE
RFV,ETF
LGHT,NYSE
LGHT,ETF
CRBN,NYSE
CRBN,ETF
PAVE,NYSE
PAVE,ETF
FJUN,NYSE
FJUN,ETF
DIAL,NYSE
DIAL,ETF
ROAM,NYSE
ROAM,ETF
GOVT,NYSE
GOVT,ETF
AGGY,NYSE
AGGY,ETF
DCOR,NYSE
DCOR,ETF
NUDV,NYSE
NUDV,ETF
PJIO,NYSE
PJIO,ETF
DIV,NYSE
DIV,ETF
FCTR,NYSE
FCTR,ETF
AMLP,NYSE
AMLP,ETF
ICSH,NYSE
ICSH,ETF
GCC,NYSE
GCC,ETF
EWD,NYSE
EWD,ETF
AGD,NYSE
AGD,ETF
IGV,NYSE
IGV,ETF
QIS,NYSE
QIS,ETF
IYR,NYSE
IYR,ETF
QEMM,NYSE
QEMM,ETF
MAGX,NYSE
MAGX,ETF
PINK,NYSE
PINK,ETF
MARM,NYSE
MARM,ETF
BCHP,NYSE
BCHP,ETF
SAGP,NYSE
SAGP,ETF
SFLR,NYSE
SFLR,ETF
CWEB,NYSE
CWEB,ETF
QLTY,NYSE
QLTY,ETF
EQTY,NYSE
EQTY,ETF
MIDU,NYSE
MIDU,ETF
RISN,NYSE
RISN,ETF
EXI,NYSE
EXI,ETF
SDOG,NYSE
SDOG,ETF
GLOV,NYSE
GLOV,ETF
FISR,NYSE
FISR,ETF
NUMV,NYSE
NUMV,ETF
LAPR,NYSE
LAPR,ETF
OCTW,NYSE
OCTW,ETF
EWK,NYSE
EWK,ETF
PAPR,NYSE
PAPR,ETF
AMZP,NYSE
AMZP,ETF
FORH,NYSE
FORH,ETF
BSEP,NYSE
BSEP,ETF
FVAL,NYSE
FVAL,ETF
EEMV,NYSE
EEMV,ETF
AFK,NYSE
AFK,ETF
RPG,NYSE
RPG,ETF
NYF,NYSE
NYF,ETF
CAMX,NYSE
CAMX,ETF
OCTH,NYSE
OCTH,ETF
RSPS,NYSE
RSPS,ETF
FCG,NYSE
FCG,ETF
PAWZ,NYSE
PAWZ,ETF
OGIG,NYSE
OGIG,ETF
ITA,NYSE
ITA,ETF
FXZ,NYSE
FXZ,ETF
AWEG,NYSE
AWEG,ETF
BBLU,NYSE
BBLU,ETF
IQHI,NYSE
IQHI,ETF
FELV,NYSE
FELV,ETF
AGQ,NYSE
AGQ,ETF
IWN,NYSE
IWN,ETF
DFCF,NYSE
DFCF,ETF
FCFY,NYSE
FCFY,ETF
FFOG,NYSE
FFOG,ETF
JANW,NYSE
JANW,ETF
NUEM,NYSE
NUEM,ETF
JDST,NYSE
JDST,ETF
BWET,NYSE
BWET,ETF
FIVA,NYSE
FIVA,ETF
EWX,NYSE
EWX,ETF
JANZ,NYSE
JANZ,ETF
FDLO,NYSE
FDLO,ETF
ARGT,NYSE
ARGT,ETF
KGRN,NYSE
KGRN,ETF
JMEE,NYSE
JMEE,ETF
BGIG,NYSE
BGIG,ETF
AVUV,NYSE
AVUV,ETF
MINO,NYSE
MINO,ETF
IBHI,NYSE
IBHI,ETF
FLSP,NYSE
FLSP,ETF
SCC,NYSE
SCC,ETF
BOE,NYSE
BOE,ETF
BBSB,NYSE
BBSB,ETF
BKCI,NYSE
BKCI,ETF
GMAR,NYSE
GMAR,ETF
FUTY,NYSE
FUTY,ETF
DBE,NYSE
DBE,ETF
MSTB,NYSE
MSTB,ETF
QTOC,NYSE
QTOC,ETF
ICF,NYSE
ICF,ETF
MGV,NYSE
MGV,ETF
IQSU,NYSE
IQSU,ETF
CSMD,NYSE
CSMD,ETF
EVNT,NYSE
EVNT,ETF
DWM,NYSE
DWM,ETF
FFND,NYSE
FFND,ETF
IWO,NYSE
IWO,ETF
JBBB,NYSE
JBBB,ETF
FNCL,NYSE
FNCL,ETF
AIYY,NYSE
AIYY,ETF
PZT,NYSE
PZT,ETF
FLTW,NYSE
FLTW,ETF
QDEF,NYSE
QDEF,ETF
MEMX,NYSE
MEMX,ETF
IDOG,NYSE
IDOG,ETF
OUSM,NYSE
OUSM,ETF
ICVT,NYSE
ICVT,ETF
IAU,NYSE
IAU,ETF
IWF,NYSE
IWF,ETF
GIGB,NYSE
GIGB,ETF
BUFB,NYSE
BUFB,ETF
CVIE,NYSE
CVIE,ETF
HSCZ,NYSE
HSCZ,ETF
GAPR,NYSE
GAPR,ETF
REM,NYSE
REM,ETF
NFLP,NYSE
NFLP,ETF
JUNW,NYSE
JUNW,ETF
NACP,NYSE
NACP,ETF
CALF,NYSE
CALF,ETF
CEW,NYSE
CEW,ETF
GMOI,NYSE
GMOI,ETF
MKOR,NYSE
MKOR,ETF
DMAR,NYSE
DMAR,ETF
APUE,NYSE
APUE,ETF
PTEU,NYSE
PTEU,ETF
ONLN,NYSE
ONLN,ETF
BETE,NYSE
BETE,ETF
BUCK,NYSE
BUCK,ETF
SDCI,NYSE
SDCI,ETF
DISV,NYSE
DISV,ETF
JUNT,NYSE
JUNT,ETF
IZRL,NYSE
IZRL,ETF
GDXU,NYSE
GDXU,ETF
CORP,NYSE
CORP,ETF
AOA,NYSE
AOA,ETF
MTBA,NYSE
MTBA,ETF
EVHY,NYSE
EVHY,ETF
CMCI,NYSE
CMCI,ETF
JUNZ,NYSE
JUNZ,ETF
BWZ,NYSE
BWZ,ETF
QLV,NYSE
QLV,ETF
DSTL,NYSE
DSTL,ETF
IBII,NYSE
IBII,ETF
LCTD,NYSE
LCTD,ETF
FXD,NYSE
FXD,ETF
NANR,NYSE
NANR,ETF
BBUS,NYSE
BBUS,ETF
FCT,NYSE
FCT,ETF
NRGD,NYSE
NRGD,ETF
OIH,NYSE
OIH,ETF
REK,NYSE
REK,ETF
IBHJ,NYSE
IBHJ,ETF
NEAR,NYSE
NEAR,ETF
ITDD,NYSE
ITDD,ETF
COWZ,NYSE
COWZ,ETF
FESM,NYSE
FESM,ETF
MGNR,NYSE
MGNR,ETF
AMZA,NYSE
AMZA,ETF
SATO,NYSE
SATO,ETF
LRNZ,NYSE
LRNZ,ETF
EDGE,NYSE
EDGE,ETF
PJP,NYSE
PJP,ETF
FLSA,NYSE
FLSA,ETF
GNR,NYSE
GNR,ETF
SCHK,NYSE
SCHK,ETF
DIM,NYSE
DIM,ETF
DFIP,NYSE
DFIP,ETF
LKOR,NYSE
LKOR,ETF
INOV,NYSE
INOV,ETF
EJUL,NYSE
EJUL,ETF
OVS,NYSE
OVS,ETF
IGBH,NYSE
IGBH,ETF
EWUS,NYSE
EWUS,ETF
IHDG,NYSE
IHDG,ETF
SHDG,NYSE
SHDG,ETF
PIFI,NYSE
PIFI,ETF
AFIF,NYSE
AFIF,ETF
ISCV,NYSE
ISCV,ETF
FTHF,NYSE
FTHF,ETF
IBIJ,NYSE
IBIJ,ETF
PSR,NYSE
PSR,ETF
ITEQ,NYSE
ITEQ,ETF
CPSR,NYSE
CPSR,ETF
JIRE,NYSE
JIRE,ETF
EMDM,NYSE
EMDM,ETF
EMNT,NYSE
EMNT,ETF
OBND,NYSE
OBND,ETF
DCMT,NYSE
DCMT,ETF
IBIE,NYSE
IBIE,ETF
FLRG,NYSE
FLRG,ETF
EWP,NYSE
EWP,ETF
BILD,NYSE
BILD,ETF
EWZ,NYSE
EWZ,ETF
EYLD,NYSE
EYLD,ETF
NULG,NYSE
NULG,ETF
DEFI,NYSE
DEFI,ETF
PHYD,NYSE
PHYD,ETF
ARKG,NYSE
ARKG,ETF
BILZ,NYSE
BILZ,ETF
GSEU,NYSE
GSEU,ETF
AHLT,NYSE
AHLT,ETF
CLOZ,NYSE
CLOZ,ETF
IVE,NYSE
IVE,ETF
HIYS,NYSE
HIYS,ETF
IMFL,NYSE
IMFL,ETF
PCIG,NYSE
PCIG,ETF
PQDI,NYSE
PQDI,ETF
BNO,NYSE
BNO,ETF
IGLB,NYSE
IGLB,ETF
DIVP,NYSE
DIVP,ETF
HFXI,NYSE
HFXI,ETF
BITB,NYSE
BITB,ETF
MMTM,NYSE
MMTM,ETF
JOET,NYSE
JOET,ETF
CSM,NYSE
CSM,ETF
KBE,NYSE
KBE,ETF
RFG,NYSE
RFG,ETF
BJUL,NYSE
BJUL,ETF
RJMG,NYSE
RJMG,ETF
OVLH,NYSE
OVLH,ETF
FNGD,NYSE
FNGD,ETF
DFVX,NYSE
DFVX,ETF
QLC,NYSE
QLC,ETF
JANT,NYSE
JANT,ETF
AVLC,NYSE
AVLC,ETF
PJUL,NYSE
PJUL,ETF
PTBD,NYSE
PTBD,ETF
AUGW,NYSE
AUGW,ETF
JMHI,NYSE
JMHI,ETF
EVUS,NYSE
EVUS,ETF
FSIG,NYSE
FSIG,ETF
BTCO,NYSE
BTCO,ETF
BFEB,NYSE
BFEB,ETF
HEQT,NYSE
HEQT,ETF
DFEN,NYSE
DFEN,ETF
NFRA,NYSE
NFRA,ETF
RPV,NYSE
RPV,ETF
NFLY,NYSE
NFLY,ETF
BAMV,NYSE
BAMV,ETF
AIVI,NYSE
AIVI,ETF
ERY,NYSE
ERY,ETF
OVB,NYSE
OVB,ETF
ASHS,NYSE
ASHS,ETF
HELO,NYSE
HELO,ETF
KSTR,NYSE
KSTR,ETF
GSIE,NYSE
GSIE,ETF
INKM,NYSE
INKM,ETF
CLOI,NYSE
CLOI,ETF
PPIE,NYSE
PPIE,ETF
LDUR,NYSE
LDUR,ETF
EPS,NYSE
EPS,ETF
CRDT,NYSE
CRDT,ETF
MISL,NYSE
MISL,ETF
SEIV,NYSE
SEIV,ETF
IWL,NYSE
IWL,ETF
GAUG,NYSE
GAUG,ETF
QINT,NYSE
QINT,ETF
JCPB,NYSE
JCPB,ETF
FXP,NYSE
FXP,ETF
EPHE,NYSE
EPHE,ETF
GOOY,NYSE
GOOY,ETF
FEIG,NYSE
FEIG,ETF
IMTM,NYSE
IMTM,ETF
CQQQ,NYSE
CQQQ,ETF
FPAG,NYSE
FPAG,ETF
JRE,NYSE
JRE,ETF
OSEA,NYSE
OSEA,ETF
PJFV,NYSE
PJFV,ETF
BBRE,NYSE
BBRE,ETF
BRLN,NYSE
BRLN,ETF
HFND,NYSE
HFND,ETF
IJR,NYSE
IJR,ETF
BWEB,NYSE
BWEB,ETF
GUSA,NYSE
GUSA,ETF
FIAX,NYSE
FIAX,ETF
FSYD,NYSE
FSYD,ETF
IWR,NYSE
IWR,ETF
IYZ,NYSE
IYZ,ETF
JPEM,NYSE
JPEM,ETF
KBA,NYSE
KBA,ETF
EWH,NYSE
EWH,ETF
AVGV,NYSE
AVGV,ETF
FBCG,NYSE
FBCG,ETF
INDS,NYSE
INDS,ETF
SGOV,NYSE
SGOV,ETF
FDEC,NYSE
FDEC,ETF
RHRX,NYSE
RHRX,ETF
BJUN,NYSE
BJUN,ETF
IBDS,NYSE
IBDS,ETF
PSIL,NYSE
PSIL,ETF
JBND,NYSE
JBND,ETF
PSQ,NYSE
PSQ,ETF
KCE,NYSE
KCE,ETF
FMAT,NYSE
FMAT,ETF
PBDC,NYSE
PBDC,ETF
QSIG,NYSE
QSIG,ETF
SCHP,NYSE
SCHP,ETF
EBND,NYSE
EBND,ETF
PJBF,NYSE
PJBF,ETF
IAUM,NYSE
IAUM,ETF
KNOW,NYSE
KNOW,ETF
ARKK,NYSE
ARKK,ETF
PSI,NYSE
PSI,ETF
GHYB,NYSE
GHYB,ETF
AIVC,NYSE
AIVC,ETF
QDTE,NYSE
QDTE,ETF
CAML,NYSE
CAML,ETF
AVRE,NYSE
AVRE,ETF
MSFY,NYSE
MSFY,ETF
ABEQ,NYSE
ABEQ,ETF
CGCP,NYSE
CGCP,ETF
GSJY,NYSE
GSJY,ETF
NDIV,NYSE
NDIV,ETF
GII,NYSE
GII,ETF
FTLS,NYSE
FTLS,ETF
SEIM,NYSE
SEIM,ETF
BAR,NYSE
BAR,ETF
IBID,NYSE
IBID,ETF
IMAR,NYSE
IMAR,ETF
GEM,NYSE
GEM,ETF
JPIE,NYSE
JPIE,ETF
CSD,NYSE
CSD,ETF
RYLD,NYSE
RYLD,ETF
RWJ,NYSE
RWJ,ETF
ERTH,NYSE
ERTH,ETF
EAOR,NYSE
EAOR,ETF
ITDC,NYSE
ITDC,ETF
ACVF,NYSE
ACVF,ETF
MDLV,NYSE
MDLV,ETF
HFGO,NYSE
HFGO,ETF
EALT,NYSE
EALT,ETF
BRAZ,NYSE
BRAZ,ETF
DGT,NYSE
DGT,ETF
EWC,NYSE
EWC,ETF
MMCA,NYSE
MMCA,ETF
FMCX,NYSE
FMCX,ETF
MRSK,NYSE
MRSK,ETF
NBDS,NYSE
NBDS,ETF
IQRA,NYSE
IQRA,ETF
SAEF,NYSE
SAEF,ETF
MMSC,NYSE
MMSC,ETF
ECNS,NYSE
ECNS,ETF
OCTT,NYSE
OCTT,ETF
IEDI,NYSE
IEDI,ETF
KWT,NYSE
KWT,ETF
FVD,NYSE
FVD,ETF
SCIO,NYSE
SCIO,ETF
DYNF,NYSE
DYNF,ETF
DJD,NYSE
DJD,ETF
ESIX,NYSE
ESIX,ETF
BUFD,NYSE
BUFD,ETF
AOR,NYSE
AOR,ETF
HYEM,NYSE
HYEM,ETF
BBAX,NYSE
BBAX,ETF
KLXY,NYSE
KLXY,ETF
IBMO,NYSE
IBMO,ETF
JSI,NYSE
JSI,ETF
DEW,NYSE
DEW,ETF
ONEY,NYSE
ONEY,ETF
MUSQ,NYSE
MUSQ,ETF
DFSE,NYSE
DFSE,ETF
MVRL,NYSE
MVRL,ETF
JVAL,NYSE
JVAL,ETF
MPRO,NYSE
MPRO,ETF
DBEF,NYSE
DBEF,ETF
SFYX,NYSE
SFYX,ETF
JANP,NYSE
JANP,ETF
ROMO,NYSE
ROMO,ETF
CVLC,NYSE
CVLC,ETF
MINN,NYSE
MINN,ETF
PSMR,NYSE
PSMR,ETF
GRN,NYSE
GRN,ETF
JPAN,NYSE
JPAN,ETF
CAAA,NYSE
CAAA,ETF
BKDV,NYSE
BKDV,ETF
GDXD,NYSE
GDXD,ETF
MBSD,NYSE
MBSD,ETF
MEM,NYSE
MEM,ETF
JPMO,NYSE
JPMO,ETF
ILCB,NYSE
ILCB,ETF
PFFA,NYSE
PFFA,ETF
IWS,NYSE
IWS,ETF
RPAR,NYSE
RPAR,ETF
SH,NYSE
SH,ETF
GLIN,NYSE
GLIN,ETF
DEUS,NYSE
DEUS,ETF
RSPC,NYSE
RSPC,ETF
QSPT,NYSE
QSPT,ETF
LQD,NYSE
LQD,ETF
HEWJ,NYSE
HEWJ,ETF
MLN,NYSE
MLN,ETF
RWL,NYSE
RWL,ETF
BUYW,NYSE
BUYW,ETF
NBCM,NYSE
NBCM,ETF
EMC,NYSE
EMC,ETF
AVSE,NYSE
AVSE,ETF
AJAN,NYSE
AJAN,ETF
DFIS,NYSE
DFIS,ETF
FXA,NYSE
FXA,ETF
SGDJ,NYSE
SGDJ,ETF
BAMY,NYSE
BAMY,ETF
FLAO,NYSE
FLAO,ETF
DBND,NYSE
DBND,ETF
PSCQ,NYSE
PSCQ,ETF
MTUL,NYSE
MTUL,ETF
IWX,NYSE
IWX,ETF
JHCB,NYSE
JHCB,ETF
FMAR,NYSE
FMAR,ETF
KXI,NYSE
KXI,ETF
FXN,NYSE
FXN,ETF
ARCM,NYSE
ARCM,ETF
BBAG,NYSE
BBAG,ETF
MIG,NYSE
MIG,ETF
ADFI,NYSE
ADFI,ETF
RXL,NYSE
RXL,ETF
IIGD,NYSE
IIGD,ETF
FXE,NYSE
FXE,ETF
FRDM,NYSE
FRDM,ETF
SHAG,NYSE
SHAG,ETF
MEXX,NYSE
MEXX,ETF
ESGV,NYSE
ESGV,ETF
FLEE,NYSE
FLEE,ETF
MYY,NYSE
MYY,ETF
QVMM,NYSE
QVMM,ETF
ESG,NYSE
ESG,ETF
KNG,NYSE
KNG,ETF
EMTL,NYSE
EMTL,ETF
NRSH,NYSE
NRSH,ETF
LOPP,NYSE
LOPP,ETF
GAMR,NYSE
GAMR,ETF
SEPT,NYSE
SEPT,ETF
HELX,NYSE
HELX,ETF
BYRE,NYSE
BYRE,ETF
MOTO,NYSE
MOTO,ETF
AETH,NYSE
AETH,ETF
PBW,NYSE
PBW,ETF
ADPV,NYSE
ADPV,ETF
BBCB,NYSE
BBCB,ETF
MEAR,NYSE
MEAR,ETF
DBAW,NYSE
DBAW,ETF
EUSB,NYSE
EUSB,ETF
CGIE,NYSE
CGIE,ETF
ISCG,NYSE
ISCG,ETF
FLMB,NYSE
FLMB,ETF
ARKD,NYSE
ARKD,ETF
KJAN,NYSE
KJAN,ETF
BLCV,NYSE
BLCV,ETF
SGDM,NYSE
SGDM,ETF
EUDG,NYSE
EUDG,ETF
PSTP,NYSE
PSTP,ETF
RXD,NYSE
RXD,ETF
ACIO,NYSE
ACIO,ETF
QQQU,NYSE
QQQU,ETF
APRT,NYSE
APRT,ETF
DABS,NYSE
DABS,ETF
ILTB,NYSE
ILTB,ETF
OAIM,NYSE
OAIM,ETF
PCEF,NYSE
PCEF,ETF
HDEF,NYSE
HDEF,ETF
IWFG,NYSE
IWFG,ETF
IGTR,NYSE
IGTR,ETF
PULS,NYSE
PULS,ETF
QDIV,NYSE
QDIV,ETF
GDOC,NYSE
GDOC,ETF
PSCJ,NYSE
PSCJ,ETF
FENI,NYSE
FENI,ETF
DUBS,NYSE
DUBS,ETF
MOAT,NYSE
MOAT,ETF
ROUS,NYSE
ROUS,ETF
SECT,NYSE
SECT,ETF
IEMG,NYSE
IEMG,ETF
CMDT,NYSE
CMDT,ETF
BCDF,NYSE
BCDF,ETF
CGXU,NYSE
CGXU,ETF
HYGH,NYSE
HYGH,ETF
AVEE,NYSE
AVEE,ETF
RVER,NYSE
RVER,ETF
MVV,NYSE
MVV,ETF
DFNL,NYSE
DFNL,ETF
IQSM,NYSE
IQSM,ETF
MMIT,NYSE
MMIT,ETF
FSEC,NYSE
FSEC,ETF
BAB,NYSE
BAB,ETF
GXUS,NYSE
GXUS,ETF
MRNY,NYSE
MRNY,ETF
PAMC,NYSE
PAMC,ETF
DDWM,NYSE
DDWM,ETF
PHB,NYSE
PHB,ETF
GBTC,NYSE
GBTC,ETF
GUSH,NYSE
GUSH,ETF
FIGB,NYSE
FIGB,ETF
CWS,NYSE
CWS,ETF
FXY,NYSE
FXY,ETF
PICK,NYSE
PICK,ETF
MFDX,NYSE
MFDX,ETF
FIW,NYSE
FIW,ETF
GFEB,NYSE
GFEB,ETF
BZQ,NYSE
BZQ,ETF
BMED,NYSE
BMED,ETF
QLD,NYSE
QLD,ETF
NUSA,NYSE
NUSA,ETF
KOKU,NYSE
KOKU,ETF
IOPP,NYSE
IOPP,ETF
IXC,NYSE
IXC,ETF
QEFA,NYSE
QEFA,ETF
BIZD,NYSE
BIZD,ETF
CRPT,NYSE
CRPT,ETF
OARK,NYSE
OARK,ETF
EWL,NYSE
EWL,ETF
QAI,NYSE
QAI,ETF
FLQL,NYSE
FLQL,ETF
FSMD,NYSE
FSMD,ETF
ARKF,NYSE
ARKF,ETF
FUNL,NYSE
FUNL,ETF
PNOV,NYSE
PNOV,ETF
BIV,NYSE
BIV,ETF
DFAS,NYSE
DFAS,ETF
JANJ,NYSE
JANJ,ETF
BBSC,NYSE
BBSC,ETF
EOCT,NYSE
EOCT,ETF
IVOL,NYSE
IVOL,ETF
AFLG,NYSE
AFLG,ETF
JSCP,NYSE
JSCP,ETF
IJUL,NYSE
IJUL,ETF
PSMD,NYSE
PSMD,ETF
SFEB,NYSE
SFEB,ETF
SCO,NYSE
SCO,ETF
KVLE,NYSE
KVLE,ETF
EFNL,NYSE
EFNL,ETF
CGV,NYSE
CGV,ETF
PSF,NYSE
PSF,ETF
DIEM,NYSE
DIEM,ETF
RXI,NYSE
RXI,ETF
HYIN,NYSE
HYIN,ETF
IVVW,NYSE
IVVW,ETF
EFAV,NYSE
EFAV,ETF
OACP,NYSE
OACP,ETF
ISCF,NYSE
ISCF,ETF
BITU,NYSE
BITU,ETF
GSLC,NYSE
GSLC,ETF
FWD,NYSE
FWD,ETF
EELV,NYSE
EELV,ETF
JDVI,NYSE
JDVI,ETF
IWLG,NYSE
IWLG,ETF
FEBZ,NYSE
FEBZ,ETF
EET,NYSE
EET,ETF
REVS,NYSE
REVS,ETF
DOGG,NYSE
DOGG,ETF
AVDS,NYSE
AVDS,ETF
INMU,NYSE
INMU,ETF
PCGG,NYSE
PCGG,ETF
DTH,NYSE
DTH,ETF
ITOT,NYSE
ITOT,ETF
PHDG,NYSE
PHDG,ETF
GGM,NYSE
GGM,ETF
ITAN,NYSE
ITAN,ETF
IDHQ,NYSE
IDHQ,ETF
IFRA,NYSE
IFRA,ETF
CLIX,NYSE
CLIX,ETF
PAB,NYSE
PAB,ETF
DSI,NYSE
DSI,ETF
MVFG,NYSE
MVFG,ETF
GEMD,NYSE
GEMD,ETF
PPLT,NYSE
PPLT,ETF
PSK,NYSE
PSK,ETF
PIT,NYSE
PIT,ETF
BNKD,NYSE
BNKD,ETF
NUGT,NYSE
NUGT,ETF
BALI,NYSE
BALI,ETF
BETZ,NYSE
BETZ,ETF
PBP,NYSE
PBP,ETF
FFSM,NYSE
FFSM,ETF
MUST,NYSE
MUST,ETF
IBIG,NYSE
IBIG,ETF
DUSA,NYSE
DUSA,ETF
BBC,NYSE
BBC,ETF
CGGO,NYSE
CGGO,ETF
IVOV,NYSE
IVOV,ETF
PRFD,NYSE
PRFD,ETF
PALC,NYSE
PALC,ETF
NULC,NYSE
NULC,ETF
SFY,NYSE
SFY,ETF
PLTM,NYSE
PLTM,ETF
ITDE,NYSE
ITDE,ETF
GOLY,NYSE
GOLY,ETF
DFUS,NYSE
DFUS,ETF
MUNI,NYSE
MUNI,ETF
MAKX,NYSE
MAKX,ETF
FLCA,NYSE
FLCA,ETF
IWC,NYSE
IWC,ETF
HODL,NYSE
HODL,ETF
FFA,NYSE
FFA,ETF
GGRW,NYSE
GGRW,ETF
FDEV,NYSE
FDEV,ETF
IDVO,NYSE
IDVO,ETF
EPI,NYSE
EPI,ETF
PWER,NYSE
PWER,ETF
RDIV,NYSE
RDIV,ETF
AGRH,NYSE
AGRH,ETF
PSEP,NYSE
PSEP,ETF
MSSS,NYSE
MSSS,ETF
PST,NYSE
PST,ETF
GQI,NYSE
GQI,ETF
DBL,NYSE
DBL,ETF
AUSF,NYSE
AUSF,ETF
ADME,NYSE
ADME,ETF
BWTG,NYSE
BWTG,ETF
CMF,NYSE
CMF,ETF
MSTY,NYSE
MSTY,ETF
BERZ,NYSE
BERZ,ETF
KNCT,NYSE
KNCT,ETF
EAPR,NYSE
EAPR,ETF
DJAN,NYSE
DJAN,ETF
FXU,NYSE
FXU,ETF
ADIV,NYSE
ADIV,ETF
IRTR,NYSE
IRTR,ETF
INQQ,NYSE
INQQ,ETF
FEBW,NYSE
FEBW,ETF
GAA,NYSE
GAA,ETF
JMST,NYSE
JMST,ETF
APCB,NYSE
APCB,ETF
RSPN,NYSE
RSPN,ETF
RHTX,NYSE
RHTX,ETF
FXO,NYSE
FXO,ETF
FXF,NYSE
FXF,ETF
IHY,NYSE
IHY,ETF
SCHA,NYSE
SCHA,ETF
FDLS,NYSE
FDLS,ETF
HYDW,NYSE
HYDW,ETF
RFCI,NYSE
RFCI,ETF
CCEF,NYSE
CCEF,ETF
ADVE,NYSE
ADVE,ETF
BAPR,NYSE
BAPR,ETF
IHE,NYSE
IHE,ETF
GRPZ,NYSE
GRPZ,ETF
MYLD,NYSE
MYLD,ETF
GDX,NYSE
GDX,ETF
GDX,STOCK
BENJ,NYSE
BENJ,ETF
DECT,NYSE
DECT,ETF
NOVZ,NYSE
NOVZ,ETF
IDEC,NYSE
IDEC,ETF
IMCB,NYSE
IMCB,ETF
SCHY,NYSE
SCHY,ETF
HYMB,NYSE
HYMB,ETF
GGME,NYSE
GGME,ETF
MART,NYSE
MART,ETF
FXL,NYSE
FXL,ETF
FLOT,NYSE
FLOT,ETF
CWI,NYSE
CWI,ETF
FPRO,NYSE
FPRO,ETF
HAIL,NYSE
HAIL,ETF
OSCV,NYSE
OSCV,ETF
QPX,NYSE
QPX,ETF
FLSW,NYSE
FLSW,ETF
JSTC,NYSE
JSTC,ETF
APLY,NYSE
APLY,ETF
DWX,NYSE
DWX,ETF
IHAK,NYSE
IHAK,ETF
DGZ,NYSE
DGZ,ETF
FLMI,NYSE
FLMI,ETF
CGBL,NYSE
CGBL,ETF
BDVG,NYSE
BDVG,ETF
DOL,NYSE
DOL,ETF
IWMY,NYSE
IWMY,ETF
FNDF,NYSE
FNDF,ETF
OVL,NYSE
OVL,ETF
QGRO,NYSE
QGRO,ETF
SCHB,NYSE
SCHB,ETF
SCHO,NYSE
SCHO,ETF
PEXL,NYSE
PEXL,ETF
KEMQ,NYSE
KEMQ,ETF
IDMO,NYSE
IDMO,ETF
IVOG,NYSE
IVOG,ETF
LEMB,NYSE
LEMB,ETF
SCHG,NYSE
SCHG,ETF
SDVD,NYSE
SDVD,ETF
QDPL,NYSE
QDPL,ETF
GMAY,NYSE
GMAY,ETF
JULH,NYSE
JULH,ETF
RSPM,NYSE
RSPM,ETF
OILU,NYSE
OILU,ETF
IWFL,NYSE
IWFL,ETF
FMAG,NYSE
FMAG,ETF
IBMR,NYSE
IBMR,ETF
KARS,NYSE
KARS,ETF
DBC,NYSE
DBC,ETF
BRF,NYSE
BRF,ETF
HUSV,NYSE
HUSV,ETF
GSY,NYSE
GSY,ETF
ISRA,NYSE
ISRA,ETF
IVRS,NYSE
IVRS,ETF
DRUP,NYSE
DRUP,ETF
FLTR,NYSE
FLTR,ETF
RSSB,NYSE
RSSB,ETF
EMHC,NYSE
EMHC,ETF
DISO,NYSE
DISO,ETF
ICLO,NYSE
ICLO,ETF
LJAN,NYSE
LJAN,ETF
FLJH,NYSE
FLJH,ETF
DFSB,NYSE
DFSB,ETF
DFSU,NYSE
DFSU,ETF
RWK,NYSE
RWK,ETF
KJUL,NYSE
KJUL,ETF
IDGT,NYSE
IDGT,ETF
AVMA,NYSE
AVMA,ETF
CGMU,NYSE
CGMU,ETF
OUSA,NYSE
OUSA,ETF
IBLC,NYSE
IBLC,ETF
JPUS,NYSE
JPUS,ETF
JPSV,NYSE
JPSV,ETF
FTEC,NYSE
FTEC,ETF
FFLC,NYSE
FFLC,ETF
NVBW,NYSE
NVBW,ETF
LQIG,NYSE
LQIG,ETF
ASEA,NYSE
ASEA,ETF
IYY,NYSE
IYY,ETF
QVMS,NYSE
QVMS,ETF
IBHG,NYSE
IBHG,ETF
DJUN,NYSE
DJUN,ETF
IQLT,NYSE
IQLT,ETF
INFL,NYSE
INFL,ETF
RSPE,NYSE
RSPE,ETF
FLIA,NYSE
FLIA,ETF
RSHO,NYSE
RSHO,ETF
GLRY,NYSE
GLRY,ETF
MAGA,NYSE
MAGA,ETF
IFED,NYSE
IFED,ETF
EEMS,NYSE
EEMS,ETF
PBMR,NYSE
PBMR,ETF
PFIG,NYSE
PFIG,ETF
RWO,NYSE
RWO,ETF
FDIS,NYSE
FDIS,ETF
OALC,NYSE
OALC,ETF
FEBP,NYSE
FEBP,ETF
AGZ,NYSE
AGZ,ETF
PCRB,NYSE
PCRB,ETF
SCHQ,NYSE
SCHQ,ETF
EES,NYSE
EES,ETF
JPME,NYSE
JPME,ETF
HDLB,NYSE
HDLB,ETF
GLL,NYSE
GLL,ETF
EMHY,NYSE
EMHY,ETF
EFAX,NYSE
EFAX,ETF
MAGS,NYSE
MAGS,ETF
APRH,NYSE
APRH,ETF
ACSI,NYSE
ACSI,ETF
BIL,NYSE
BIL,ETF
BBMC,NYSE
BBMC,ETF
POWA,NYSE
POWA,ETF
DRIP,NYSE
DRIP,ETF
LSEQ,NYSE
LSEQ,ETF
MTGP,NYSE
MTGP,ETF
KMLM,NYSE
KMLM,ETF
FTSD,NYSE
FTSD,ETF
GSPY,NYSE
GSPY,ETF
FDN,NYSE
FDN,ETF
BCUS,NYSE
BCUS,ETF
AVUS,NYSE
AVUS,ETF
EPOL,NYSE
EPOL,ETF
PTMC,NYSE
PTMC,ETF
MCH,NYSE
MCH,ETF
APRJ,NYSE
APRJ,ETF
GDMN,NYSE
GDMN,ETF
EZA,NYSE
EZA,ETF
NORW,NYSE
NORW,ETF
RISR,NYSE
RISR,ETF
JEPI,NYSE
JEPI,ETF
MVFD,NYSE
MVFD,ETF
HGER,NYSE
HGER,ETF
ITDI,NYSE
ITDI,ETF
PBJ,NYSE
PBJ,ETF
JIG,NYSE
JIG,ETF
DSEP,NYSE
DSEP,ETF
CRAK,NYSE
CRAK,ETF
JAVA,NYSE
JAVA,ETF
SCHH,NYSE
SCHH,ETF
NJAN,NYSE
NJAN,ETF
QLVD,NYSE
QLVD,ETF
DGIN,NYSE
DGIN,ETF
REZ,NYSE
REZ,ETF
FDEM,NYSE
FDEM,ETF
BPAY,NYSE
BPAY,ETF
PBL,NYSE
PBL,ETF
FLRT,NYSE
FLRT,ETF
CDEI,NYSE
CDEI,ETF
BUL,NYSE
BUL,ETF
NBCE,NYSE
NBCE,ETF
MSTI,NYSE
MSTI,ETF
EMM,NYSE
EMM,ETF
AZTD,NYSE
AZTD,ETF
APRZ,NYSE
APRZ,ETF
DUSL,NYSE
DUSL,ETF
DVYE,NYSE
DVYE,ETF
MMLG,NYSE
MMLG,ETF
DUG,NYSE
DUG,ETF
FJUL,NYSE
FJUL,ETF
EMGF,NYSE
EMGF,ETF
IDEV,NYSE
IDEV,ETF
EQAL,NYSE
EQAL,ETF
PSFF,NYSE
PSFF,ETF
PBTP,NYSE
PBTP,ETF
EFZ,NYSE
EFZ,ETF
PILL,NYSE
PILL,ETF
IG,NYSE
IG,ETF
HTUS,NYSE
HTUS,ETF
EWM,NYSE
EWM,ETF
JNK,NYSE
JNK,ETF
RAFE,NYSE
RAFE,ETF
RECS,NYSE
RECS,ETF
EZBC,NYSE
EZBC,ETF
SDS,NYSE
SDS,ETF
PEX,NYSE
PEX,ETF
CVRD,NYSE
CVRD,ETF
NUGO,NYSE
NUGO,ETF
FXB,NYSE
FXB,ETF
ALTL,NYSE
ALTL,ETF
APIE,NYSE
APIE,ETF
CBSE,NYSE
CBSE,ETF
HYDB,NYSE
HYDB,ETF
PSFM,NYSE
PSFM,ETF
HYUP,NYSE
HYUP,ETF
QTAP,NYSE
QTAP,ETF
EDIV,NYSE
EDIV,ETF
NTSE,NYSE
NTSE,ETF
SCHC,NYSE
SCHC,ETF
MRGR,NYSE
MRGR,ETF
SCAP,NYSE
SCAP,ETF
FMQQ,NYSE
FMQQ,ETF
ROKT,NYSE
ROKT,ETF
IYC,NYSE
IYC,ETF
CGGR,NYSE
CGGR,ETF
FIIG,NYSE
FIIG,ETF
IYM,NYSE
IYM,ETF
CEMB,NYSE
CEMB,ETF
QUVU,NYSE
QUVU,ETF
BCX,NYSE
BCX,ETF
GCOW,NYSE
GCOW,ETF
FNGG,NYSE
FNGG,ETF
APRW,NYSE
APRW,ETF
PWZ,NYSE
PWZ,ETF
BIT,NYSE
BIT,ETF
EZU,NYSE
EZU,ETF
CPER,NYSE
CPER,ETF
IEV,NYSE
IEV,ETF
HPS,NYSE
HPS,ETF
EZJ,NYSE
EZJ,ETF
FRNW,NYSE
FRNW,ETF
BIBL,NYSE
BIBL,ETF
HEEM,NYSE
HEEM,ETF
BBIN,NYSE
BBIN,ETF
BULZ,NYSE
BULZ,ETF
CGW,NYSE
CGW,ETF
EETH,NYSE
EETH,ETF
EIPX,NYSE
EIPX,ETF
JMUB,NYSE
JMUB,ETF
NJUL,NYSE
NJUL,ETF
FAPR,NYSE
FAPR,ETF
INCO,NYSE
INCO,ETF
BBP,NYSE
BBP,ETF
PAPI,NYSE
PAPI,ETF
FAZ,NYSE
FAZ,ETF
LRGC,NYSE
LRGC,ETF
CVAR,NYSE
CVAR,ETF
GMUN,NYSE
GMUN,ETF
CURE,NYSE
CURE,ETF
FXI,NYSE
FXI,ETF
BCD,NYSE
BCD,ETF
GVLU,NYSE
GVLU,ETF
HYTR,NYSE
HYTR,ETF
PFFL,NYSE
PFFL,ETF
BEMB,NYSE
BEMB,ETF
AVGE,NYSE
AVGE,ETF
LCTU,NYSE
LCTU,ETF
IAK,NYSE
IAK,ETF
REW,NYSE
REW,ETF
ILDR,NYSE
ILDR,ETF
IDRV,NYSE
IDRV,ETF
LQDW,NYSE
LQDW,ETF
LGH,NYSE
LGH,ETF
LIT,NYSE
LIT,ETF
BETH,NYSE
BETH,ETF
ENFR,NYSE
ENFR,ETF
EMCR,NYSE
EMCR,ETF
LBAY,NYSE
LBAY,ETF
NETL,NYSE
NETL,ETF
PRNT,NYSE
PRNT,ETF
GSUS,NYSE
GSUS,ETF
BKUI,NYSE
BKUI,ETF
EFAD,NYSE
EFAD,ETF
AVSF,NYSE
AVSF,ETF
CVSB,NYSE
CVSB,ETF
BOUT,NYSE
BOUT,ETF
JPXN,NYSE
JPXN,ETF
GSC,NYSE
GSC,ETF
FCLD,NYSE
FCLD,ETF
IRET,NYSE
IRET,ETF
DJIA,NYSE
DJIA,ETF
SEPZ,NYSE
SEPZ,ETF
ESML,NYSE
ESML,ETF
FMAY,NYSE
FMAY,ETF
IGPT,NYSE
IGPT,ETF
FCUS,NYSE
FCUS,ETF
NUKZ,NYSE
NUKZ,ETF
IYT,NYSE
IYT,ETF
PMAY,NYSE
PMAY,ETF
DAT,NYSE
DAT,ETF
NDVG,NYSE
NDVG,ETF
BOAT,NYSE
BOAT,ETF
BLV,NYSE
BLV,ETF
ISWN,NYSE
ISWN,ETF
DUST,NYSE
DUST,ETF
KRBN,NYSE
KRBN,ETF
INDL,NYSE
INDL,ETF
DRSK,NYSE
DRSK,ETF
ROM,NYSE
ROM,ETF
GDMA,NYSE
GDMA,ETF
IYJ,NYSE
IYJ,ETF
BKSE,NYSE
BKSE,ETF
BCI,NYSE
BCI,ETF
MBOX,NYSE
MBOX,ETF
BDCX,NYSE
BDCX,ETF
IVLU,NYSE
IVLU,ETF
NVDY,NYSE
NVDY,ETF
PDN,NYSE
PDN,ETF
FLKR,NYSE
FLKR,ETF
HEGD,NYSE
HEGD,ETF
GDXJ,NYSE
GDXJ,ETF
DECZ,NYSE
DECZ,ETF
LOWV,NYSE
LOWV,ETF
DRV,NYSE
DRV,ETF
GOF,NYSE
GOF,ETF
ITDH,NYSE
ITDH,ETF
IBMP,NYSE
IBMP,ETF
IDV,NYSE
IDV,ETF
FYLD,NYSE
FYLD,ETF
JMOM,NYSE
JMOM,ETF
MAPP,NYSE
MAPP,ETF
HIBL,NYSE
HIBL,ETF
SBND,NYSE
SBND,ETF
CONY,NYSE
CONY,ETF
FNOV,NYSE
FNOV,ETF
CEFS,NYSE
CEFS,ETF
BLOK,NYSE
BLOK,ETF
PSMJ,NYSE
PSMJ,ETF
BUYZ,NYSE
BUYZ,ETF
BKEM,NYSE
BKEM,ETF
FNGS,NYSE
FNGS,ETF
AESR,NYSE
AESR,ETF
SCHR,NYSE
SCHR,ETF
RDFI,NYSE
RDFI,ETF
RSST,NYSE
RSST,ETF
BTRN,NYSE
BTRN,ETF
DECW,NYSE
DECW,ETF
IYW,NYSE
IYW,ETF
FLDR,NYSE
FLDR,ETF
MBCC,NYSE
MBCC,ETF
GDEC,NYSE
GDEC,ETF
POCT,NYSE
POCT,ETF
GSEE,NYSE
GSEE,ETF
PJAN,NYSE
PJAN,ETF
AMAX,NYSE
AMAX,ETF
LTL,NYSE
LTL,ETF
ISEP,NYSE
ISEP,ETF
AGQI,NYSE
AGQI,ETF
COPX,NYSE
COPX,ETF
IJJ,NYSE
IJJ,ETF
FDRR,NYSE
FDRR,ETF
AOM,NYSE
AOM,ETF
BKF,NYSE
BKF,ETF
MAGG,NYSE
MAGG,ETF
BNOV,NYSE
BNOV,ETF
IAT,NYSE
IAT,ETF
SCMB,NYSE
SCMB,ETF
AWAY,NYSE
AWAY,ETF
IGHG,NYSE
IGHG,ETF
MARZ,NYSE
MARZ,ETF
MVAL,NYSE
MVAL,ETF
HYBL,NYSE
HYBL,ETF
EAOA,NYSE
EAOA,ETF
MDYV,NYSE
MDYV,ETF
FFTY,NYSE
FFTY,ETF
MSTQ,NYSE
MSTQ,ETF
IPOS,NYSE
IPOS,ETF
CWB,NYSE
CWB,ETF
AGGH,NYSE
AGGH,ETF
RMIF,NYSE
RMIF,ETF
FDD,NYSE
FDD,ETF
PBD,NYSE
PBD,ETF
GTEK,NYSE
GTEK,ETF
AGOX,NYSE
AGOX,ETF
ARKQ,NYSE
ARKQ,ETF
GOOX,NYSE
GOOX,ETF
JHPI,NYSE
JHPI,ETF
DIG,NYSE
DIG,ETF
DGRO,NYSE
DGRO,ETF
INDE,NYSE
INDE,ETF
BOXX,NYSE
BOXX,ETF
FQAL,NYSE
FQAL,ETF
DBEZ,NYSE
DBEZ,ETF
HF,NYSE
HF,ETF
BAMB,NYSE
BAMB,ETF
RAYJ,NYSE
RAYJ,ETF
EAOM,NYSE
EAOM,ETF
NFLT,NYSE
NFLT,ETF
ASHR,NYSE
ASHR,ETF
DFJ,NYSE
DFJ,ETF
OAEM,NYSE
OAEM,ETF
CMDY,NYSE
CMDY,ETF
FIDU,NYSE
FIDU,ETF
EWN,NYSE
EWN,ETF
CRED,NYSE
CRED,ETF
EUDV,NYSE
EUDV,ETF
LALT,NYSE
LALT,ETF
GWX,NYSE
GWX,ETF
RVNU,NYSE
RVNU,ETF
GSSC,NYSE
GSSC,ETF
IEZ,NYSE
IEZ,ETF
DLS,NYSE
DLS,ETF
AVES,NYSE
AVES,ETF
GOCT,NYSE
GOCT,ETF
CAPE,NYSE
CAPE,ETF
FIXP,NYSE
FIXP,ETF
PSFJ,NYSE
PSFJ,ETF
FBTC,NYSE
FBTC,ETF
PXE,NYSE
PXE,ETF
DFLV,NYSE
DFLV,ETF
DFEM,NYSE
DFEM,ETF
FLGR,NYSE
FLGR,ETF
CDX,NYSE
CDX,ETF
COAL,NYSE
COAL,ETF
JHMM,NYSE
JHMM,ETF
MSFO,NYSE
MSFO,ETF
DEED,NYSE
DEED,ETF
ION,NYSE
ION,ETF
IVVM,NYSE
IVVM,ETF
MUSI,NYSE
MUSI,ETF
IJH,NYSE
IJH,ETF
DURA,NYSE
DURA,ETF
QJUN,NYSE
QJUN,ETF
HDG,NYSE
HDG,ETF
BTAL,NYSE
BTAL,ETF
DFUV,NYSE
DFUV,ETF
GSEW,NYSE
GSEW,ETF
CANE,NYSE
CANE,ETF
MVPL,NYSE
MVPL,ETF
DFE,NYSE
DFE,ETF
RNWZ,NYSE
RNWZ,ETF
DFAR,NYSE
DFAR,ETF
OCTJ,NYSE
OCTJ,ETF
MBSF,NYSE
MBSF,ETF
IEFA,NYSE
IEFA,ETF
DXD,NYSE
DXD,ETF
FRTY,NYSE
FRTY,ETF
BAMO,NYSE
BAMO,ETF
DLN,NYSE
DLN,ETF
FMNY,NYSE
FMNY,ETF
PFFD,NYSE
PFFD,ETF
ITDB,NYSE
ITDB,ETF
EWA,NYSE
EWA,ETF
GSID,NYSE
GSID,ETF
QLTA,NYSE
QLTA,ETF
HEDJ,NYSE
HEDJ,ETF
PZA,NYSE
PZA,ETF
JHEM,NYSE
JHEM,ETF
AGG,NYSE
AGG,ETF
SCHM,NYSE
SCHM,ETF
FDVV,NYSE
FDVV,ETF
AVIE,NYSE
AVIE,ETF
EPP,NYSE
EPP,ETF
HAP,NYSE
HAP,ETF
CMBS,NYSE
CMBS,ETF
HIGH,NYSE
HIGH,ETF
FPE,NYSE
FPE,ETF
SEMI,NYSE
SEMI,ETF
EWW,NYSE
EWW,ETF
RYLG,NYSE
RYLG,ETF
AVSC,NYSE
AVSC,ETF
BAMA,NYSE
BAMA,ETF
KDRN,NYSE
KDRN,ETF
FMDE,NYSE
FMDE,ETF
GVI,NYSE
GVI,ETF
DBA,NYSE
DBA,ETF
DBA,STOCK
AVEM,NYSE
AVEM,ETF
QLVE,NYSE
QLVE,ETF
BFOR,NYSE
BFOR,ETF
GURU,NYSE
GURU,ETF
RITA,NYSE
RITA,ETF
JPLD,NYSE
JPLD,ETF
EMSF,NYSE
EMSF,ETF
BSV,NYSE
BSV,ETF
PAAA,NYSE
PAAA,ETF
NBSM,NYSE
NBSM,ETF
DFAI,NYSE
DFAI,ETF
CGDV,NYSE
CGDV,ETF
AVSD,NYSE
AVSD,ETF
FLOW,NYSE
FLOW,ETF
FSEP,NYSE
FSEP,ETF
IYK,NYSE
IYK,ETF
PFUT,NYSE
PFUT,ETF
GPTY,NYSE
GPTY,ETF
GMET,NYSE
GMET,ETF
ITB,NYSE
ITB,ETF
JHMB,NYSE
JHMB,ETF
PFIX,NYSE
PFIX,ETF
EQWL,NYSE
EQWL,ETF
DHS,NYSE
DHS,ETF
RWR,NYSE
RWR,ETF
GLOF,NYSE
GLOF,ETF
MIDE,NYSE
MIDE,ETF
MARW,NYSE
MARW,ETF
DAUG,NYSE
DAUG,ETF
AFSM,NYSE
AFSM,ETF
IMCG,NYSE
IMCG,ETF
PPA,NYSE
PPA,ETF
LOCT,NYSE
LOCT,ETF
SDY,NYSE
SDY,ETF
RDVI,NYSE
RDVI,ETF
IJK,NYSE
IJK,ETF
IBMQ,NYSE
IBMQ,ETF
BUFZ,NYSE
BUFZ,ETF
JULJ,NYSE
JULJ,ETF
HIBS,NYSE
HIBS,ETF
DFIV,NYSE
DFIV,ETF
EZM,NYSE
EZM,ETF
RSPT,NYSE
RSPT,ETF
QARP,NYSE
QARP,ETF
HDV,NYSE
HDV,ETF
DARP,NYSE
DARP,ETF
OBOR,NYSE
OBOR,ETF
DINT,NYSE
DINT,ETF
FDND,NYSE
FDND,ETF
FXR,NYSE
FXR,ETF
RETL,NYSE
RETL,ETF
ITDF,NYSE
ITDF,ETF
CSHI,NYSE
CSHI,ETF
IJAN,NYSE
IJAN,ETF
IYF,NYSE
IYF,ETF
KOCT,NYSE
KOCT,ETF
LSGR,NYSE
LSGR,ETF
ILCG,NYSE
ILCG,ETF
SAMT,NYSE
SAMT,ETF
FLEU,NYSE
FLEU,ETF
DAPR,NYSE
DAPR,ETF
LFEQ,NYSE
LFEQ,ETF
DWMF,NYSE
DWMF,ETF
FLHY,NYSE
FLHY,ETF
IXG,NYSE
IXG,ETF
OEF,NYSE
OEF,ETF
EIRL,NYSE
EIRL,ETF
RSPR,NYSE
RSPR,ETF
NVDX,NYSE
NVDX,ETF
LBO,NYSE
LBO,ETF
BRZU,NYSE
BRZU,ETF
JUCY,NYSE
JUCY,ETF
KOMP,NYSE
KOMP,ETF
SDP,NYSE
SDP,ETF
BITI,NYSE
BITI,ETF
PSMO,NYSE
PSMO,ETF
PPTY,NYSE
PPTY,ETF
RPHS,NYSE
RPHS,ETF
BOCT,NYSE
BOCT,ETF
BUFF,NYSE
BUFF,ETF
HYBB,NYSE
HYBB,ETF
HYSA,NYSE
HYSA,ETF
PAUG,NYSE
PAUG,ETF
BITC,NYSE
BITC,ETF
DPST,NYSE
DPST,ETF
BSR,NYSE
BSR,ETF
CHAT,NYSE
CHAT,ETF
PDEC,NYSE
PDEC,ETF
MVPA,NYSE
MVPA,ETF
CBLS,NYSE
CBLS,ETF
CBOJ,NYSE
CBOJ,ETF
IETC,NYSE
IETC,ETF
NAIL,NYSE
NAIL,ETF
FNGU,NYSE
FNGU,ETF
HYS,NYSE
HYS,ETF
PICB,NYSE
PICB,ETF
JULW,NYSE
JULW,ETF
CZA,NYSE
CZA,ETF
JUST,NYSE
JUST,ETF
NTSI,NYSE
NTSI,ETF
FPFD,NYSE
FPFD,ETF
DBEU,NYSE
DBEU,ETF
DFAU,NYSE
DFAU,ETF
RBLD,NYSE
RBLD,ETF
AAA,NYSE
AAA,ETF
JHMU,NYSE
JHMU,ETF
JCHI,NYSE
JCHI,ETF
FNGO,NYSE
FNGO,ETF
FSMB,NYSE
FSMB,ETF
IPAC,NYSE
IPAC,ETF
QDF,NYSE
QDF,ETF
SGOL,NYSE
SGOL,ETF
FMY,NYSE
FMY,ETF
EMLC,NYSE
EMLC,ETF
MLPX,NYSE
MLPX,ETF
MNA,NYSE
MNA,ETF
IYG,NYSE
IYG,ETF
BGLD,NYSE
BGLD,ETF
ISVL,NYSE
ISVL,ETF
FCOM,NYSE
FCOM,ETF
SGLC,NYSE
SGLC,ETF
RIET,NYSE
RIET,ETF
BMVP,NYSE
BMVP,ETF
GRPM,NYSE
GRPM,ETF
AVMU,NYSE
AVMU,ETF
FUMB,NYSE
FUMB,ETF
DFAX,NYSE
DFAX,ETF
PGX,NYSE
PGX,ETF
PVI,NYSE
PVI,ETF
PTY,NYSE
PTY,ETF
FLRN,NYSE
FLRN,ETF
JCPI,NYSE
JCPI,ETF
GLTR,NYSE
GLTR,ETF
GBIL,NYSE
GBIL,ETF
ONEO,NYSE
ONEO,ETF
SELV,NYSE
SELV,ETF
HBTA,NYSE
HBTA,ETF
DIVS,NYSE
DIVS,ETF
IRVH,NYSE
IRVH,ETF
AVNV,NYSE
AVNV,ETF
GAL,NYSE
GAL,ETF
JXI,NYSE
JXI,ETF
HYRM,NYSE
HYRM,ETF
GGUS,NYSE
GGUS,ETF
EWV,NYSE
EWV,ETF
BUFT,NYSE
BUFT,ETF
MFEM,NYSE
MFEM,ETF
DFEB,NYSE
DFEB,ETF
CGRO,NYSE
CGRO,ETF
OCIO,NYSE
OCIO,ETF
FCSH,NYSE
FCSH,ETF
JGRO,NYSE
JGRO,ETF
GJUL,NYSE
GJUL,ETF
IQDF,NYSE
IQDF,ETF
RZG,NYSE
RZG,ETF
IEO,NYSE
IEO,ETF
REET,NYSE
REET,ETF
NUAG,NYSE
NUAG,ETF
IBIC,NYSE
IBIC,ETF
SAUG,NYSE
SAUG,ETF
FELG,NYSE
FELG,ETF
MOO,NYSE
MOO,ETF
EATZ,NYSE
EATZ,ETF
IAGG,NYSE
IAGG,ETF
FBT,NYSE
FBT,ETF
OMFS,NYSE
OMFS,ETF
DFEV,NYSE
DFEV,ETF
EDOW,NYSE
EDOW,ETF
AVNM,NYSE
AVNM,ETF
OUNZ,NYSE
OUNZ,ETF
DIA,NYSE
DIA,ETF
DSMC,NYSE
DSMC,ETF
JMSI,NYSE
JMSI,ETF
GCOR,NYSE
GCOR,ETF
IBIH,NYSE
IBIH,ETF
AIVL,NYSE
AIVL,ETF
HMOP,NYSE
HMOP,ETF
PRAE,NYSE
PRAE,ETF
BBIB,NYSE
BBIB,ETF
CGDG,NYSE
CGDG,ETF
EUM,NYSE
EUM,ETF
FPX,NYSE
FPX,ETF
FDRV,NYSE
FDRV,ETF
HAPI,NYSE
HAPI,ETF
QID,NYSE
QID,ETF
BUXX,NYSE
BUXX,ETF
HIDV,NYSE
HIDV,ETF
LQDB,NYSE
LQDB,ETF
LGLV,NYSE
LGLV,ETF
AAPR,NYSE
AAPR,ETF
HDUS,NYSE
HDUS,ETF
JHAC,NYSE
JHAC,ETF
FLGV,NYSE
FLGV,ETF
JUSA,NYSE
JUSA,ETF
PJUN,NYSE
PJUN,ETF
IBIF,NYSE
IBIF,ETF
BITO,NYSE
BITO,ETF
CGMS,NYSE
CGMS,ETF
IBDT,NYSE
IBDT,ETF
ROBO,NYSE
ROBO,ETF
REGL,NYSE
REGL,ETF
NBOS,NYSE
NBOS,ETF
PSDM,NYSE
PSDM,ETF
MBBB,NYSE
MBBB,ETF
OVF,NYSE
OVF,ETF
IWML,NYSE
IWML,ETF
SBIO,NYSE
SBIO,ETF
PMAR,NYSE
PMAR,ETF
BLDG,NYSE
BLDG,ETF
DES,NYSE
DES,ETF
CGSM,NYSE
CGSM,ETF
BLES,NYSE
BLES,ETF
JAAA,NYSE
JAAA,ETF
RSPG,NYSE
RSPG,ETF
HYFI,NYSE
HYFI,ETF
PWS,NYSE
PWS,ETF
LSAT,NYSE
LSAT,ETF
DNOV,NYSE
DNOV,ETF
ACES,NYSE
ACES,ETF
BFIX,NYSE
BFIX,ETF
BUSA,NYSE
BUSA,ETF
MDY,NYSE
MDY,ETF
EWI,NYSE
EWI,ETF
DGP,NYSE
DGP,ETF
MGMT,NYSE
MGMT,ETF
FEZ,NYSE
FEZ,ETF
GSEP,NYSE
GSEP,ETF
ISMD,NYSE
ISMD,ETF
SETH,NYSE
SETH,ETF
PSCX,NYSE
PSCX,ETF
DIVL,NYSE
DIVL,ETF
RFFC,NYSE
RFFC,ETF
KORU,NYSE
KORU,ETF
AMOM,NYSE
AMOM,ETF
AVMC,NYSE
AVMC,ETF
ARKW,NYSE
ARKW,ETF
QUAL,NYSE
QUAL,ETF
NANC,NYSE
NANC,ETF
CNBS,NYSE
CNBS,ETF
PTLC,NYSE
PTLC,ETF
BTCW,NYSE
BTCW,ETF
LONZ,NYSE
LONZ,ETF
HTEC,NYSE
HTEC,ETF
DYLG,NYSE
DYLG,ETF
ECON,NYSE
ECON,ETF
NAPR,NYSE
NAPR,ETF
RAAX,NYSE
RAAX,ETF
OND,NYSE
OND,ETF
DBB,NYSE
DBB,ETF
FFEB,NYSE
FFEB,ETF
DFVE,NYSE
DFVE,ETF
SFYF,NYSE
SFYF,ETF
KIE,NYSE
KIE,ETF
GUNR,NYSE
GUNR,ETF
FDMO,NYSE
FDMO,ETF
FLMX,NYSE
FLMX,ETF
JHMD,NYSE
JHMD,ETF
KWEB,NYSE
KWEB,ETF
GINN,NYSE
GINN,ETF
PKB,NYSE
PKB,ETF
LABU,NYSE
LABU,ETF
OVT,NYSE
OVT,ETF
FDG,NYSE
FDG,ETF
FNDX,NYSE
FNDX,ETF
KSA,NYSE
KSA,ETF
CPSN,NYSE
CPSN,ETF
IVRA,NYSE
IVRA,ETF
IYLD,NYSE
IYLD,ETF
BNDC,NYSE
BNDC,ETF
RODM,NYSE
RODM,ETF
CARK,NYSE
CARK,ETF
DVYA,NYSE
DVYA,ETF
FLAU,NYSE
FLAU,ETF
BITQ,NYSE
BITQ,ETF
DBO,NYSE
DBO,ETF
HYLB,NYSE
HYLB,ETF
QWLD,NYSE
QWLD,ETF
MGK,NYSE
MGK,ETF
PBAP,NYSE
PBAP,ETF
SDD,NYSE
SDD,ETF
FSTA,NYSE
FSTA,ETF
DTEC,NYSE
DTEC,ETF
SQFT,NASDAQ
SQFT,STOCK
REFR,NASDAQ
REFR,STOCK
RAPP,NASDAQ
RAPP,STOCK
SGRY,NASDAQ
SGRY,STOCK
TRUG,NASDAQ
TRUG,STOCK
QTRX,NASDAQ
QTRX,STOCK
MPAA,NASDAQ
MPAA,STOCK
SNSE,NASDAQ
SNSE,STOCK
NEWTI,NASDAQ
NEWTI,STOCK
SNAG,NASDAQ
SNAG,STOCK
SWKS,NASDAQ
SWKS,STOCK
SABS,NASDAQ
SABS,STOCK
NMP,NASDAQ
NMP,STOCK
MOBX,NASDAQ
MOBX,STOCK
OBLG,NASDAQ
OBLG,STOCK
OPTX,NASDAQ
OPTX,STOCK
TELO,NASDAQ
TELO,STOCK
NBTB,NASDAQ
NBTB,STOCK
ONEG,NASDAQ
ONEG,STOCK
NAMMW,NASDAQ
NAMMW,STOCK
SLDPW,NASDAQ
SLDPW,STOCK
LIMNW,NASDAQ
LIMNW,STOCK
MYPSW,NASDAQ
MYPSW,STOCK
NBIX,NASDAQ
NBIX,STOCK
OXBRW,NASDAQ
OXBRW,STOCK
TBMCR,NASDAQ
TBMCR,STOCK
TBHC,NASDAQ
TBHC,STOCK
TTEC,NASDAQ
TTEC,STOCK
RGTIW,NASDAQ
RGTIW,STOCK
METL,NASDAQ
METL,STOCK
PBBK,NASDAQ
PBBK,STOCK
RANG,NASDAQ
RANG,STOCK
LQDT,NASDAQ
LQDT,STOCK
QIPT,NASDAQ
QIPT,STOCK
SGHT,NASDAQ
SGHT,STOCK
LNKB,NASDAQ
LNKB,STOCK
NIU,NASDAQ
NIU,STOCK
OXLCN,NASDAQ
OXLCN,STOCK
JAMF,NASDAQ
JAMF,STOCK
RAVE,NASDAQ
RAVE,STOCK
STRC,NASDAQ
STRC,STOCK
OCCIM,NASDAQ
OCCIM,STOCK
OSRHW,NASDAQ
OSRHW,STOCK
JAGX,NASDAQ
JAGX,STOCK
REGN,NASDAQ
REGN,STOCK
TFIN_,NASDAQ
TFIN_,STOCK
LIQT,NASDAQ
LIQT,STOCK
RRGB,NASDAQ
RRGB,STOCK
MTYY,NASDAQ
MTYY,STOCK
LXRX,NASDAQ
LXRX,STOCK
REGCO,NASDAQ
REGCO,STOCK
MOBXW,NASDAQ
MOBXW,STOCK
MDLN,NASDAQ
MDLN,STOCK
QNST,NASDAQ
QNST,STOCK
PROV,NASDAQ
PROV,STOCK
SDHIR,NASDAQ
SDHIR,STOCK
NAKA,NASDAQ
NAKA,STOCK
KSCP,NASDAQ
KSCP,STOCK
LVO,NASDAQ
LVO,STOCK
KLTOW,NASDAQ
KLTOW,STOCK
ONFOW,NASDAQ
ONFOW,STOCK
LATA,NASDAQ
LATA,STOCK
NOVTU,NASDAQ
NOVTU,STOCK
ON,NASDAQ
ON,STOCK
RIBBU,NASDAQ
RIBBU,STOCK
RANGR,NASDAQ
RANGR,STOCK
SPNS,NASDAQ
SPNS,STOCK
SLNHP,NASDAQ
SLNHP,STOCK
PCVX,NASDAQ
PCVX,STOCK
SSEAU,NASDAQ
SSEAU,STOCK
PACB,NASDAQ
PACB,STOCK
LANDO,NASDAQ
LANDO,STOCK
PLTK,NASDAQ
PLTK,STOCK
TIGR,NASDAQ
TIGR,STOCK
MMTX,NASDAQ
MMTX,STOCK
TMNS,NASDAQ
TMNS,STOCK
SLGL,NASDAQ
SLGL,STOCK
STRS,NASDAQ
STRS,STOCK
ORIC,NASDAQ
ORIC,STOCK
RPAY,NASDAQ
RPAY,STOCK
KTOS,NASDAQ
KTOS,STOCK
PENG,NASDAQ
PENG,STOCK
SNDK,NASDAQ
SNDK,STOCK
PCTTW,NASDAQ
PCTTW,STOCK
LPAA,NASDAQ
LPAA,STOCK
MNDR,NASDAQ
MNDR,STOCK
SOCAU,NASDAQ
SOCAU,STOCK
SBRA,NASDAQ
SBRA,STOCK
RLYB,NASDAQ
RLYB,STOCK
RMR,NASDAQ
RMR,STOCK
JLHL,NASDAQ
JLHL,STOCK
NEUP,NASDAQ
NEUP,STOCK
LSTA,NASDAQ
LSTA,STOCK
RCT,NASDAQ
RCT,STOCK
SBCF,NASDAQ
SBCF,STOCK
TRAW,NASDAQ
TRAW,STOCK
TAOP,NASDAQ
TAOP,STOCK
MFIG,NASDAQ
MFIG,STOCK
REGCP,NASDAQ
REGCP,STOCK
PGC,NASDAQ
PGC,STOCK
NTIC,NASDAQ
NTIC,STOCK
NAOV,NASDAQ
NAOV,STOCK
KE,NASDAQ
KE,STOCK
KURA,NASDAQ
KURA,STOCK
LASE,NASDAQ
LASE,STOCK
SIDU,NASDAQ
SIDU,STOCK
REVB,NASDAQ
REVB,STOCK
SRTA,NASDAQ
SRTA,STOCK
PNBK,NASDAQ
PNBK,STOCK
NBTX,NASDAQ
NBTX,STOCK
IPHA,NASDAQ
IPHA,STOCK
TIGO,NASDAQ
TIGO,STOCK
ORIS,NASDAQ
ORIS,STOCK
NMPAR,NASDAQ
NMPAR,STOCK
QCRH,NASDAQ
QCRH,STOCK
QUIK,NASDAQ
QUIK,STOCK
PGEN,NASDAQ
PGEN,STOCK
SLS,NASDAQ
SLS,STOCK
PTLO,NASDAQ
PTLO,STOCK
IPM,NASDAQ
IPM,STOCK
MCTR,NASDAQ
MCTR,STOCK
IRD,NASDAQ
IRD,STOCK
LRHC,NASDAQ
LRHC,STOCK
PGYWW,NASDAQ
PGYWW,STOCK
NNDM,NASDAQ
NNDM,STOCK
PFSA,NASDAQ
PFSA,STOCK
MTEN,NASDAQ
MTEN,STOCK
LULG,NASDAQ
LULG,STOCK
JG,NASDAQ
JG,STOCK
LBRX,NASDAQ
LBRX,STOCK
POLEU,NASDAQ
POLEU,STOCK
KBSX,NASDAQ
KBSX,STOCK
PYPD,NASDAQ
PYPD,STOCK
RDVT,NASDAQ
RDVT,STOCK
MBIO,NASDAQ
MBIO,STOCK
JVA,NASDAQ
JVA,STOCK
KDP,NASDAQ
KDP,STOCK
IPGP,NASDAQ
IPGP,STOCK
LOGI,NASDAQ
LOGI,STOCK
NVDA,NASDAQ
NVDA,STOCK
OSCX,NASDAQ
OSCX,STOCK
RFAI,NASDAQ
RFAI,STOCK
RENT,NASDAQ
RENT,STOCK
SLNG,NASDAQ
SLNG,STOCK
LBTYA,NASDAQ
LBTYA,STOCK
LLYZ,NASDAQ
LLYZ,STOCK
JSPRW,NASDAQ
JSPRW,STOCK
TNMG,NASDAQ
TNMG,STOCK
LCCCU,NASDAQ
LCCCU,STOCK
SMCI,NASDAQ
SMCI,STOCK
LGHL,NASDAQ
LGHL,STOCK
PIII,NASDAQ
PIII,STOCK
SNDL,NASDAQ
SNDL,STOCK
OPEN,NASDAQ
OPEN,STOCK
ORGN,NASDAQ
ORGN,STOCK
SHLS,NASDAQ
SHLS,STOCK
MBNKO,NASDAQ
MBNKO,STOCK
SLDP,NASDAQ
SLDP,STOCK
KTTAW,NASDAQ
KTTAW,STOCK
RZLT,NASDAQ
RZLT,STOCK
OPK,NASDAQ
OPK,STOCK
IRIX,NASDAQ
IRIX,STOCK
OXLCO,NASDAQ
OXLCO,STOCK
RDI,NASDAQ
RDI,STOCK
SKIN,NASDAQ
SKIN,STOCK
PXS,NASDAQ
PXS,STOCK
SELF,NASDAQ
SELF,STOCK
STLD,NASDAQ
STLD,STOCK
PTNM,NASDAQ
PTNM,STOCK
IVVD,NASDAQ
IVVD,STOCK
MGEE,NASDAQ
MGEE,STOCK
SEVNR,NASDAQ
SEVNR,STOCK
NGNE,NASDAQ
NGNE,STOCK
KYTX,NASDAQ
KYTX,STOCK
OSW,NASDAQ
OSW,STOCK
POOL,NASDAQ
POOL,STOCK
LIVE,NASDAQ
LIVE,STOCK
NNBR,NASDAQ
NNBR,STOCK
MNDY,NASDAQ
MNDY,STOCK
SOLC,NASDAQ
SOLC,STOCK
PODD,NASDAQ
PODD,STOCK
POLA,NASDAQ
POLA,STOCK
LITS,NASDAQ
LITS,STOCK
RDACR,NASDAQ
RDACR,STOCK
PDFS,NASDAQ
PDFS,STOCK
NEXN,NASDAQ
NEXN,STOCK
SWAG,NASDAQ
SWAG,STOCK
MIST,NASDAQ
MIST,STOCK
QDEL,NASDAQ
QDEL,STOCK
RNAZ,NASDAQ
RNAZ,STOCK
PODC,NASDAQ
PODC,STOCK
OACCU,NASDAQ
OACCU,STOCK
TNON,NASDAQ
TNON,STOCK
LMNR,NASDAQ
LMNR,STOCK
ORIQW,NASDAQ
ORIQW,STOCK
QUMSR,NASDAQ
QUMSR,STOCK
RTACU,NASDAQ
RTACU,STOCK
NXTT,NASDAQ
NXTT,STOCK
LVRO,NASDAQ
LVRO,STOCK
PHVS,NASDAQ
PHVS,STOCK
SRRK,NASDAQ
SRRK,STOCK
PMTS,NASDAQ
PMTS,STOCK
STRK,NASDAQ
STRK,STOCK
SNTI,NASDAQ
SNTI,STOCK
INTU,NASDAQ
INTU,STOCK
TRST,NASDAQ
TRST,STOCK
TBBK,NASDAQ
TBBK,STOCK
SONN,NASDAQ
SONN,STOCK
NMRK,NASDAQ
NMRK,STOCK
OIMAU,NASDAQ
OIMAU,STOCK
MDWD,NASDAQ
MDWD,STOCK
JANX,NASDAQ
JANX,STOCK
KROS,NASDAQ
KROS,STOCK
LGCL,NASDAQ
LGCL,STOCK
JSM,NASDAQ
JSM,STOCK
JOYY,NASDAQ
JOYY,STOCK
SVC,NASDAQ
SVC,STOCK
NVMI,NASDAQ
NVMI,STOCK
PRDO,NASDAQ
PRDO,STOCK
TDUP,NASDAQ
TDUP,STOCK
ISPOW,NASDAQ
ISPOW,STOCK
NWGL,NASDAQ
NWGL,STOCK
NEWT,NASDAQ
NEWT,STOCK
ITIC,NASDAQ
ITIC,STOCK
SUIG,NASDAQ
SUIG,STOCK
KITT,NASDAQ
KITT,STOCK
SOPA,NASDAQ
SOPA,STOCK
LCCC,NASDAQ
LCCC,STOCK
KYMR,NASDAQ
KYMR,STOCK
TSAT,NASDAQ
TSAT,STOCK
JAKK,NASDAQ
JAKK,STOCK
PULM,NASDAQ
PULM,STOCK
INVZ,NASDAQ
INVZ,STOCK
PCLA,NASDAQ
PCLA,STOCK
TTMI,NASDAQ
TTMI,STOCK
NIXX,NASDAQ
NIXX,STOCK
QSI,NASDAQ
QSI,STOCK
ORBS,NASDAQ
ORBS,STOCK
RDIB,NASDAQ
RDIB,STOCK
NOEMW,NASDAQ
NOEMW,STOCK
OPRX,NASDAQ
OPRX,STOCK
MDAIW,NASDAQ
MDAIW,STOCK
NEXM,NASDAQ
NEXM,STOCK
MGNI,NASDAQ
MGNI,STOCK
ROKU,NASDAQ
ROKU,STOCK
MB,NASDAQ
MB,STOCK
OSRH,NASDAQ
OSRH,STOCK
TVTX,NASDAQ
TVTX,STOCK
OPENZ,NASDAQ
OPENZ,STOCK
LPCN,NASDAQ
LPCN,STOCK
PTLE,NASDAQ
PTLE,STOCK
STGW,NASDAQ
STGW,STOCK
OPENL,NASDAQ
OPENL,STOCK
JOUT,NASDAQ
JOUT,STOCK
RLAY,NASDAQ
RLAY,STOCK
ISBA,NASDAQ
ISBA,STOCK
RKDA,NASDAQ
RKDA,STOCK
PLTS,NASDAQ
PLTS,STOCK
NIOG,NASDAQ
NIOG,STOCK
OBTC,NASDAQ
OBTC,STOCK
MARPS,NASDAQ
MARPS,STOCK
TTAN,NASDAQ
TTAN,STOCK
TVAIU,NASDAQ
TVAIU,STOCK
NXT,NASDAQ
NXT,STOCK
LAB,NASDAQ
LAB,STOCK
ODYS,NASDAQ
ODYS,STOCK
LAES,NASDAQ
LAES,STOCK
MBAV,NASDAQ
MBAV,STOCK
RDAGW,NASDAQ
RDAGW,STOCK
SDGR,NASDAQ
SDGR,STOCK
KWM,NASDAQ
KWM,STOCK
MKDWW,NASDAQ
MKDWW,STOCK
RAAQU,NASDAQ
RAAQU,STOCK
OMER,NASDAQ
OMER,STOCK
MSAIW,NASDAQ
MSAIW,STOCK
MCFT,NASDAQ
MCFT,STOCK
LYTS,NASDAQ
LYTS,STOCK
MOMO,NASDAQ
MOMO,STOCK
PBYI,NASDAQ
PBYI,STOCK
PLCE,NASDAQ
PLCE,STOCK
SHOO,NASDAQ
SHOO,STOCK
NRXP,NASDAQ
NRXP,STOCK
OPEG,NASDAQ
OPEG,STOCK
RBCAA,NASDAQ
RBCAA,STOCK
PEGA,NASDAQ
PEGA,STOCK
ITRN,NASDAQ
ITRN,STOCK
STRR,NASDAQ
STRR,STOCK
RIVN,NASDAQ
RIVN,STOCK
PNFPP,NASDAQ
PNFPP,STOCK
MDBH,NASDAQ
MDBH,STOCK
KFIIU,NASDAQ
KFIIU,STOCK
STRA,NASDAQ
STRA,STOCK
PRTA,NASDAQ
PRTA,STOCK
RGS,NASDAQ
RGS,STOCK
TLF,NASDAQ
TLF,STOCK
JYNT,NASDAQ
JYNT,STOCK
SNTG,NASDAQ
SNTG,STOCK
LAMR,NASDAQ
LAMR,STOCK
PARK,NASDAQ
PARK,STOCK
NTAP,NASDAQ
NTAP,STOCK
RIME,NASDAQ
RIME,STOCK
TBMC,NASDAQ
TBMC,STOCK
POCI,NASDAQ
POCI,STOCK
PVLA,NASDAQ
PVLA,STOCK
OWLS,NASDAQ
OWLS,STOCK
RGC,NASDAQ
RGC,STOCK
STAA,NASDAQ
STAA,STOCK
LINK,NASDAQ
LINK,STOCK
LAFAU,NASDAQ
LAFAU,STOCK
QTTB,NASDAQ
QTTB,STOCK
NVNI,NASDAQ
NVNI,STOCK
LGND,NASDAQ
LGND,STOCK
KEQU,NASDAQ
KEQU,STOCK
MLAB,NASDAQ
MLAB,STOCK
RDZNW,NASDAQ
RDZNW,STOCK
MTLS,NASDAQ
MTLS,STOCK
SHPH,NASDAQ
SHPH,STOCK
NTES,NASDAQ
NTES,STOCK
NTRSO,NASDAQ
NTRSO,STOCK
SLN,NASDAQ
SLN,STOCK
PLBY,NASDAQ
PLBY,STOCK
PHOE,NASDAQ
PHOE,STOCK
NETG,NASDAQ
NETG,STOCK
PCSA,NASDAQ
PCSA,STOCK
TEAM,NASDAQ
TEAM,STOCK
RETO,NASDAQ
RETO,STOCK
LTRYW,NASDAQ
LTRYW,STOCK
QLDY,NASDAQ
QLDY,STOCK
NVCR,NASDAQ
NVCR,STOCK
SFWL,NASDAQ
SFWL,STOCK
MREO,NASDAQ
MREO,STOCK
SDOT,NASDAQ
SDOT,STOCK
PRAA,NASDAQ
PRAA,STOCK
STKS,NASDAQ
STKS,STOCK
OUST,NASDAQ
OUST,STOCK
OVID,NASDAQ
OVID,STOCK
QNCX,NASDAQ
QNCX,STOCK
SVCCW,NASDAQ
SVCCW,STOCK
LE,NASDAQ
LE,STOCK
RCEL,NASDAQ
RCEL,STOCK
LANDP,NASDAQ
LANDP,STOCK
NFBK,NASDAQ
NFBK,STOCK
SEPN,NASDAQ
SEPN,STOCK
NSYS,NASDAQ
NSYS,STOCK
INTA,NASDAQ
INTA,STOCK
SOUNW,NASDAQ
SOUNW,STOCK
TMCI,NASDAQ
TMCI,STOCK
KRKR,NASDAQ
KRKR,STOCK
TWIN,NASDAQ
TWIN,STOCK
SOWG,NASDAQ
SOWG,STOCK
LILAK,NASDAQ
LILAK,STOCK
SORNU,NASDAQ
SORNU,STOCK
KC,NASDAQ
KC,STOCK
JEM,NASDAQ
JEM,STOCK
LRMR,NASDAQ
LRMR,STOCK
ORLY,NASDAQ
ORLY,STOCK
MCRB,NASDAQ
MCRB,STOCK
ONFO,NASDAQ
ONFO,STOCK
TROW,NASDAQ
TROW,STOCK
TVA,NASDAQ
TVA,STOCK
JRSH,NASDAQ
JRSH,STOCK
IQST,NASDAQ
IQST,STOCK
STKL,NASDAQ
STKL,STOCK
PRGS,NASDAQ
PRGS,STOCK
SUNE,NASDAQ
SUNE,STOCK
PESI,NASDAQ
PESI,STOCK
PRHI,NASDAQ
PRHI,STOCK
SILO,NASDAQ
SILO,STOCK
TLX,NASDAQ
TLX,STOCK
OCG,NASDAQ
OCG,STOCK
KIDZW,NASDAQ
KIDZW,STOCK
KLIC,NASDAQ
KLIC,STOCK
NESR,NASDAQ
NESR,STOCK
NEOVW,NASDAQ
NEOVW,STOCK
PMN,NASDAQ
PMN,STOCK
TRMB,NASDAQ
TRMB,STOCK
SHFSW,NASDAQ
SHFSW,STOCK
SVACU,NASDAQ
SVACU,STOCK
MYSEW,NASDAQ
MYSEW,STOCK
OCGN,NASDAQ
OCGN,STOCK
IOSP,NASDAQ
IOSP,STOCK
SYPR,NASDAQ
SYPR,STOCK
LNZAW,NASDAQ
LNZAW,STOCK
NPACW,NASDAQ
NPACW,STOCK
SCLXW,NASDAQ
SCLXW,STOCK
OTGA,NASDAQ
OTGA,STOCK
REVBW,NASDAQ
REVBW,STOCK
NVNO,NASDAQ
NVNO,STOCK
PGAC,NASDAQ
PGAC,STOCK
PHH,NASDAQ
PHH,STOCK
SOHOO,NASDAQ
SOHOO,STOCK
SRBK,NASDAQ
SRBK,STOCK
MCGA,NASDAQ
MCGA,STOCK
TALKW,NASDAQ
TALKW,STOCK
PONY,NASDAQ
PONY,STOCK
IOYY,NASDAQ
IOYY,STOCK
RTACW,NASDAQ
RTACW,STOCK
LPAAW,NASDAQ
LPAAW,STOCK
LFWD,NASDAQ
LFWD,STOCK
TTWO,NASDAQ
TTWO,STOCK
POWW,NASDAQ
POWW,STOCK
SKYX,NASDAQ
SKYX,STOCK
PACH,NASDAQ
PACH,STOCK
SOCAW,NASDAQ
SOCAW,STOCK
SYM,NASDAQ
SYM,STOCK
TLNCW,NASDAQ
TLNCW,STOCK
PTGX,NASDAQ
PTGX,STOCK
ORIQ,NASDAQ
ORIQ,STOCK
PTON,NASDAQ
PTON,STOCK
IPST,NASDAQ
IPST,STOCK
TDWDR,NASDAQ
TDWDR,STOCK
LBRDP,NASDAQ
LBRDP,STOCK
OTLK,NASDAQ
OTLK,STOCK
LARK,NASDAQ
LARK,STOCK
SKWD,NASDAQ
SKWD,STOCK
SND,NASDAQ
SND,STOCK
NECB,NASDAQ
NECB,STOCK
SCNI,NASDAQ
SCNI,STOCK
PMEC,NASDAQ
PMEC,STOCK
KOYNU,NASDAQ
KOYNU,STOCK
KUST,NASDAQ
KUST,STOCK
LXEH,NASDAQ
LXEH,STOCK
LKSPU,NASDAQ
LKSPU,STOCK
TW,NASDAQ
TW,STOCK
SPKLU,NASDAQ
SPKLU,STOCK
RGTI,NASDAQ
RGTI,STOCK
TOWN,NASDAQ
TOWN,STOCK
MRKR,NASDAQ
MRKR,STOCK
IPAR,NASDAQ
IPAR,STOCK
PPCB,NASDAQ
PPCB,STOCK
NATH,NASDAQ
NATH,STOCK
SLDB,NASDAQ
SLDB,STOCK
RNGT,NASDAQ
RNGT,STOCK
MBAI,NASDAQ
MBAI,STOCK
MYGN,NASDAQ
MYGN,STOCK
TOUR,NASDAQ
TOUR,STOCK
MSPRZ,NASDAQ
MSPRZ,STOCK
QRHC,NASDAQ
QRHC,STOCK
SAMG,NASDAQ
SAMG,STOCK
KRNT,NASDAQ
KRNT,STOCK
PELI,NASDAQ
PELI,STOCK
SVCO,NASDAQ
SVCO,STOCK
SNWV,NASDAQ
SNWV,STOCK
PPSI,NASDAQ
PPSI,STOCK
RMSG,NASDAQ
RMSG,STOCK
TRUP,NASDAQ
TRUP,STOCK
PFIS,NASDAQ
PFIS,STOCK
NCRA,NASDAQ
NCRA,STOCK
MDIA,NASDAQ
MDIA,STOCK
RYTM,NASDAQ
RYTM,STOCK
SIRI,NASDAQ
SIRI,STOCK
TOYO,NASDAQ
TOYO,STOCK
OCFC,NASDAQ
OCFC,STOCK
TCBK,NASDAQ
TCBK,STOCK
RAND,NASDAQ
RAND,STOCK
PDSB,NASDAQ
PDSB,STOCK
ONEW,NASDAQ
ONEW,STOCK
NKSH,NASDAQ
NKSH,STOCK
SPWR,NASDAQ
SPWR,STOCK
RGTZ,NASDAQ
RGTZ,STOCK
KCHV,NASDAQ
KCHV,STOCK
MBRX,NASDAQ
MBRX,STOCK
MRM,NASDAQ
MRM,STOCK
LFACU,NASDAQ
LFACU,STOCK
PLUG,NASDAQ
PLUG,STOCK
TC,NASDAQ
TC,STOCK
ONB,NASDAQ
ONB,STOCK
LWACW,NASDAQ
LWACW,STOCK
LCID,NASDAQ
LCID,STOCK
SWKH,NASDAQ
SWKH,STOCK
NWE,NASDAQ
NWE,STOCK
PLYY,NASDAQ
PLYY,STOCK
SBFM,NASDAQ
SBFM,STOCK
SEMY,NASDAQ
SEMY,STOCK
NWTG,NASDAQ
NWTG,STOCK
REG,NASDAQ
REG,STOCK
RCAT,NASDAQ
RCAT,STOCK
LGN,NASDAQ
LGN,STOCK
SHEN,NASDAQ
SHEN,STOCK
SSKN,NASDAQ
SSKN,STOCK
TSYX,NASDAQ
TSYX,STOCK
LGO,NASDAQ
LGO,STOCK
PLUR,NASDAQ
PLUR,STOCK
NPACU,NASDAQ
NPACU,STOCK
SXTPW,NASDAQ
SXTPW,STOCK
NUKK,NASDAQ
NUKK,STOCK
MGPI,NASDAQ
MGPI,STOCK
QSIAW,NASDAQ
QSIAW,STOCK
LINT,NASDAQ
LINT,STOCK
MYSZ,NASDAQ
MYSZ,STOCK
LITM,NASDAQ
LITM,STOCK
NOTV,NASDAQ
NOTV,STOCK
THAR,NASDAQ
THAR,STOCK
RNWWW,NASDAQ
RNWWW,STOCK
TVRD,NASDAQ
TVRD,STOCK
SNCY,NASDAQ
SNCY,STOCK
PAMT,NASDAQ
PAMT,STOCK
TTD,NASDAQ
TTD,STOCK
QSEAU,NASDAQ
QSEAU,STOCK
QMCO,NASDAQ
QMCO,STOCK
OLED,NASDAQ
OLED,STOCK
MLEC,NASDAQ
MLEC,STOCK
MLKN,NASDAQ
MLKN,STOCK
NBN,NASDAQ
NBN,STOCK
SCIIR,NASDAQ
SCIIR,STOCK
SATS,NASDAQ
SATS,STOCK
NEPH,NASDAQ
NEPH,STOCK
SBLK,NASDAQ
SBLK,STOCK
SGLY,NASDAQ
SGLY,STOCK
KOSS,NASDAQ
KOSS,STOCK
NXST,NASDAQ
NXST,STOCK
ONCY,NASDAQ
ONCY,STOCK
PLUS,NASDAQ
PLUS,STOCK
RTYY,NASDAQ
RTYY,STOCK
RDAC,NASDAQ
RDAC,STOCK
SNGX,NASDAQ
SNGX,STOCK
SY,NASDAQ
SY,STOCK
TXXS,NASDAQ
TXXS,STOCK
RVSNW,NASDAQ
RVSNW,STOCK
TLS,NASDAQ
TLS,STOCK
SCSC,NASDAQ
SCSC,STOCK
OMH,NASDAQ
OMH,STOCK
TWLV,NASDAQ
TWLV,STOCK
PGNY,NASDAQ
PGNY,STOCK
TLSIW,NASDAQ
TLSIW,STOCK
SDHIU,NASDAQ
SDHIU,STOCK
LNAI,NASDAQ
LNAI,STOCK
TXRH,NASDAQ
TXRH,STOCK
JDZG,NASDAQ
JDZG,STOCK
MRX,NASDAQ
MRX,STOCK
PYXS,NASDAQ
PYXS,STOCK
LIEN,NASDAQ
LIEN,STOCK
RCKT,NASDAQ
RCKT,STOCK
PCAPW,NASDAQ
PCAPW,STOCK
MAMA,NASDAQ
MAMA,STOCK
QUBT,NASDAQ
QUBT,STOCK
OXLC,NASDAQ
OXLC,STOCK
IREG,NASDAQ
IREG,STOCK
SIEB,NASDAQ
SIEB,STOCK
NCI,NASDAQ
NCI,STOCK
MOVE,NASDAQ
MOVE,STOCK
NTCT,NASDAQ
NTCT,STOCK
TNONW,NASDAQ
TNONW,STOCK
NUWE,NASDAQ
NUWE,STOCK
NAMS,NASDAQ
NAMS,STOCK
ROMA,NASDAQ
ROMA,STOCK
NTSK,NASDAQ
NTSK,STOCK
MTSR,NASDAQ
MTSR,STOCK
MKLYU,NASDAQ
MKLYU,STOCK
RKLZ,NASDAQ
RKLZ,STOCK
TBLA,NASDAQ
TBLA,STOCK
SEV,NASDAQ
SEV,STOCK
KXIN,NASDAQ
KXIN,STOCK
IZM,NASDAQ
IZM,STOCK
KVAC,NASDAQ
KVAC,STOCK
INVE,NASDAQ
INVE,STOCK
MYMK,NASDAQ
MYMK,STOCK
RPTX,NASDAQ
RPTX,STOCK
IONR,NASDAQ
IONR,STOCK
KG,NASDAQ
KG,STOCK
SGD,NASDAQ
SGD,STOCK
STSSW,NASDAQ
STSSW,STOCK
OAKUW,NASDAQ
OAKUW,STOCK
NHIC,NASDAQ
NHIC,STOCK
STNE,NASDAQ
STNE,STOCK
RUMBW,NASDAQ
RUMBW,STOCK
NEWTZ,NASDAQ
NEWTZ,STOCK
PRCH,NASDAQ
PRCH,STOCK
NVX,NASDAQ
NVX,STOCK
MBOT,NASDAQ
MBOT,STOCK
RMBS,NASDAQ
RMBS,STOCK
KELYA,NASDAQ
KELYA,STOCK
KCHVR,NASDAQ
KCHVR,STOCK
NWBI,NASDAQ
NWBI,STOCK
SLM,NASDAQ
SLM,STOCK
SONO,NASDAQ
SONO,STOCK
OTEX,NASDAQ
OTEX,STOCK
TCX,NASDAQ
TCX,STOCK
RKNG,NASDAQ
RKNG,STOCK
OLOX,NASDAQ
OLOX,STOCK
PMTRU,NASDAQ
PMTRU,STOCK
PAL,NASDAQ
PAL,STOCK
PSNL,NASDAQ
PSNL,STOCK
MRP-W,NASDAQ
MRP-W,STOCK
PRME,NASDAQ
PRME,STOCK
PRMR,NASDAQ
PRMR,STOCK
TARS,NASDAQ
TARS,STOCK
LOKVU,NASDAQ
LOKVU,STOCK
PRSO,NASDAQ
PRSO,STOCK
LOAN,NASDAQ
LOAN,STOCK
MGRC,NASDAQ
MGRC,STOCK
TVACU,NASDAQ
TVACU,STOCK
MTCH,NASDAQ
MTCH,STOCK
SNAL,NASDAQ
SNAL,STOCK
RUBI,NASDAQ
RUBI,STOCK
MWYN,NASDAQ
MWYN,STOCK
RMCOW,NASDAQ
RMCOW,STOCK
NEO,NASDAQ
NEO,STOCK
OXLCZ,NASDAQ
OXLCZ,STOCK
NISN,NASDAQ
NISN,STOCK
LPSN,NASDAQ
LPSN,STOCK
SPWH,NASDAQ
SPWH,STOCK
TNGX,NASDAQ
TNGX,STOCK
LAND,NASDAQ
LAND,STOCK
INOD,NASDAQ
INOD,STOCK
RBB,NASDAQ
RBB,STOCK
PBRG,NASDAQ
PBRG,STOCK
ITRI,NASDAQ
ITRI,STOCK
MIGI,NASDAQ
MIGI,STOCK
THFF,NASDAQ
THFF,STOCK
ROST,NASDAQ
ROST,STOCK
SJ,NASDAQ
SJ,STOCK
RXT,NASDAQ
RXT,STOCK
TBLD,NASDAQ
TBLD,STOCK
OKYO,NASDAQ
OKYO,STOCK
METCI,NASDAQ
METCI,STOCK
REKR,NASDAQ
REKR,STOCK
NKLR,NASDAQ
NKLR,STOCK
SAFX,NASDAQ
SAFX,STOCK
LEE,NASDAQ
LEE,STOCK
KRMD,NASDAQ
KRMD,STOCK
SFNC,NASDAQ
SFNC,STOCK
RDHL,NASDAQ
RDHL,STOCK
SFST,NASDAQ
SFST,STOCK
TMNL,NASDAQ
TMNL,STOCK
JWEL,NASDAQ
JWEL,STOCK
SRTS,NASDAQ
SRTS,STOCK
SENEB,NASDAQ
SENEB,STOCK
MAMK,NASDAQ
MAMK,STOCK
METCZ,NASDAQ
METCZ,STOCK
INSE,NASDAQ
INSE,STOCK
KJD,NASDAQ
KJD,STOCK
OXSQH,NASDAQ
OXSQH,STOCK
INVA,NASDAQ
INVA,STOCK
MNDO,NASDAQ
MNDO,STOCK
SVRN,NASDAQ
SVRN,STOCK
PAVM,NASDAQ
PAVM,STOCK
JCAP,NASDAQ
JCAP,STOCK
QNTM,NASDAQ
QNTM,STOCK
NAVN,NASDAQ
NAVN,STOCK
ORIO,NASDAQ
ORIO,STOCK
LTCC,NASDAQ
LTCC,STOCK
LOBO,NASDAQ
LOBO,STOCK
PCAR,NASDAQ
PCAR,STOCK
LAFAR,NASDAQ
LAFAR,STOCK
RR,NASDAQ
RR,STOCK
TVACW,NASDAQ
TVACW,STOCK
SZZLR,NASDAQ
SZZLR,STOCK
JRVR,NASDAQ
JRVR,STOCK
TECH,NASDAQ
TECH,STOCK
IRBTQ,NASDAQ
IRBTQ,STOCK
RYAAY,NASDAQ
RYAAY,STOCK
SANG,NASDAQ
SANG,STOCK
LTRX,NASDAQ
LTRX,STOCK
MASS,NASDAQ
MASS,STOCK
LCUT,NASDAQ
LCUT,STOCK
RTAC,NASDAQ
RTAC,STOCK
SBGI,NASDAQ
SBGI,STOCK
SVRE,NASDAQ
SVRE,STOCK
LENZ,NASDAQ
LENZ,STOCK
LOVE,NASDAQ
LOVE,STOCK
SNT,NASDAQ
SNT,STOCK
TAVIR,NASDAQ
TAVIR,STOCK
LMNX,NASDAQ
LMNX,STOCK
PSTV,NASDAQ
PSTV,STOCK
TACO,NASDAQ
TACO,STOCK
LMRI,NASDAQ
LMRI,STOCK
RYM,NASDAQ
RYM,STOCK
TAIT,NASDAQ
TAIT,STOCK
TLRY,NASDAQ
TLRY,STOCK
SHMD,NASDAQ
SHMD,STOCK
MAYS,NASDAQ
MAYS,STOCK
NDRA,NASDAQ
NDRA,STOCK
MAMO,NASDAQ
MAMO,STOCK
SPFI,NASDAQ
SPFI,STOCK
PEP,NASDAQ
PEP,STOCK
PANW,NASDAQ
PANW,STOCK
JJSF,NASDAQ
JJSF,STOCK
TACH,NASDAQ
TACH,STOCK
MLCI,NASDAQ
MLCI,STOCK
SEGG,NASDAQ
SEGG,STOCK
MBLY,NASDAQ
MBLY,STOCK
ONBPP,NASDAQ
ONBPP,STOCK
RPID,NASDAQ
RPID,STOCK
NNNN,NASDAQ
NNNN,STOCK
LOOP,NASDAQ
LOOP,STOCK
RRBI,NASDAQ
RRBI,STOCK
TEM,NASDAQ
TEM,STOCK
RFAIR,NASDAQ
RFAIR,STOCK
RAAQ,NASDAQ
RAAQ,STOCK
PATK,NASDAQ
PATK,STOCK
OBT,NASDAQ
OBT,STOCK
LYFT,NASDAQ
LYFT,STOCK
SWIM,NASDAQ
SWIM,STOCK
THRY,NASDAQ
THRY,STOCK
TDWDU,NASDAQ
TDWDU,STOCK
SYRE,NASDAQ
SYRE,STOCK
PHLT,NASDAQ
PHLT,STOCK
PBOG,NASDAQ
PBOG,STOCK
NTWOW,NASDAQ
NTWOW,STOCK
POLEW,NASDAQ
POLEW,STOCK
NTRB,NASDAQ
NTRB,STOCK
QBY,NASDAQ
QBY,STOCK
MTVA,NASDAQ
MTVA,STOCK
KVHI,NASDAQ
KVHI,STOCK
LBRDA,NASDAQ
LBRDA,STOCK
TCMD,NASDAQ
TCMD,STOCK
TRINI,NASDAQ
TRINI,STOCK
PRLD,NASDAQ
PRLD,STOCK
NMTC,NASDAQ
NMTC,STOCK
ISSC,NASDAQ
ISSC,STOCK
JBSS,NASDAQ
JBSS,STOCK
SYBX,NASDAQ
SYBX,STOCK
LRE,NASDAQ
LRE,STOCK
KRYS,NASDAQ
KRYS,STOCK
IPCX,NASDAQ
IPCX,STOCK
NDSN,NASDAQ
NDSN,STOCK
MESO,NASDAQ
MESO,STOCK
MBAVW,NASDAQ
MBAVW,STOCK
SITM,NASDAQ
SITM,STOCK
TWLVU,NASDAQ
TWLVU,STOCK
SCII,NASDAQ
SCII,STOCK
OPTXW,NASDAQ
OPTXW,STOCK
LXEO,NASDAQ
LXEO,STOCK
KOPN,NASDAQ
KOPN,STOCK
NAMI,NASDAQ
NAMI,STOCK
SATG,NASDAQ
SATG,STOCK
SIMAU,NASDAQ
SIMAU,STOCK
TONX,NASDAQ
TONX,STOCK
MMTXU,NASDAQ
MMTXU,STOCK
RAINW,NASDAQ
RAINW,STOCK
THH,NASDAQ
THH,STOCK
PRPH,NASDAQ
PRPH,STOCK
TLN,NASDAQ
TLN,STOCK
JZXN,NASDAQ
JZXN,STOCK
SIGI,NASDAQ
SIGI,STOCK
RGLD,NASDAQ
RGLD,STOCK
STEP,NASDAQ
STEP,STOCK
RGNX,NASDAQ
RGNX,STOCK
TWG,NASDAQ
TWG,STOCK
RGP,NASDAQ
RGP,STOCK
ODVWZ,NASDAQ
ODVWZ,STOCK
MNTSW,NASDAQ
MNTSW,STOCK
SAIHW,NASDAQ
SAIHW,STOCK
REAL,NASDAQ
REAL,STOCK
OPENW,NASDAQ
OPENW,STOCK
SQFTW,NASDAQ
SQFTW,STOCK
ISUL,NASDAQ
ISUL,STOCK
SRTAW,NASDAQ
SRTAW,STOCK
LGVN,NASDAQ
LGVN,STOCK
LNZA,NASDAQ
LNZA,STOCK
ORRF,NASDAQ
ORRF,STOCK
PAHC,NASDAQ
PAHC,STOCK
SELX,NASDAQ
SELX,STOCK
SEER,NASDAQ
SEER,STOCK
TROO,NASDAQ
TROO,STOCK
IVSI,NASDAQ
IVSI,STOCK
MGYR,NASDAQ
MGYR,STOCK
OCCIN,NASDAQ
OCCIN,STOCK
MFIN,NASDAQ
MFIN,STOCK
ROP,NASDAQ
ROP,STOCK
TWAV,NASDAQ
TWAV,STOCK
OTGAU,NASDAQ
OTGAU,STOCK
NOVT,NASDAQ
NOVT,STOCK
PDC,NASDAQ
PDC,STOCK
TVAI,NASDAQ
TVAI,STOCK
SGMO,NASDAQ
SGMO,STOCK
MFMO,NASDAQ
MFMO,STOCK
NTLA,NASDAQ
NTLA,STOCK
SGBX,NASDAQ
SGBX,STOCK
RVPH,NASDAQ
RVPH,STOCK
QSEAR,NASDAQ
QSEAR,STOCK
TMUSZ,NASDAQ
TMUSZ,STOCK
KPLTW,NASDAQ
KPLTW,STOCK
SLXNW,NASDAQ
SLXNW,STOCK
SEATW,NASDAQ
SEATW,STOCK
SKYE,NASDAQ
SKYE,STOCK
MSW,NASDAQ
MSW,STOCK
NXPL,NASDAQ
NXPL,STOCK
TGL,NASDAQ
TGL,STOCK
SIGIP,NASDAQ
SIGIP,STOCK
OXLCI,NASDAQ
OXLCI,STOCK
NAAS,NASDAQ
NAAS,STOCK
MSFT,NASDAQ
MSFT,STOCK
PRQR,NASDAQ
PRQR,STOCK
RELY,NASDAQ
RELY,STOCK
LPAAU,NASDAQ
LPAAU,STOCK
LSAK,NASDAQ
LSAK,STOCK
NTRBW,NASDAQ
NTRBW,STOCK
SPSC,NASDAQ
SPSC,STOCK
SPCB,NASDAQ
SPCB,STOCK
JBIO,NASDAQ
JBIO,STOCK
MCGAW,NASDAQ
MCGAW,STOCK
MGIC,NASDAQ
MGIC,STOCK
RVYL,NASDAQ
RVYL,STOCK
ODD,NASDAQ
ODD,STOCK
SIMO,NASDAQ
SIMO,STOCK
JFB,NASDAQ
JFB,STOCK
REE,NASDAQ
REE,STOCK
PMCB,NASDAQ
PMCB,STOCK
IPEX,NASDAQ
IPEX,STOCK
PLMK,NASDAQ
PLMK,STOCK
NIOBW,NASDAQ
NIOBW,STOCK
OLPX,NASDAQ
OLPX,STOCK
STOK,NASDAQ
STOK,STOCK
STKH,NASDAQ
STKH,STOCK
RMBI,NASDAQ
RMBI,STOCK
TIPT,NASDAQ
TIPT,STOCK
TCBIO,NASDAQ
TCBIO,STOCK
TALK,NASDAQ
TALK,STOCK
LPRO,NASDAQ
LPRO,STOCK
TEAD,NASDAQ
TEAD,STOCK
KTCC,NASDAQ
KTCC,STOCK
ONDS,NASDAQ
ONDS,STOCK
NAMM,NASDAQ
NAMM,STOCK
MLGO,NASDAQ
MLGO,STOCK
LCNB,NASDAQ
LCNB,STOCK
SAFT,NASDAQ
SAFT,STOCK
PFDE,NASDAQ
PFDE,STOCK
LWAC,NASDAQ
LWAC,STOCK
PAYO,NASDAQ
PAYO,STOCK
QETAR,NASDAQ
QETAR,STOCK
PMVP,NASDAQ
PMVP,STOCK
SLRC,NASDAQ
SLRC,STOCK
TRUE,NASDAQ
TRUE,STOCK
NCTY,NASDAQ
NCTY,STOCK
LCFY,NASDAQ
LCFY,STOCK
NBIL,NASDAQ
NBIL,STOCK
PETZ,NASDAQ
PETZ,STOCK
INTS,NASDAQ
INTS,STOCK
NLSP,NASDAQ
NLSP,STOCK
LAKE,NASDAQ
LAKE,STOCK
LUCY,NASDAQ
LUCY,STOCK
SLNO,NASDAQ
SLNO,STOCK
SMTC,NASDAQ
SMTC,STOCK
MLECW,NASDAQ
MLECW,STOCK
KRUS,NASDAQ
KRUS,STOCK
LONA,NASDAQ
LONA,STOCK
ORKT,NASDAQ
ORKT,STOCK
KLAC,NASDAQ
KLAC,STOCK
SOBR,NASDAQ
SOBR,STOCK
ORLG,NASDAQ
ORLG,STOCK
SRAD,NASDAQ
SRAD,STOCK
METC,NASDAQ
METC,STOCK
NAII,NASDAQ
NAII,STOCK
RANI,NASDAQ
RANI,STOCK
SFIX,NASDAQ
SFIX,STOCK
OACCW,NASDAQ
OACCW,STOCK
TOP,NASDAQ
TOP,STOCK
TRMD,NASDAQ
TRMD,STOCK
NWSA,NASDAQ
NWSA,STOCK
PERI,NASDAQ
PERI,STOCK
MFI,NASDAQ
MFI,STOCK
MPG,NASDAQ
MPG,STOCK
OZK,NASDAQ
OZK,STOCK
MLACU,NASDAQ
MLACU,STOCK
MNSB,NASDAQ
MNSB,STOCK
SPPL,NASDAQ
SPPL,STOCK
MGX,NASDAQ
MGX,STOCK
TIL,NASDAQ
TIL,STOCK
KBDU,NASDAQ
KBDU,STOCK
RXST,NASDAQ
RXST,STOCK
PRVA,NASDAQ
PRVA,STOCK
LX,NASDAQ
LX,STOCK
PFBC,NASDAQ
PFBC,STOCK
PLAB,NASDAQ
PLAB,STOCK
SQFTP,NASDAQ
SQFTP,STOCK
MBWM,NASDAQ
MBWM,STOCK
MDXH,NASDAQ
MDXH,STOCK
RAAQW,NASDAQ
RAAQW,STOCK
OXLCP,NASDAQ
OXLCP,STOCK
LFMDP,NASDAQ
LFMDP,STOCK
MBVIW,NASDAQ
MBVIW,STOCK
MTSI,NASDAQ
MTSI,STOCK
KNSA,NASDAQ
KNSA,STOCK
STRF,NASDAQ
STRF,STOCK
LMFA,NASDAQ
LMFA,STOCK
MBINL,NASDAQ
MBINL,STOCK
OPCH,NASDAQ
OPCH,STOCK
NVCT,NASDAQ
NVCT,STOCK
SIBN,NASDAQ
SIBN,STOCK
OXSQG,NASDAQ
OXSQG,STOCK
TDIC,NASDAQ
TDIC,STOCK
SCPQU,NASDAQ
SCPQU,STOCK
SSRM,NASDAQ
SSRM,STOCK
SRZN,NASDAQ
SRZN,STOCK
MNOV,NASDAQ
MNOV,STOCK
SLE,NASDAQ
SLE,STOCK
MEOH,NASDAQ
MEOH,STOCK
SSYS,NASDAQ
SSYS,STOCK
TPGXL,NASDAQ
TPGXL,STOCK
PSHG,NASDAQ
PSHG,STOCK
TSEM,NASDAQ
TSEM,STOCK
SNPS,NASDAQ
SNPS,STOCK
PASG,NASDAQ
PASG,STOCK
SLMT,NASDAQ
SLMT,STOCK
LIDR,NASDAQ
LIDR,STOCK
MIRA,NASDAQ
MIRA,STOCK
SCZM,NASDAQ
SCZM,STOCK
LYEL,NASDAQ
LYEL,STOCK
RIGL,NASDAQ
RIGL,STOCK
MACIW,NASDAQ
MACIW,STOCK
KALV,NASDAQ
KALV,STOCK
TRNR,NASDAQ
TRNR,STOCK
SYNA,NASDAQ
SYNA,STOCK
META,NASDAQ
META,STOCK
SPOK,NASDAQ
SPOK,STOCK
RDAG,NASDAQ
RDAG,STOCK
NVAWW,NASDAQ
NVAWW,STOCK
MSEX,NASDAQ
MSEX,STOCK
OSS,NASDAQ
OSS,STOCK
TCBX,NASDAQ
TCBX,STOCK
KIDS,NASDAQ
KIDS,STOCK
RXRX,NASDAQ
RXRX,STOCK
PN,NASDAQ
PN,STOCK
NXL,NASDAQ
NXL,STOCK
OVBC,NASDAQ
OVBC,STOCK
PMTR,NASDAQ
PMTR,STOCK
NKTX,NASDAQ
NKTX,STOCK
ORCU,NASDAQ
ORCU,STOCK
TXG,NASDAQ
TXG,STOCK
LILA,NASDAQ
LILA,STOCK
RECT,NASDAQ
RECT,STOCK
SAIA,NASDAQ
SAIA,STOCK
TCBI,NASDAQ
TCBI,STOCK
SLNH,NASDAQ
SLNH,STOCK
NNE,NASDAQ
NNE,STOCK
PEBO,NASDAQ
PEBO,STOCK
ISRLF,NASDAQ
ISRLF,STOCK
SCOR,NASDAQ
SCOR,STOCK
PI,NASDAQ
PI,STOCK
ONC,NASDAQ
ONC,STOCK
KLRS,NASDAQ
KLRS,STOCK
SNYR,NASDAQ
SNYR,STOCK
QNRX,NASDAQ
QNRX,STOCK
SDA,NASDAQ
SDA,STOCK
SMLR,NASDAQ
SMLR,STOCK
STRT,NASDAQ
STRT,STOCK
SUPN,NASDAQ
SUPN,STOCK
OMAB,NASDAQ
OMAB,STOCK
MACI,NASDAQ
MACI,STOCK
SOHOB,NASDAQ
SOHOB,STOCK
LZ,NASDAQ
LZ,STOCK
MURA,NASDAQ
MURA,STOCK
TRS,NASDAQ
TRS,STOCK
RVMD,NASDAQ
RVMD,STOCK
OBAWW,NASDAQ
OBAWW,STOCK
SVAQU,NASDAQ
SVAQU,STOCK
STX,NASDAQ
STX,STOCK
KDK,NASDAQ
KDK,STOCK
IROQ,NASDAQ
IROQ,STOCK
SGRP,NASDAQ
SGRP,STOCK
SOFI,NASDAQ
SOFI,STOCK
IREN,NASDAQ
IREN,STOCK
IRON,NASDAQ
IRON,STOCK
MXCT,NASDAQ
MXCT,STOCK
NBIS,NASDAQ
NBIS,STOCK
SUUN,NASDAQ
SUUN,STOCK
IPEXR,NASDAQ
IPEXR,STOCK
TWST,NASDAQ
TWST,STOCK
SAIC,NASDAQ
SAIC,STOCK
UBCP,NASDAQ
UBCP,STOCK
LAFA,NASDAQ
LAFA,STOCK
OCS,NASDAQ
OCS,STOCK
LYRA,NASDAQ
LYRA,STOCK
SOCA,NASDAQ
SOCA,STOCK
PLTR,NASDAQ
PLTR,STOCK
INTG,NASDAQ
INTG,STOCK
PROF,NASDAQ
PROF,STOCK
NXGL,NASDAQ
NXGL,STOCK
PNFP,NASDAQ
PNFP,STOCK
OCUL,NASDAQ
OCUL,STOCK
NUAI,NASDAQ
NUAI,STOCK
ROOT,NASDAQ
ROOT,STOCK
MATW,NASDAQ
MATW,STOCK
RIBBR,NASDAQ
RIBBR,STOCK
TOIIW,NASDAQ
TOIIW,STOCK
SOPH,NASDAQ
SOPH,STOCK
RDNW,NASDAQ
RDNW,STOCK
LKSP,NASDAQ
LKSP,STOCK
MBBC,NASDAQ
MBBC,STOCK
TPG,NASDAQ
TPG,STOCK
NVVEW,NASDAQ
NVVEW,STOCK
MSBI,NASDAQ
MSBI,STOCK
PAYS,NASDAQ
PAYS,STOCK
RCKY,NASDAQ
RCKY,STOCK
NRC,NASDAQ
NRC,STOCK
KZIA,NASDAQ
KZIA,STOCK
MAPSW,NASDAQ
MAPSW,STOCK
RLMD,NASDAQ
RLMD,STOCK
MARA,NASDAQ
MARA,STOCK
LOCO,NASDAQ
LOCO,STOCK
LI,NASDAQ
LI,STOCK
STRL,NASDAQ
STRL,STOCK
MBVIU,NASDAQ
MBVIU,STOCK
STAI,NASDAQ
STAI,STOCK
MU,NASDAQ
MU,STOCK
PRTS,NASDAQ
PRTS,STOCK
MAR,NASDAQ
MAR,STOCK
PRCT,NASDAQ
PRCT,STOCK
PDYNW,NASDAQ
PDYNW,STOCK
RDZN,NASDAQ
RDZN,STOCK
PLBC,NASDAQ
PLBC,STOCK
LBTYB,NASDAQ
LBTYB,STOCK
PBM,NASDAQ
PBM,STOCK
LPBB,NASDAQ
LPBB,STOCK
RWAYL,NASDAQ
RWAYL,STOCK
SABR,NASDAQ
SABR,STOCK
PHAT,NASDAQ
PHAT,STOCK
TENB,NASDAQ
TENB,STOCK
SLGB,NASDAQ
SLGB,STOCK
NHTC,NASDAQ
NHTC,STOCK
PAVS,NASDAQ
PAVS,STOCK
RZLVW,NASDAQ
RZLVW,STOCK
TRINZ,NASDAQ
TRINZ,STOCK
LPLA,NASDAQ
LPLA,STOCK
NWL,NASDAQ
NWL,STOCK
MIDD,NASDAQ
MIDD,STOCK
THYM,NASDAQ
THYM,STOCK
KMTS,NASDAQ
KMTS,STOCK
MGRX,NASDAQ
MGRX,STOCK
TYRA,NASDAQ
TYRA,STOCK
PURR,NASDAQ
PURR,STOCK
SBUX,NASDAQ
SBUX,STOCK
QVCGP,NASDAQ
QVCGP,STOCK
OAKUR,NASDAQ
OAKUR,STOCK
LKFN,NASDAQ
LKFN,STOCK
RVSB,NASDAQ
RVSB,STOCK
LITE,NASDAQ
LITE,STOCK
TACOU,NASDAQ
TACOU,STOCK
NNAVW,NASDAQ
NNAVW,STOCK
PTC,NASDAQ
PTC,STOCK
NVVE,NASDAQ
NVVE,STOCK
LEXX,NASDAQ
LEXX,STOCK
INNV,NASDAQ
INNV,STOCK
SUNS,NASDAQ
SUNS,STOCK
PBPH,NASDAQ
PBPH,STOCK
TXXD,NASDAQ
TXXD,STOCK
NVEC,NASDAQ
NVEC,STOCK
JF,NASDAQ
JF,STOCK
RAIL,NASDAQ
RAIL,STOCK
NXXT,NASDAQ
NXXT,STOCK
RPD,NASDAQ
RPD,STOCK
OLMA,NASDAQ
OLMA,STOCK
LICN,NASDAQ
LICN,STOCK
NHPAP,NASDAQ
NHPAP,STOCK
TILE,NASDAQ
TILE,STOCK
SPOG,NASDAQ
SPOG,STOCK
NEWTP,NASDAQ
NEWTP,STOCK
ISPO,NASDAQ
ISPO,STOCK
SORA,NASDAQ
SORA,STOCK
MCBS,NASDAQ
MCBS,STOCK
OBIO,NASDAQ
OBIO,STOCK
SPRC,NASDAQ
SPRC,STOCK
STRD,NASDAQ
STRD,STOCK
POWWP,NASDAQ
POWWP,STOCK
NUAIW,NASDAQ
NUAIW,STOCK
STRO,NASDAQ
STRO,STOCK
QCOM,NASDAQ
QCOM,STOCK
SBFG,NASDAQ
SBFG,STOCK
KOYNW,NASDAQ
KOYNW,STOCK
RUSHB,NASDAQ
RUSHB,STOCK
REAX,NASDAQ
REAX,STOCK
OTTR,NASDAQ
OTTR,STOCK
STIM,NASDAQ
STIM,STOCK
NRIM,NASDAQ
NRIM,STOCK
KMDA,NASDAQ
KMDA,STOCK
NNOX,NASDAQ
NNOX,STOCK
RVMDW,NASDAQ
RVMDW,STOCK
MCTA,NASDAQ
MCTA,STOCK
NTRA,NASDAQ
NTRA,STOCK
IPCXR,NASDAQ
IPCXR,STOCK
PLRZ,NASDAQ
PLRZ,STOCK
RILYG,NASDAQ
RILYG,STOCK
JMSB,NASDAQ
JMSB,STOCK
NUTX,NASDAQ
NUTX,STOCK
RUSHA,NASDAQ
RUSHA,STOCK
OKTG,NASDAQ
OKTG,STOCK
MOGO,NASDAQ
MOGO,STOCK
OPBK,NASDAQ
OPBK,STOCK
JCTC,NASDAQ
JCTC,STOCK
SEAT,NASDAQ
SEAT,STOCK
JD,NASDAQ
JD,STOCK
STRZ,NASDAQ
STRZ,STOCK
NRDS,NASDAQ
NRDS,STOCK
PWP,NASDAQ
PWP,STOCK
RPGL,NASDAQ
RPGL,STOCK
TMSF,NASDAQ
TMSF,STOCK
OKTA,NASDAQ
OKTA,STOCK
KRRO,NASDAQ
KRRO,STOCK
TANH,NASDAQ
TANH,STOCK
SHBI,NASDAQ
SHBI,STOCK
NRXPW,NASDAQ
NRXPW,STOCK
IPW,NASDAQ
IPW,STOCK
JFIN,NASDAQ
JFIN,STOCK
RAY,NASDAQ
RAY,STOCK
KOD,NASDAQ
KOD,STOCK
RILYP,NASDAQ
RILYP,STOCK
MNZL,NASDAQ
MNZL,STOCK
NBBK,NASDAQ
NBBK,STOCK
MATE,NASDAQ
MATE,STOCK
SCNX,NASDAQ
SCNX,STOCK
RNGTW,NASDAQ
RNGTW,STOCK
LASR,NASDAQ
LASR,STOCK
PRTH,NASDAQ
PRTH,STOCK
MESHU,NASDAQ
MESHU,STOCK
SATL,NASDAQ
SATL,STOCK
MLACR,NASDAQ
MLACR,STOCK
NRIX,NASDAQ
NRIX,STOCK
LACG,NASDAQ
LACG,STOCK
OGI,NASDAQ
OGI,STOCK
NUTR,NASDAQ
NUTR,STOCK
NHICU,NASDAQ
NHICU,STOCK
TNXP,NASDAQ
TNXP,STOCK
QS,NASDAQ
QS,STOCK
PEBK,NASDAQ
PEBK,STOCK
QFIN,NASDAQ
QFIN,STOCK
QUMS,NASDAQ
QUMS,STOCK
NXPLW,NASDAQ
NXPLW,STOCK
KVACW,NASDAQ
KVACW,STOCK
PHUN,NASDAQ
PHUN,STOCK
QVCGA,NASDAQ
QVCGA,STOCK
LFUS,NASDAQ
LFUS,STOCK
PALI,NASDAQ
PALI,STOCK
MLYS,NASDAQ
MLYS,STOCK
TTRX,NASDAQ
TTRX,STOCK
JAZZ,NASDAQ
JAZZ,STOCK
KELYB,NASDAQ
KELYB,STOCK
NEOV,NASDAQ
NEOV,STOCK
TACT,NASDAQ
TACT,STOCK
NFLX,NASDAQ
NFLX,STOCK
KFFB,NASDAQ
KFFB,STOCK
TNYA,NASDAQ
TNYA,STOCK
PRFX,NASDAQ
PRFX,STOCK
RAIN,NASDAQ
RAIN,STOCK
TSCO,NASDAQ
TSCO,STOCK
MAZE,NASDAQ
MAZE,STOCK
SURG,NASDAQ
SURG,STOCK
RNAC,NASDAQ
RNAC,STOCK
KFII,NASDAQ
KFII,STOCK
PRAX,NASDAQ
PRAX,STOCK
MMSI,NASDAQ
MMSI,STOCK
TDTH,NASDAQ
TDTH,STOCK
TVGNW,NASDAQ
TVGNW,STOCK
OFSSO,NASDAQ
OFSSO,STOCK
PFX,NASDAQ
PFX,STOCK
MVSTW,NASDAQ
MVSTW,STOCK
OSPN,NASDAQ
OSPN,STOCK
NMFCZ,NASDAQ
NMFCZ,STOCK
RGEN,NASDAQ
RGEN,STOCK
TGHL,NASDAQ
TGHL,STOCK
PCAPU,NASDAQ
PCAPU,STOCK
RMNI,NASDAQ
RMNI,STOCK
PUBM,NASDAQ
PUBM,STOCK
OPRT,NASDAQ
OPRT,STOCK
PFG,NASDAQ
PFG,STOCK
MASK,NASDAQ
MASK,STOCK
KZR,NASDAQ
KZR,STOCK
PGACU,NASDAQ
PGACU,STOCK
KRNY,NASDAQ
KRNY,STOCK
RYOJ,NASDAQ
RYOJ,STOCK
MMLP,NASDAQ
MMLP,STOCK
MYRG,NASDAQ
MYRG,STOCK
NMRA,NASDAQ
NMRA,STOCK
KARO,NASDAQ
KARO,STOCK
NHPBP,NASDAQ
NHPBP,STOCK
NKTR,NASDAQ
NKTR,STOCK
NOEM,NASDAQ
NOEM,STOCK
PLBL,NASDAQ
PLBL,STOCK
SCHL,NASDAQ
SCHL,STOCK
SVAC,NASDAQ
SVAC,STOCK
MRNA,NASDAQ
MRNA,STOCK
INVZW,NASDAQ
INVZW,STOCK
POET,NASDAQ
POET,STOCK
RDCM,NASDAQ
RDCM,STOCK
TDACW,NASDAQ
TDACW,STOCK
JBDI,NASDAQ
JBDI,STOCK
TARA,NASDAQ
TARA,STOCK
REPL,NASDAQ
REPL,STOCK
ORCS,NASDAQ
ORCS,STOCK
TSHA,NASDAQ
TSHA,STOCK
SLDE,NASDAQ
SLDE,STOCK
MAGH,NASDAQ
MAGH,STOCK
MRNO,NASDAQ
MRNO,STOCK
RMSGW,NASDAQ
RMSGW,STOCK
LBGJ,NASDAQ
LBGJ,STOCK
LHSW,NASDAQ
LHSW,STOCK
SIGA,NASDAQ
SIGA,STOCK
SVCCU,NASDAQ
SVCCU,STOCK
NSIT,NASDAQ
NSIT,STOCK
TACOW,NASDAQ
TACOW,STOCK
MCRI,NASDAQ
MCRI,STOCK
OTLY,NASDAQ
OTLY,STOCK
MYNZ,NASDAQ
MYNZ,STOCK
KFIIR,NASDAQ
KFIIR,STOCK
STSS,NASDAQ
STSS,STOCK
TJGC,NASDAQ
TJGC,STOCK
SWVLW,NASDAQ
SWVLW,STOCK
LVLU,NASDAQ
LVLU,STOCK
LOKV,NASDAQ
LOKV,STOCK
TBLAW,NASDAQ
TBLAW,STOCK
RMCF,NASDAQ
RMCF,STOCK
SONM,NASDAQ
SONM,STOCK
MERC,NASDAQ
MERC,STOCK
LEGN,NASDAQ
LEGN,STOCK
PMAX,NASDAQ
PMAX,STOCK
IPX,NASDAQ
IPX,STOCK
NPAC,NASDAQ
NPAC,STOCK
SWBI,NASDAQ
SWBI,STOCK
TRI,NASDAQ
TRI,STOCK
JXG,NASDAQ
JXG,STOCK
SPHL,NASDAQ
SPHL,STOCK
SLXN,NASDAQ
SLXN,STOCK
JYD,NASDAQ
JYD,STOCK
KRT,NASDAQ
KRT,STOCK
TECX,NASDAQ
TECX,STOCK
SEIC,NASDAQ
SEIC,STOCK
SNOA,NASDAQ
SNOA,STOCK
JFBR,NASDAQ
JFBR,STOCK
NMPAU,NASDAQ
NMPAU,STOCK
RARE,NASDAQ
RARE,STOCK
LPTH,NASDAQ
LPTH,STOCK
SAGT,NASDAQ
SAGT,STOCK
RSSS,NASDAQ
RSSS,STOCK
MKSI,NASDAQ
MKSI,STOCK
OMCC,NASDAQ
OMCC,STOCK
TTSH,NASDAQ
TTSH,STOCK
TERN,NASDAQ
TERN,STOCK
TLSI,NASDAQ
TLSI,STOCK
MOLN,NASDAQ
MOLN,STOCK
IRDM,NASDAQ
IRDM,STOCK
NODK,NASDAQ
NODK,STOCK
IPOD,NASDAQ
IPOD,STOCK
LNTH,NASDAQ
LNTH,STOCK
SHOP,NASDAQ
SHOP,STOCK
MRVI,NASDAQ
MRVI,STOCK
MDB,NASDAQ
MDB,STOCK
OLLI,NASDAQ
OLLI,STOCK
MQ,NASDAQ
MQ,STOCK
MYCO,NASDAQ
MYCO,STOCK
NCSM,NASDAQ
NCSM,STOCK
OAKU,NASDAQ
OAKU,STOCK
LATAW,NASDAQ
LATAW,STOCK
PHAR,NASDAQ
PHAR,STOCK
IOVA,NASDAQ
IOVA,STOCK
SCAGW,NASDAQ
SCAGW,STOCK
MHUAF,NASDAQ
MHUAF,STOCK
TELA,NASDAQ
TELA,STOCK
MTEK,NASDAQ
MTEK,STOCK
SSEAR,NASDAQ
SSEAR,STOCK
OSBC,NASDAQ
OSBC,STOCK
LUCD,NASDAQ
LUCD,STOCK
INTR,NASDAQ
INTR,STOCK
PFAI,NASDAQ
PFAI,STOCK
STTK,NASDAQ
STTK,STOCK
OFLX,NASDAQ
OFLX,STOCK
PRE,NASDAQ
PRE,STOCK
SGA,NASDAQ
SGA,STOCK
SNDX,NASDAQ
SNDX,STOCK
NMFC,NASDAQ
NMFC,STOCK
SPRB,NASDAQ
SPRB,STOCK
RDGT,NASDAQ
RDGT,STOCK
RIOT,NASDAQ
RIOT,STOCK
MNTK,NASDAQ
MNTK,STOCK
SFBC,NASDAQ
SFBC,STOCK
SEVN,NASDAQ
SEVN,STOCK
JACK,NASDAQ
JACK,STOCK
MDXG,NASDAQ
MDXG,STOCK
RILYT,NASDAQ
RILYT,STOCK
LECO,NASDAQ
LECO,STOCK
OPXS,NASDAQ
OPXS,STOCK
THCH,NASDAQ
THCH,STOCK
NDAQ,NASDAQ
NDAQ,STOCK
MNPR,NASDAQ
MNPR,STOCK
RENX,NASDAQ
RENX,STOCK
SKYQ,NASDAQ
SKYQ,STOCK
LSH,NASDAQ
LSH,STOCK
PRPO,NASDAQ
PRPO,STOCK
PSIX,NASDAQ
PSIX,STOCK
SBC,NASDAQ
SBC,STOCK
TRIN,NASDAQ
TRIN,STOCK
ITHAU,NASDAQ
ITHAU,STOCK
SNBR,NASDAQ
SNBR,STOCK
PLUT,NASDAQ
PLUT,STOCK
STEX,NASDAQ
STEX,STOCK
PPTA,NASDAQ
PPTA,STOCK
MACIU,NASDAQ
MACIU,STOCK
NCMI,NASDAQ
NCMI,STOCK
MMYT,NASDAQ
MMYT,STOCK
NAGE,NASDAQ
NAGE,STOCK
PLMKW,NASDAQ
PLMKW,STOCK
MDAI,NASDAQ
MDAI,STOCK
OLB,NASDAQ
OLB,STOCK
OMSE,NASDAQ
OMSE,STOCK
MASI,NASDAQ
MASI,STOCK
TFSL,NASDAQ
TFSL,STOCK
TURB,NASDAQ
TURB,STOCK
NYAX,NASDAQ
NYAX,STOCK
MKTW,NASDAQ
MKTW,STOCK
TKLF,NASDAQ
TKLF,STOCK
SMYY,NASDAQ
SMYY,STOCK
RGYY,NASDAQ
RGYY,STOCK
IONS,NASDAQ
IONS,STOCK
JUNS,NASDAQ
JUNS,STOCK
MTRX,NASDAQ
MTRX,STOCK
SDAWW,NASDAQ
SDAWW,STOCK
TZOO,NASDAQ
TZOO,STOCK
TAVI,NASDAQ
TAVI,STOCK
PLSE,NASDAQ
PLSE,STOCK
SLAB,NASDAQ
SLAB,STOCK
PNRG,NASDAQ
PNRG,STOCK
TBH,NASDAQ
TBH,STOCK
RDWR,NASDAQ
RDWR,STOCK
KLXE,NASDAQ
KLXE,STOCK
PKOH,NASDAQ
PKOH,STOCK
SHIM,NASDAQ
SHIM,STOCK
MCHP,NASDAQ
MCHP,STOCK
SSP,NASDAQ
SSP,STOCK
MPB,NASDAQ
MPB,STOCK
MPLT,NASDAQ
MPLT,STOCK
MENS,NASDAQ
MENS,STOCK
IRMD,NASDAQ
IRMD,STOCK
SPKL,NASDAQ
SPKL,STOCK
SABSW,NASDAQ
SABSW,STOCK
PYPL,NASDAQ
PYPL,STOCK
SERA,NASDAQ
SERA,STOCK
IVSS,NASDAQ
IVSS,STOCK
TMUS,NASDAQ
TMUS,STOCK
SKK,NASDAQ
SKK,STOCK
MBAVU,NASDAQ
MBAVU,STOCK
PCB,NASDAQ
PCB,STOCK
LSE,NASDAQ
LSE,STOCK
LANDM,NASDAQ
LANDM,STOCK
MNY,NASDAQ
MNY,STOCK
NEMG,NASDAQ
NEMG,STOCK
SPCT,NASDAQ
SPCT,STOCK
OKUR,NASDAQ
OKUR,STOCK
NXTC,NASDAQ
NXTC,STOCK
NEWTG,NASDAQ
NEWTG,STOCK
MSPR,NASDAQ
MSPR,STOCK
MKZR,NASDAQ
MKZR,STOCK
LSCC,NASDAQ
LSCC,STOCK
SFM,NASDAQ
SFM,STOCK
NUVL,NASDAQ
NUVL,STOCK
PRPL,NASDAQ
PRPL,STOCK
MRCY,NASDAQ
MRCY,STOCK
ONMD,NASDAQ
ONMD,STOCK
PELIU,NASDAQ
PELIU,STOCK
NIPG,NASDAQ
NIPG,STOCK
TAVIU,NASDAQ
TAVIU,STOCK
TSLA,NASDAQ
TSLA,STOCK
LDWY,NASDAQ
LDWY,STOCK
LIF,NASDAQ
LIF,STOCK
LIXT,NASDAQ
LIXT,STOCK
TRSG,NASDAQ
TRSG,STOCK
PRZO,NASDAQ
PRZO,STOCK
TMUSI,NASDAQ
TMUSI,STOCK
SHIP,NASDAQ
SHIP,STOCK
LKSPR,NASDAQ
LKSPR,STOCK
MYSE,NASDAQ
MYSE,STOCK
SNFCA,NASDAQ
SNFCA,STOCK
LAZRQ,NASDAQ
LAZRQ,STOCK
PCT,NASDAQ
PCT,STOCK
PDLB,NASDAQ
PDLB,STOCK
OBA,NASDAQ
OBA,STOCK
INTZ,NASDAQ
INTZ,STOCK
ORMP,NASDAQ
ORMP,STOCK
SGML,NASDAQ
SGML,STOCK
MFVL,NASDAQ
MFVL,STOCK
ORGO,NASDAQ
ORGO,STOCK
OZKAP,NASDAQ
OZKAP,STOCK
PLUL,NASDAQ
PLUL,STOCK
SHMDW,NASDAQ
SHMDW,STOCK
TER,NASDAQ
TER,STOCK
RAUS,NASDAQ
RAUS,STOCK
PTEN,NASDAQ
PTEN,STOCK
LCCCR,NASDAQ
LCCCR,STOCK
MRBK,NASDAQ
MRBK,STOCK
NITO,NASDAQ
NITO,STOCK
MNYWW,NASDAQ
MNYWW,STOCK
IPCXU,NASDAQ
IPCXU,STOCK
MEDP,NASDAQ
MEDP,STOCK
TITN,NASDAQ
TITN,STOCK
NCEW,NASDAQ
NCEW,STOCK
SPT,NASDAQ
SPT,STOCK
MSBIP,NASDAQ
MSBIP,STOCK
MATH,NASDAQ
MATH,STOCK
MCW,NASDAQ
MCW,STOCK
MAT,NASDAQ
MAT,STOCK
OPAL,NASDAQ
OPAL,STOCK
SLSN,NASDAQ
SLSN,STOCK
LULU,NASDAQ
LULU,STOCK
RELL,NASDAQ
RELL,STOCK
MSGY,NASDAQ
MSGY,STOCK
SOHU,NASDAQ
SOHU,STOCK
LTBR,NASDAQ
LTBR,STOCK
SXTP,NASDAQ
SXTP,STOCK
TBPH,NASDAQ
TBPH,STOCK
NYXH,NASDAQ
NYXH,STOCK
REFI,NASDAQ
REFI,STOCK
INTC,NASDAQ
INTC,STOCK
OXLCL,NASDAQ
OXLCL,STOCK
TOI,NASDAQ
TOI,STOCK
MRNOW,NASDAQ
MRNOW,STOCK
MTEX,NASDAQ
MTEX,STOCK
SMTK,NASDAQ
SMTK,STOCK
SCLX,NASDAQ
SCLX,STOCK
TRDA,NASDAQ
TRDA,STOCK
OTGAW,NASDAQ
OTGAW,STOCK
PBHC,NASDAQ
PBHC,STOCK
TORO,NASDAQ
TORO,STOCK
RANGU,NASDAQ
RANGU,STOCK
LTRN,NASDAQ
LTRN,STOCK
PSIG,NASDAQ
PSIG,STOCK
NWS,NASDAQ
NWS,STOCK
QLYS,NASDAQ
QLYS,STOCK
SPWRW,NASDAQ
SPWRW,STOCK
PLMKU,NASDAQ
PLMKU,STOCK
SEZL,NASDAQ
SEZL,STOCK
NHICW,NASDAQ
NHICW,STOCK
KYIVW,NASDAQ
KYIVW,STOCK
LPBBU,NASDAQ
LPBBU,STOCK
OCSL,NASDAQ
OCSL,STOCK
ISRG,NASDAQ
ISRG,STOCK
JBLU,NASDAQ
JBLU,STOCK
KPTI,NASDAQ
KPTI,STOCK
IPSC,NASDAQ
IPSC,STOCK
MITK,NASDAQ
MITK,STOCK
TTEK,NASDAQ
TTEK,STOCK
MVST,NASDAQ
MVST,STOCK
PPIH,NASDAQ
PPIH,STOCK
OM,NASDAQ
OM,STOCK
MBINN,NASDAQ
MBINN,STOCK
LNSR,NASDAQ
LNSR,STOCK
NXPI,NASDAQ
NXPI,STOCK
NTCL,NASDAQ
NTCL,STOCK
LOTI,NASDAQ
LOTI,STOCK
QQQX,NASDAQ
QQQX,STOCK
SNES,NASDAQ
SNES,STOCK
SERV,NASDAQ
SERV,STOCK
LVROW,NASDAQ
LVROW,STOCK
PSKY,NASDAQ
PSKY,STOCK
MBIN,NASDAQ
MBIN,STOCK
TVGN,NASDAQ
TVGN,STOCK
MDCX,NASDAQ
MDCX,STOCK
ODP,NASDAQ
ODP,STOCK
TMCWW,NASDAQ
TMCWW,STOCK
IPODW,NASDAQ
IPODW,STOCK
NGEN,NASDAQ
NGEN,STOCK
KYIV,NASDAQ
KYIV,STOCK
LUNR,NASDAQ
LUNR,STOCK
ITRM,NASDAQ
ITRM,STOCK
NIVFW,NASDAQ
NIVFW,STOCK
TNDM,NASDAQ
TNDM,STOCK
NERV,NASDAQ
NERV,STOCK
RBKB,NASDAQ
RBKB,STOCK
MCHPP,NASDAQ
MCHPP,STOCK
MBVI,NASDAQ
MBVI,STOCK
RELI,NASDAQ
RELI,STOCK
MKLY,NASDAQ
MKLY,STOCK
NEON,NASDAQ
NEON,STOCK
SEED,NASDAQ
SEED,STOCK
NVTS,NASDAQ
NVTS,STOCK
MIND,NASDAQ
MIND,STOCK
POLE,NASDAQ
POLE,STOCK
RSVR,NASDAQ
RSVR,STOCK
REYN,NASDAQ
REYN,STOCK
NRSNW,NASDAQ
NRSNW,STOCK
ONCHW,NASDAQ
ONCHW,STOCK
OMDA,NASDAQ
OMDA,STOCK
NSSC,NASDAQ
NSSC,STOCK
NTNX,NASDAQ
NTNX,STOCK
MGRT,NASDAQ
MGRT,STOCK
SANA,NASDAQ
SANA,STOCK
TRIP,NASDAQ
TRIP,STOCK
PRHIZ,NASDAQ
PRHIZ,STOCK
LMB,NASDAQ
LMB,STOCK
MBINM,NASDAQ
MBINM,STOCK
MOBBW,NASDAQ
MOBBW,STOCK
SMOM,NASDAQ
SMOM,STOCK
RILY,NASDAQ
RILY,STOCK
SPEG,NASDAQ
SPEG,STOCK
NBIG,NASDAQ
NBIG,STOCK
ORKA,NASDAQ
ORKA,STOCK
TLIH,NASDAQ
TLIH,STOCK
SRZNW,NASDAQ
SRZNW,STOCK
OCC,NASDAQ
OCC,STOCK
MGN,NASDAQ
MGN,STOCK
RICK,NASDAQ
RICK,STOCK
KBONU,NASDAQ
KBONU,STOCK
PECO,NASDAQ
PECO,STOCK
MNSBP,NASDAQ
MNSBP,STOCK
PDD,NASDAQ
PDD,STOCK
SOHO,NASDAQ
SOHO,STOCK
RKLB,NASDAQ
RKLB,STOCK
IPWR,NASDAQ
IPWR,STOCK
RITR,NASDAQ
RITR,STOCK
SINT,NASDAQ
SINT,STOCK
LIND,NASDAQ
LIND,STOCK
KTTA,NASDAQ
KTTA,STOCK
KYNB,NASDAQ
KYNB,STOCK
SKYW,NASDAQ
SKYW,STOCK
OUSTZ,NASDAQ
OUSTZ,STOCK
TRMK,NASDAQ
TRMK,STOCK
OVLY,NASDAQ
OVLY,STOCK
LMAT,NASDAQ
LMAT,STOCK
TDWD,NASDAQ
TDWD,STOCK
RGCO,NASDAQ
RGCO,STOCK
ISPR,NASDAQ
ISPR,STOCK
OFIX,NASDAQ
OFIX,STOCK
LIN,NASDAQ
LIN,STOCK
SBU,NASDAQ
SBU,STOCK
ISTR,NASDAQ
ISTR,STOCK
SZZL,NASDAQ
SZZL,STOCK
SKYT,NASDAQ
SKYT,STOCK
SWKHL,NASDAQ
SWKHL,STOCK
MRVL,NASDAQ
MRVL,STOCK
TDOG,NASDAQ
TDOG,STOCK
STI,NASDAQ
STI,STOCK
ROAD,NASDAQ
ROAD,STOCK
PLMR,NASDAQ
PLMR,STOCK
KPLT,NASDAQ
KPLT,STOCK
SSM,NASDAQ
SSM,STOCK
TSBK,NASDAQ
TSBK,STOCK
NTRP,NASDAQ
NTRP,STOCK
SNY,NASDAQ
SNY,STOCK
TLSA,NASDAQ
TLSA,STOCK
RRR,NASDAQ
RRR,STOCK
JFU,NASDAQ
JFU,STOCK
SDSTW,NASDAQ
SDSTW,STOCK
SMX,NASDAQ
SMX,STOCK
SMBC,NASDAQ
SMBC,STOCK
SAVA,NASDAQ
SAVA,STOCK
TMC,NASDAQ
TMC,STOCK
IVP,NASDAQ
IVP,STOCK
PKBK,NASDAQ
PKBK,STOCK
PFXNZ,NASDAQ
PFXNZ,STOCK
SOUN,NASDAQ
SOUN,STOCK
PENN,NASDAQ
PENN,STOCK
MRUS,NASDAQ
MRUS,STOCK
MSPRW,NASDAQ
MSPRW,STOCK
PAX,NASDAQ
PAX,STOCK
NTHI,NASDAQ
NTHI,STOCK
OFAL,NASDAQ
OFAL,STOCK
OESX,NASDAQ
OESX,STOCK
SSEA,NASDAQ
SSEA,STOCK
TLNCU,NASDAQ
TLNCU,STOCK
STHO,NASDAQ
STHO,STOCK
ORGNW,NASDAQ
ORGNW,STOCK
MIRM,NASDAQ
MIRM,STOCK
KHC,NASDAQ
KHC,STOCK
RNA,NASDAQ
RNA,STOCK
LSTR,NASDAQ
LSTR,STOCK
LFST,NASDAQ
LFST,STOCK
TRVI,NASDAQ
TRVI,STOCK
NUGY,NASDAQ
NUGY,STOCK
LOT,NASDAQ
LOT,STOCK
ITHA,NASDAQ
ITHA,STOCK
MZTI,NASDAQ
MZTI,STOCK
MDRR,NASDAQ
MDRR,STOCK
PAGP,NASDAQ
PAGP,STOCK
MODD,NASDAQ
MODD,STOCK
POWI,NASDAQ
POWI,STOCK
TTGT,NASDAQ
TTGT,STOCK
LOTWW,NASDAQ
LOTWW,STOCK
PPC,NASDAQ
PPC,STOCK
PDYN,NASDAQ
PDYN,STOCK
OXLCG,NASDAQ
OXLCG,STOCK
RILYK,NASDAQ
RILYK,STOCK
POWL,NASDAQ
POWL,STOCK
LNT,NASDAQ
LNT,STOCK
SFD,NASDAQ
SFD,STOCK
KIDZ,NASDAQ
KIDZ,STOCK
LHAI,NASDAQ
LHAI,STOCK
QBTZ,NASDAQ
QBTZ,STOCK
SDHI,NASDAQ
SDHI,STOCK
STFS,NASDAQ
STFS,STOCK
MFIC,NASDAQ
MFIC,STOCK
STKE,NASDAQ
STKE,STOCK
LIDRW,NASDAQ
LIDRW,STOCK
SSBI,NASDAQ
SSBI,STOCK
MDGL,NASDAQ
MDGL,STOCK
MKLYR,NASDAQ
MKLYR,STOCK
OBAWU,NASDAQ
OBAWU,STOCK
OMEX,NASDAQ
OMEX,STOCK
NSPR,NASDAQ
NSPR,STOCK
NICE,NASDAQ
NICE,STOCK
MEHA,NASDAQ
MEHA,STOCK
OCCI,NASDAQ
OCCI,STOCK
OXBR,NASDAQ
OXBR,STOCK
TDI,NASDAQ
TDI,STOCK
SMID,NASDAQ
SMID,STOCK
MSTR,NASDAQ
MSTR,STOCK
TCOM,NASDAQ
TCOM,STOCK
TXMD,NASDAQ
TXMD,STOCK
ITHAW,NASDAQ
ITHAW,STOCK
SDM,NASDAQ
SDM,STOCK
NPCE,NASDAQ
NPCE,STOCK
MSGM,NASDAQ
MSGM,STOCK
RMTI,NASDAQ
RMTI,STOCK
NAMSW,NASDAQ
NAMSW,STOCK
PROK,NASDAQ
PROK,STOCK
TKNO,NASDAQ
TKNO,STOCK
RIBB,NASDAQ
RIBB,STOCK
TENX,NASDAQ
TENX,STOCK
SSSSL,NASDAQ
SSSSL,STOCK
ONCO,NASDAQ
ONCO,STOCK
TAYD,NASDAQ
TAYD,STOCK
NAVI,NASDAQ
NAVI,STOCK
PLXS,NASDAQ
PLXS,STOCK
JTAI,NASDAQ
JTAI,STOCK
QH,NASDAQ
QH,STOCK
OS,NASDAQ
OS,STOCK
PCH,NASDAQ
PCH,STOCK
QUMSU,NASDAQ
QUMSU,STOCK
SCVL,NASDAQ
SCVL,STOCK
ONMDW,NASDAQ
ONMDW,STOCK
NVA,NASDAQ
NVA,STOCK
KMRK,NASDAQ
KMRK,STOCK
SUGP,NASDAQ
SUGP,STOCK
NEXT,NASDAQ
NEXT,STOCK
PTHL,NASDAQ
PTHL,STOCK
MAAS,NASDAQ
MAAS,STOCK
PASW,NASDAQ
PASW,STOCK
LESL,NASDAQ
LESL,STOCK
OYSE,NASDAQ
OYSE,STOCK
KCHVU,NASDAQ
KCHVU,STOCK
MBX,NASDAQ
MBX,STOCK
NEWTH,NASDAQ
NEWTH,STOCK
SIMAW,NASDAQ
SIMAW,STOCK
RDNT,NASDAQ
RDNT,STOCK
OSUR,NASDAQ
OSUR,STOCK
MIMI,NASDAQ
MIMI,STOCK
KLAG,NASDAQ
KLAG,STOCK
LQDA,NASDAQ
LQDA,STOCK
MYPS,NASDAQ
MYPS,STOCK
JBHT,NASDAQ
JBHT,STOCK
MGTX,NASDAQ
MGTX,STOCK
TH,NASDAQ
TH,STOCK
RILYZ,NASDAQ
RILYZ,STOCK
TASK,NASDAQ
TASK,STOCK
PBEU,NASDAQ
PBEU,STOCK
SPEGU,NASDAQ
SPEGU,STOCK
TSCM,NASDAQ
TSCM,STOCK
LRCX,NASDAQ
LRCX,STOCK
LGIH,NASDAQ
LGIH,STOCK
NEOG,NASDAQ
NEOG,STOCK
ORIQU,NASDAQ
ORIQU,STOCK
TSSI,NASDAQ
TSSI,STOCK
PLRX,NASDAQ
PLRX,STOCK
PEPG,NASDAQ
PEPG,STOCK
NTWO,NASDAQ
NTWO,STOCK
RAPT,NASDAQ
RAPT,STOCK
SYZ,NASDAQ
SYZ,STOCK
RZLV,NASDAQ
RZLV,STOCK
RMCO,NASDAQ
RMCO,STOCK
SCKT,NASDAQ
SCKT,STOCK
LPCVU,NASDAQ
LPCVU,STOCK
PACHW,NASDAQ
PACHW,STOCK
ROCK,NASDAQ
ROCK,STOCK
JL,NASDAQ
JL,STOCK
MLTX,NASDAQ
MLTX,STOCK
ISPC,NASDAQ
ISPC,STOCK
RUM,NASDAQ
RUM,STOCK
QETA,NASDAQ
QETA,STOCK
PDEX,NASDAQ
PDEX,STOCK
TPCS,NASDAQ
TPCS,STOCK
PCSC,NASDAQ
PCSC,STOCK
TRVG,NASDAQ
TRVG,STOCK
IVA,NASDAQ
IVA,STOCK
STBA,NASDAQ
STBA,STOCK
KGEI,NASDAQ
KGEI,STOCK
NRSN,NASDAQ
NRSN,STOCK
RILYN,NASDAQ
RILYN,STOCK
LWACU,NASDAQ
LWACU,STOCK
PANL,NASDAQ
PANL,STOCK
ONBPO,NASDAQ
ONBPO,STOCK
MRTN,NASDAQ
MRTN,STOCK
LINE,NASDAQ
LINE,STOCK
LEGH,NASDAQ
LEGH,STOCK
SSTI,NASDAQ
SSTI,STOCK
NUG,NASDAQ
NUG,STOCK
OYSER,NASDAQ
OYSER,STOCK
LIVN,NASDAQ
LIVN,STOCK
MRSN,NASDAQ
MRSN,STOCK
IPEXU,NASDAQ
IPEXU,STOCK
MOFG,NASDAQ
MOFG,STOCK
SWVL,NASDAQ
SWVL,STOCK
OSIS,NASDAQ
OSIS,STOCK
NATR,NASDAQ
NATR,STOCK
MRCC,NASDAQ
MRCC,STOCK
PXLW,NASDAQ
PXLW,STOCK
ODFL,NASDAQ
ODFL,STOCK
TATT,NASDAQ
TATT,STOCK
OFS,NASDAQ
OFS,STOCK
LSBK,NASDAQ
LSBK,STOCK
TECTP,NASDAQ
TECTP,STOCK
TACHW,NASDAQ
TACHW,STOCK
LINC,NASDAQ
LINC,STOCK
MBCN,NASDAQ
MBCN,STOCK
LATAU,NASDAQ
LATAU,STOCK
NPT,NASDAQ
NPT,STOCK
SPKLW,NASDAQ
SPKLW,STOCK
PCRX,NASDAQ
PCRX,STOCK
RCMT,NASDAQ
RCMT,STOCK
PHIO,NASDAQ
PHIO,STOCK
TWFG,NASDAQ
TWFG,STOCK
LAUR,NASDAQ
LAUR,STOCK
KWMWW,NASDAQ
KWMWW,STOCK
RVSN,NASDAQ
RVSN,STOCK
IQ,NASDAQ
IQ,STOCK
TYGO,NASDAQ
TYGO,STOCK
NEGG,NASDAQ
NEGG,STOCK
MLAC,NASDAQ
MLAC,STOCK
RYET,NASDAQ
RYET,STOCK
SENEA,NASDAQ
SENEA,STOCK
PBMWW,NASDAQ
PBMWW,STOCK
MCHB,NASDAQ
MCHB,STOCK
NCPL,NASDAQ
NCPL,STOCK
OMCL,NASDAQ
OMCL,STOCK
NN,NASDAQ
NN,STOCK
SION,NASDAQ
SION,STOCK
NBP,NASDAQ
NBP,STOCK
SILC,NASDAQ
SILC,STOCK
OABI,NASDAQ
OABI,STOCK
MNTS,NASDAQ
MNTS,STOCK
PFOE,NASDAQ
PFOE,STOCK
RNTX,NASDAQ
RNTX,STOCK
MTEKW,NASDAQ
MTEKW,STOCK
MCGAU,NASDAQ
MCGAU,STOCK
TRIL,NASDAQ
TRIL,STOCK
MRAM,NASDAQ
MRAM,STOCK
MDCXW,NASDAQ
MDCXW,STOCK
PLSM,NASDAQ
PLSM,STOCK
SCIIU,NASDAQ
SCIIU,STOCK
PLAY,NASDAQ
PLAY,STOCK
RWAYZ,NASDAQ
RWAYZ,STOCK
MORN,NASDAQ
MORN,STOCK
TOMZ,NASDAQ
TOMZ,STOCK
SAIL,NASDAQ
SAIL,STOCK
NDLS,NASDAQ
NDLS,STOCK
IOTR,NASDAQ
IOTR,STOCK
NAUT,NASDAQ
NAUT,STOCK
SPRO,NASDAQ
SPRO,STOCK
QSEA,NASDAQ
QSEA,STOCK
INSG,NASDAQ
INSG,STOCK
MNST,NASDAQ
MNST,STOCK
QCLS,NASDAQ
QCLS,STOCK
NUKKW,NASDAQ
NUKKW,STOCK
KITTW,NASDAQ
KITTW,STOCK
TRBF,NASDAQ
TRBF,STOCK
SBET,NASDAQ
SBET,STOCK
PCAP,NASDAQ
PCAP,STOCK
SSNC,NASDAQ
SSNC,STOCK
RBNE,NASDAQ
RBNE,STOCK
RNXT,NASDAQ
RNXT,STOCK
LGCB,NASDAQ
LGCB,STOCK
TLPH,NASDAQ
TLPH,STOCK
TWLVR,NASDAQ
TWLVR,STOCK
SCAG,NASDAQ
SCAG,STOCK
IRTC,NASDAQ
IRTC,STOCK
RCON,NASDAQ
RCON,STOCK
MSAI,NASDAQ
MSAI,STOCK
NIXXW,NASDAQ
NIXXW,STOCK
SCYX,NASDAQ
SCYX,STOCK
LUNG,NASDAQ
LUNG,STOCK
PAYX,NASDAQ
PAYX,STOCK
NMIH,NASDAQ
NMIH,STOCK
PT,NASDAQ
PT,STOCK
SDST,NASDAQ
SDST,STOCK
IVF,NASDAQ
IVF,STOCK
MVIS,NASDAQ
MVIS,STOCK
PTCT,NASDAQ
PTCT,STOCK
NB,NASDAQ
NB,STOCK
SLP,NASDAQ
SLP,STOCK
TAOX,NASDAQ
TAOX,STOCK
KAVL,NASDAQ
KAVL,STOCK
MANH,NASDAQ
MANH,STOCK
LWLG,NASDAQ
LWLG,STOCK
SSSS,NASDAQ
SSSS,STOCK
PNTG,NASDAQ
PNTG,STOCK
QURE,NASDAQ
QURE,STOCK
SLMBP,NASDAQ
SLMBP,STOCK
OFSSH,NASDAQ
OFSSH,STOCK
LEXXW,NASDAQ
LEXXW,STOCK
IZEA,NASDAQ
IZEA,STOCK
SPRY,NASDAQ
SPRY,STOCK
LAWR,NASDAQ
LAWR,STOCK
PSEC,NASDAQ
PSEC,STOCK
RADX,NASDAQ
RADX,STOCK
IVDA,NASDAQ
IVDA,STOCK
SBAC,NASDAQ
SBAC,STOCK
MEMA,NASDAQ
MEMA,STOCK
STRRP,NASDAQ
STRRP,STOCK
OPRA,NASDAQ
OPRA,STOCK
SMPL,NASDAQ
SMPL,STOCK
NTWK,NASDAQ
NTWK,STOCK
MYFW,NASDAQ
MYFW,STOCK
MSS,NASDAQ
MSS,STOCK
LOKVW,NASDAQ
LOKVW,STOCK
PBFS,NASDAQ
PBFS,STOCK
RDACU,NASDAQ
RDACU,STOCK
SGMT,NASDAQ
SGMT,STOCK
SPAI,NASDAQ
SPAI,STOCK
SGC,NASDAQ
SGC,STOCK
LBTYK,NASDAQ
LBTYK,STOCK
TDAC,NASDAQ
TDAC,STOCK
SANM,NASDAQ
SANM,STOCK
NCNO,NASDAQ
NCNO,STOCK
IPODU,NASDAQ
IPODU,STOCK
TCBS,NASDAQ
TCBS,STOCK
THRV,NASDAQ
THRV,STOCK
PELIR,NASDAQ
PELIR,STOCK
TIVC,NASDAQ
TIVC,STOCK
SMSI,NASDAQ
SMSI,STOCK
KOYN,NASDAQ
KOYN,STOCK
TCPC,NASDAQ
TCPC,STOCK
LBRDK,NASDAQ
LBRDK,STOCK
RDAGU,NASDAQ
RDAGU,STOCK
ITOC,NASDAQ
ITOC,STOCK
ONCH,NASDAQ
ONCH,STOCK
POM,NASDAQ
POM,STOCK
SATA,NASDAQ
SATA,STOCK
NFE,NASDAQ
NFE,STOCK
MMTXW,NASDAQ
MMTXW,STOCK
TIRX,NASDAQ
TIRX,STOCK
MAAY,NASDAQ
MAAY,STOCK
PROP,NASDAQ
PROP,STOCK
SIFY,NASDAQ
SIFY,STOCK
TCRT,NASDAQ
TCRT,STOCK
PGY,NASDAQ
PGY,STOCK
RUN,NASDAQ
RUN,STOCK
SZZLU,NASDAQ
SZZLU,STOCK
SVCC,NASDAQ
SVCC,STOCK
PSNY,NASDAQ
PSNY,STOCK
NIVF,NASDAQ
NIVF,STOCK
LIMN,NASDAQ
LIMN,STOCK
MNKD,NASDAQ
MNKD,STOCK
RJET,NASDAQ
RJET,STOCK
TPST,NASDAQ
TPST,STOCK
IPDN,NASDAQ
IPDN,STOCK
NWPX,NASDAQ
NWPX,STOCK
TBCH,NASDAQ
TBCH,STOCK
OCCIO,NASDAQ
OCCIO,STOCK
OXSQ,NASDAQ
OXSQ,STOCK
SFHG,NASDAQ
SFHG,STOCK
STAK,NASDAQ
STAK,STOCK
SEDG,NASDAQ
SEDG,STOCK
SVRA,NASDAQ
SVRA,STOCK
PACHU,NASDAQ
PACHU,STOCK
RFIL,NASDAQ
RFIL,STOCK
INO,NASDAQ
INO,STOCK
TEXX,NASDAQ
TEXX,STOCK
ONDG,NASDAQ
ONDG,STOCK
MCHX,NASDAQ
MCHX,STOCK
SCWO,NASDAQ
SCWO,STOCK
PLPC,NASDAQ
PLPC,STOCK
INSM,NASDAQ
INSM,STOCK
RILYL,NASDAQ
RILYL,STOCK
MBUU,NASDAQ
MBUU,STOCK
LKQ,NASDAQ
LKQ,STOCK
PETS,NASDAQ
PETS,STOCK
UAL,NASDAQ
UAL,STOCK
TRON,NASDAQ
TRON,STOCK
IOBT,NASDAQ
IOBT,STOCK
SYBT,NASDAQ
SYBT,STOCK
TERG,NASDAQ
TERG,STOCK
LPBBW,NASDAQ
LPBBW,STOCK
KSPI,NASDAQ
KSPI,STOCK
MOB,NASDAQ
MOB,STOCK
TXN,NASDAQ
TXN,STOCK
NCNA,NASDAQ
NCNA,STOCK
LNKS,NASDAQ
LNKS,STOCK
RPRX,NASDAQ
RPRX,STOCK
SOLS,NASDAQ
SOLS,STOCK
NTRS,NASDAQ
NTRS,STOCK
LOPE,NASDAQ
LOPE,STOCK
LFVN,NASDAQ
LFVN,STOCK
KDKRW,NASDAQ
KDKRW,STOCK
RAYA,NASDAQ
RAYA,STOCK
SPEGR,NASDAQ
SPEGR,STOCK
MKTX,NASDAQ
MKTX,STOCK
PAA,NASDAQ
PAA,STOCK
KINS,NASDAQ
KINS,STOCK
SNCR,NASDAQ
SNCR,STOCK
TACHU,NASDAQ
TACHU,STOCK
KALU,NASDAQ
KALU,STOCK
LZMH,NASDAQ
LZMH,STOCK
KLTR,NASDAQ
KLTR,STOCK
PGACR,NASDAQ
PGACR,STOCK
PCTY,NASDAQ
PCTY,STOCK
KLTO,NASDAQ
KLTO,STOCK
LEDS,NASDAQ
LEDS,STOCK
PCTTU,NASDAQ
PCTTU,STOCK
NWFL,NASDAQ
NWFL,STOCK
MGNX,NASDAQ
MGNX,STOCK
KNDI,NASDAQ
KNDI,STOCK
NOMA,NASDAQ
NOMA,STOCK
MDLZ,NASDAQ
MDLZ,STOCK
IRWD,NASDAQ
IRWD,STOCK
SOTK,NASDAQ
SOTK,STOCK
SRCE,NASDAQ
SRCE,STOCK
SUPX,NASDAQ
SUPX,STOCK
PSMT,NASDAQ
PSMT,STOCK
OACC,NASDAQ
OACC,STOCK
INV,NASDAQ
INV,STOCK
RNGTU,NASDAQ
RNGTU,STOCK
PZZA,NASDAQ
PZZA,STOCK
PMTRW,NASDAQ
PMTRW,STOCK
PTIX,NASDAQ
PTIX,STOCK
MFICL,NASDAQ
MFICL,STOCK
THRM,NASDAQ
THRM,STOCK
NOEMR,NASDAQ
NOEMR,STOCK
LFMD,NASDAQ
LFMD,STOCK
SMTI,NASDAQ
SMTI,STOCK
OSCG,NASDAQ
OSCG,STOCK
LLYVA,NASDAQ
LLYVA,STOCK
SBFMW,NASDAQ
SBFMW,STOCK
INTJ,NASDAQ
INTJ,STOCK
JSPR,NASDAQ
JSPR,STOCK
LFS,NASDAQ
LFS,STOCK
MAPS,NASDAQ
MAPS,STOCK
MLCO,NASDAQ
MLCO,STOCK
JZ,NASDAQ
JZ,STOCK
SVACW,NASDAQ
SVACW,STOCK
TGTX,NASDAQ
TGTX,STOCK
SMXWW,NASDAQ
SMXWW,STOCK
SAIH,NASDAQ
SAIH,STOCK
ONCHU,NASDAQ
ONCHU,STOCK
TUSK,NASDAQ
TUSK,STOCK
SRPT,NASDAQ
SRPT,STOCK
SSII,NASDAQ
SSII,STOCK
TCRX,NASDAQ
TCRX,STOCK
IRHOU,NASDAQ
IRHOU,STOCK
SOHON,NASDAQ
SOHON,STOCK
MNRO,NASDAQ
MNRO,STOCK
SPIT,NASDAQ
SPIT,STOCK
TRIB,NASDAQ
TRIB,STOCK
MTC,NASDAQ
MTC,STOCK
ROIV,NASDAQ
ROIV,STOCK
TRNS,NASDAQ
TRNS,STOCK
PTRN,NASDAQ
PTRN,STOCK
KMB,NASDAQ
KMB,STOCK
NCEL,NASDAQ
NCEL,STOCK
TWNP,NASDAQ
TWNP,STOCK
SMMT,NASDAQ
SMMT,STOCK
OYSEU,NASDAQ
OYSEU,STOCK
SCLS,NASDAQ
SCLS,STOCK
NCT,NASDAQ
NCT,STOCK
IXHL,NASDAQ
IXHL,STOCK
MXL,NASDAQ
MXL,STOCK
LWAY,NASDAQ
LWAY,STOCK
TVAIR,NASDAQ
TVAIR,STOCK
JCSE,NASDAQ
JCSE,STOCK
MELI,NASDAQ
MELI,STOCK
PRTC,NASDAQ
PRTC,STOCK
SBLX,NASDAQ
SBLX,STOCK
TBRG,NASDAQ
TBRG,STOCK
RBBN,NASDAQ
RBBN,STOCK
RCKTW,NASDAQ
RCKTW,STOCK
SHC,NASDAQ
SHC,STOCK
SIMA,NASDAQ
SIMA,STOCK
KIQQ,NASDAQ
KIQQ,STOCK
MAXN,NASDAQ
MAXN,STOCK
QRVO,NASDAQ
QRVO,STOCK
MPWR,NASDAQ
MPWR,STOCK
MEGL,NASDAQ
MEGL,STOCK
MVBF,NASDAQ
MVBF,STOCK
NVAX,NASDAQ
NVAX,STOCK
NVNIW,NASDAQ
NVNIW,STOCK
SBCWW,NASDAQ
SBCWW,STOCK
TMDX,NASDAQ
TMDX,STOCK
MGIH,NASDAQ
MGIH,STOCK
TREE,NASDAQ
TREE,STOCK
SOLSV,NASDAQ
SOLSV,STOCK
SXTC,NASDAQ
SXTC,STOCK
METCB,NASDAQ
METCB,STOCK
LLYVK,NASDAQ
LLYVK,STOCK
NA,NASDAQ
NA,STOCK
RNW,NASDAQ
RNW,STOCK
LFCR,NASDAQ
LFCR,STOCK
NTGR,NASDAQ
NTGR,STOCK
MKDW,NASDAQ
MKDW,STOCK
SNEX,NASDAQ
SNEX,STOCK
KALA,NASDAQ
KALA,STOCK
RFAIU,NASDAQ
RFAIU,STOCK
SOGP,NASDAQ
SOGP,STOCK
REBN,NASDAQ
REBN,STOCK
KPRX,NASDAQ
KPRX,STOCK
RWAY,NASDAQ
RWAY,STOCK
TMUSL,NASDAQ
TMUSL,STOCK
PPBT,NASDAQ
PPBT,STOCK
PSNYW,NASDAQ
PSNYW,STOCK
SMXT,NASDAQ
SMXT,STOCK
SKBL,NASDAQ
SKBL,STOCK
TLNC,NASDAQ
TLNC,STOCK
NSTS,NASDAQ
NSTS,STOCK
SHFS,NASDAQ
SHFS,STOCK
JKHY,NASDAQ
JKHY,STOCK
PCYO,NASDAQ
PCYO,STOCK
UPB,NASDAQ
UPB,STOCK
YDDL,NASDAQ
YDDL,STOCK
ZNB,NASDAQ
ZNB,STOCK
VTSI,NASDAQ
VTSI,STOCK
VITL,NASDAQ
VITL,STOCK
WLDS,NASDAQ
WLDS,STOCK
VISN,NASDAQ
VISN,STOCK
WFRD,NASDAQ
WFRD,STOCK
UFCS,NASDAQ
UFCS,STOCK
UEIC,NASDAQ
UEIC,STOCK
XOMAO,NASDAQ
XOMAO,STOCK
VSEC,NASDAQ
VSEC,STOCK
WSTNU,NASDAQ
WSTNU,STOCK
ZBAI,NASDAQ
ZBAI,STOCK
VRDN,NASDAQ
VRDN,STOCK
YMT,NASDAQ
YMT,STOCK
ZTEK,NASDAQ
ZTEK,STOCK
WTFC,NASDAQ
WTFC,STOCK
ZNTL,NASDAQ
ZNTL,STOCK
XWIN,NASDAQ
XWIN,STOCK
ZENV,NASDAQ
ZENV,STOCK
WHLR,NASDAQ
WHLR,STOCK
UONEK,NASDAQ
UONEK,STOCK
WSFS,NASDAQ
WSFS,STOCK
WAFD,NASDAQ
WAFD,STOCK
YI,NASDAQ
YI,STOCK
WYFI,NASDAQ
WYFI,STOCK
XMTR,NASDAQ
XMTR,STOCK
WATT,NASDAQ
WATT,STOCK
WTO,NASDAQ
WTO,STOCK
UPBD,NASDAQ
UPBD,STOCK
WULF,NASDAQ
WULF,STOCK
UBFO,NASDAQ
UBFO,STOCK
VNOM,NASDAQ
VNOM,STOCK
WMT,NASDAQ
WMT,STOCK
VALU,NASDAQ
VALU,STOCK
WHWK,NASDAQ
WHWK,STOCK
ZM,NASDAQ
ZM,STOCK
YORKU,NASDAQ
YORKU,STOCK
WOOF,NASDAQ
WOOF,STOCK
ZBRA,NASDAQ
ZBRA,STOCK
WLDSW,NASDAQ
WLDSW,STOCK
VCICW,NASDAQ
VCICW,STOCK
VRA,NASDAQ
VRA,STOCK
UHGWW,NASDAQ
UHGWW,STOCK
XRPNU,NASDAQ
XRPNU,STOCK
UNB,NASDAQ
UNB,STOCK
UNIT,NASDAQ
UNIT,STOCK
VRAR,NASDAQ
VRAR,STOCK
VCIG,NASDAQ
VCIG,STOCK
VSTM,NASDAQ
VSTM,STOCK
XTIA,NASDAQ
XTIA,STOCK
VUZI,NASDAQ
VUZI,STOCK
WSTNR,NASDAQ
WSTNR,STOCK
XERS,NASDAQ
XERS,STOCK
WXM,NASDAQ
WXM,STOCK
VELO,NASDAQ
VELO,STOCK
VECO,NASDAQ
VECO,STOCK
ZUMZ,NASDAQ
ZUMZ,STOCK
WTFCN,NASDAQ
WTFCN,STOCK
VNME,NASDAQ
VNME,STOCK
WINA,NASDAQ
WINA,STOCK
WKHS,NASDAQ
WKHS,STOCK
USEA,NASDAQ
USEA,STOCK
ZION,NASDAQ
ZION,STOCK
WVVI,NASDAQ
WVVI,STOCK
XBIO,NASDAQ
XBIO,STOCK
UBXG,NASDAQ
UBXG,STOCK
YHGJ,NASDAQ
YHGJ,STOCK
VEEA,NASDAQ
VEEA,STOCK
XBP,NASDAQ
XBP,STOCK
VINP,NASDAQ
VINP,STOCK
WAVE,NASDAQ
WAVE,STOCK
WGS,NASDAQ
WGS,STOCK
UTHR,NASDAQ
UTHR,STOCK
ZVRA,NASDAQ
ZVRA,STOCK
UPWK,NASDAQ
UPWK,STOCK
WFF,NASDAQ
WFF,STOCK
XOS,NASDAQ
XOS,STOCK
WAI,NASDAQ
WAI,STOCK
XCBEU,NASDAQ
XCBEU,STOCK
VS,NASDAQ
VS,STOCK
WKEY,NASDAQ
WKEY,STOCK
VANI,NASDAQ
VANI,STOCK
WENN,NASDAQ
WENN,STOCK
UUUG,NASDAQ
UUUG,STOCK
YAAS,NASDAQ
YAAS,STOCK
UTMD,NASDAQ
UTMD,STOCK
ZBIO,NASDAQ
ZBIO,STOCK
VTVT,NASDAQ
VTVT,STOCK
YBMN,NASDAQ
YBMN,STOCK
WMG,NASDAQ
WMG,STOCK
UCAR,NASDAQ
UCAR,STOCK
VMD,NASDAQ
VMD,STOCK
WBD,NASDAQ
WBD,STOCK
WKSP,NASDAQ
WKSP,STOCK
WAY,NASDAQ
WAY,STOCK
WILC,NASDAQ
WILC,STOCK
WSBF,NASDAQ
WSBF,STOCK
VGASW,NASDAQ
VGASW,STOCK
UROY,NASDAQ
UROY,STOCK
WFCF,NASDAQ
WFCF,STOCK
XHG,NASDAQ
XHG,STOCK
VNMEU,NASDAQ
VNMEU,STOCK
UCTT,NASDAQ
UCTT,STOCK
USLM,NASDAQ
USLM,STOCK
VCEL,NASDAQ
VCEL,STOCK
VRSN,NASDAQ
VRSN,STOCK
USEG,NASDAQ
USEG,STOCK
VNET,NASDAQ
VNET,STOCK
XP,NASDAQ
XP,STOCK
XTKG,NASDAQ
XTKG,STOCK
WLACW,NASDAQ
WLACW,STOCK
UXIN,NASDAQ
UXIN,STOCK
YOUL,NASDAQ
YOUL,STOCK
WSBCO,NASDAQ
WSBCO,STOCK
VRAX,NASDAQ
VRAX,STOCK
ZMUN,NASDAQ
ZMUN,STOCK
ZYME,NASDAQ
ZYME,STOCK
WORX,NASDAQ
WORX,STOCK
VFS,NASDAQ
VFS,STOCK
XLO,NASDAQ
XLO,STOCK
WASH,NASDAQ
WASH,STOCK
VVOS,NASDAQ
VVOS,STOCK
VRRM,NASDAQ
VRRM,STOCK
VLYPP,NASDAQ
VLYPP,STOCK
WSTN,NASDAQ
WSTN,STOCK
VRCA,NASDAQ
VRCA,STOCK
VCIC,NASDAQ
VCIC,STOCK
XCH,NASDAQ
XCH,STOCK
WBTN,NASDAQ
WBTN,STOCK
UFG,NASDAQ
UFG,STOCK
VNCE,NASDAQ
VNCE,STOCK
VCYT,NASDAQ
VCYT,STOCK
ZBAO,NASDAQ
ZBAO,STOCK
VTRS,NASDAQ
VTRS,STOCK
ULVM,NASDAQ
ULVM,STOCK
WHLRP,NASDAQ
WHLRP,STOCK
VCTR,NASDAQ
VCTR,STOCK
WDC,NASDAQ
WDC,STOCK
WTGUU,NASDAQ
WTGUU,STOCK
WRAP,NASDAQ
WRAP,STOCK
WB,NASDAQ
WB,STOCK
UMBF,NASDAQ
UMBF,STOCK
YDKG,NASDAQ
YDKG,STOCK
XPON,NASDAQ
XPON,STOCK
VSEEW,NASDAQ
VSEEW,STOCK
ZYBT,NASDAQ
ZYBT,STOCK
WSBC,NASDAQ
WSBC,STOCK
ZJK,NASDAQ
ZJK,STOCK
ZIONP,NASDAQ
ZIONP,STOCK
VLY,NASDAQ
VLY,STOCK
UYSCR,NASDAQ
UYSCR,STOCK
VEON,NASDAQ
VEON,STOCK
USCB,NASDAQ
USCB,STOCK
VSME,NASDAQ
VSME,STOCK
YHNAR,NASDAQ
YHNAR,STOCK
YSXT,NASDAQ
YSXT,STOCK
WSC,NASDAQ
WSC,STOCK
WHLRL,NASDAQ
WHLRL,STOCK
VRSK,NASDAQ
VRSK,STOCK
XRPC,NASDAQ
XRPC,STOCK
ULY,NASDAQ
ULY,STOCK
VIOT,NASDAQ
VIOT,STOCK
VIAV,NASDAQ
VIAV,STOCK
VWAVW,NASDAQ
VWAVW,STOCK
XHLD,NASDAQ
XHLD,STOCK
XBIT,NASDAQ
XBIT,STOCK
VACHU,NASDAQ
VACHU,STOCK
WETH,NASDAQ
WETH,STOCK
ZG,NASDAQ
ZG,STOCK
WAFDP,NASDAQ
WAFDP,STOCK
WHFCL,NASDAQ
WHFCL,STOCK
VSNT,NASDAQ
VSNT,STOCK
XFOR,NASDAQ
XFOR,STOCK
XELLL,NASDAQ
XELLL,STOCK
VRTX,NASDAQ
VRTX,STOCK
UPST,NASDAQ
UPST,STOCK
XTLB,NASDAQ
XTLB,STOCK
YBTY,NASDAQ
YBTY,STOCK
WGRX,NASDAQ
WGRX,STOCK
WCT,NASDAQ
WCT,STOCK
XGN,NASDAQ
XGN,STOCK
VRNS,NASDAQ
VRNS,STOCK
VC,NASDAQ
VC,STOCK
XOSWW,NASDAQ
XOSWW,STOCK
WEST,NASDAQ
WEST,STOCK
WIX,NASDAQ
WIX,STOCK
ZJYL,NASDAQ
ZJYL,STOCK
WERN,NASDAQ
WERN,STOCK
YXT,NASDAQ
YXT,STOCK
WSHP,NASDAQ
WSHP,STOCK
WDAY,NASDAQ
WDAY,STOCK
WTG,NASDAQ
WTG,STOCK
YYGH,NASDAQ
YYGH,STOCK
XRTX,NASDAQ
XRTX,STOCK
URBN,NASDAQ
URBN,STOCK
VBIX,NASDAQ
VBIX,STOCK
YBST,NASDAQ
YBST,STOCK
VSEE,NASDAQ
VSEE,STOCK
ZGM,NASDAQ
ZGM,STOCK
Z,NASDAQ
Z,STOCK
VFSWW,NASDAQ
VFSWW,STOCK
VERI,NASDAQ
VERI,STOCK
ULTI,NASDAQ
ULTI,STOCK
XCUR,NASDAQ
XCUR,STOCK
UFPT,NASDAQ
UFPT,STOCK
VIVS,NASDAQ
VIVS,STOCK
UVSP,NASDAQ
UVSP,STOCK
UTSI,NASDAQ
UTSI,STOCK
USOI,NASDAQ
USOI,STOCK
WDFC,NASDAQ
WDFC,STOCK
VHCPU,NASDAQ
VHCPU,STOCK
WABC,NASDAQ
WABC,STOCK
VIASP,NASDAQ
VIASP,STOCK
VSNTV,NASDAQ
VSNTV,STOCK
VCICU,NASDAQ
VCICU,STOCK
ZDAI,NASDAQ
ZDAI,STOCK
WW,NASDAQ
WW,STOCK
YQ,NASDAQ
YQ,STOCK
ZEOWW,NASDAQ
ZEOWW,STOCK
ZURA,NASDAQ
ZURA,STOCK
UBSI,NASDAQ
UBSI,STOCK
VOD,NASDAQ
VOD,STOCK
UPC,NASDAQ
UPC,STOCK
WLAC,NASDAQ
WLAC,STOCK
YYAI,NASDAQ
YYAI,STOCK
VALN,NASDAQ
VALN,STOCK
WTW,NASDAQ
WTW,STOCK
WENNU,NASDAQ
WENNU,STOCK
VSOL,NASDAQ
VSOL,STOCK
VNMEW,NASDAQ
VNMEW,STOCK
WSGE,NASDAQ
WSGE,STOCK
VERA,NASDAQ
VERA,STOCK
XELB,NASDAQ
XELB,STOCK
ZD,NASDAQ
ZD,STOCK
UMBFO,NASDAQ
UMBFO,STOCK
YMAT,NASDAQ
YMAT,STOCK
XAIR,NASDAQ
XAIR,STOCK
UK,NASDAQ
UK,STOCK
XPM,NASDAQ
XPM,STOCK
USARW,NASDAQ
USARW,STOCK
XRX,NASDAQ
XRX,STOCK
WALD,NASDAQ
WALD,STOCK
YORW,NASDAQ
YORW,STOCK
UNCY,NASDAQ
UNCY,STOCK
ZCMD,NASDAQ
ZCMD,STOCK
VIVK,NASDAQ
VIVK,STOCK
VERO,NASDAQ
VERO,STOCK
WYNN,NASDAQ
WYNN,STOCK
ZENA,NASDAQ
ZENA,STOCK
UPLD,NASDAQ
UPLD,STOCK
ZEUS,NASDAQ
ZEUS,STOCK
URGN,NASDAQ
URGN,STOCK
ULCC,NASDAQ
ULCC,STOCK
XRPN,NASDAQ
XRPN,STOCK
VLGEA,NASDAQ
VLGEA,STOCK
YGMZF,NASDAQ
YGMZF,STOCK
WEYS,NASDAQ
WEYS,STOCK
VEEAW,NASDAQ
VEEAW,STOCK
UGRO,NASDAQ
UGRO,STOCK
WRLD,NASDAQ
WRLD,STOCK
WDGF,NASDAQ
WDGF,STOCK
VWAV,NASDAQ
VWAV,STOCK
ZLAB,NASDAQ
ZLAB,STOCK
VACHW,NASDAQ
VACHW,STOCK
WNW,NASDAQ
WNW,STOCK
VLYPN,NASDAQ
VLYPN,STOCK
UYSC,NASDAQ
UYSC,STOCK
ZOOZW,NASDAQ
ZOOZW,STOCK
VLYPO,NASDAQ
VLYPO,STOCK
VVPR,NASDAQ
VVPR,STOCK
VERU,NASDAQ
VERU,STOCK
VSTD,NASDAQ
VSTD,STOCK
WIMI,NASDAQ
WIMI,STOCK
WETO,NASDAQ
WETO,STOCK
YHNA,NASDAQ
YHNA,STOCK
YORK,NASDAQ
YORK,STOCK
WHLRD,NASDAQ
WHLRD,STOCK
WLFC,NASDAQ
WLFC,STOCK
YDESW,NASDAQ
YDESW,STOCK
YHC,NASDAQ
YHC,STOCK
WLACU,NASDAQ
WLACU,STOCK
VREX,NASDAQ
VREX,STOCK
YDES,NASDAQ
YDES,STOCK
XPEL,NASDAQ
XPEL,STOCK
ZOOZ,NASDAQ
ZOOZ,STOCK
VYGR,NASDAQ
VYGR,STOCK
UPSG,NASDAQ
UPSG,STOCK
VSTA,NASDAQ
VSTA,STOCK
ZS,NASDAQ
ZS,STOCK
VOR,NASDAQ
VOR,STOCK
USAR,NASDAQ
USAR,STOCK
WAFU,NASDAQ
WAFU,STOCK
XOMAP,NASDAQ
XOMAP,STOCK
VRM,NASDAQ
VRM,STOCK
VTYX,NASDAQ
VTYX,STOCK
VSAT,NASDAQ
VSAT,STOCK
XEL,NASDAQ
XEL,STOCK
XOMA,NASDAQ
XOMA,STOCK
ZSPC,NASDAQ
ZSPC,STOCK
VIR,NASDAQ
VIR,STOCK
WOK,NASDAQ
WOK,STOCK
ZVZZT,NASDAQ
ZVZZT,STOCK
ZKPU,NASDAQ
ZKPU,STOCK
UYSCU,NASDAQ
UYSCU,STOCK
WSBK,NASDAQ
WSBK,STOCK
YTRA,NASDAQ
YTRA,STOCK
USIO,NASDAQ
USIO,STOCK
UG,NASDAQ
UG,STOCK
WLTH,NASDAQ
WLTH,STOCK
VEEE,NASDAQ
VEEE,STOCK
ULBI,NASDAQ
ULBI,STOCK
USAU,NASDAQ
USAU,STOCK
UNTY,NASDAQ
UNTY,STOCK
UDMY,NASDAQ
UDMY,STOCK
VYNE,NASDAQ
VYNE,STOCK
VERX,NASDAQ
VERX,STOCK
ZKIN,NASDAQ
ZKIN,STOCK
ZYXIQ,NASDAQ
ZYXIQ,STOCK
VRME,NASDAQ
VRME,STOCK
WLDN,NASDAQ
WLDN,STOCK
VOXR,NASDAQ
VOXR,STOCK
WWD,NASDAQ
WWD,STOCK
WING,NASDAQ
WING,STOCK
WYHG,NASDAQ
WYHG,STOCK
XRPNW,NASDAQ
XRPNW,STOCK
UHG,NASDAQ
UHG,STOCK
XPEG,NASDAQ
XPEG,STOCK
USGO,NASDAQ
USGO,STOCK
VABK,NASDAQ
VABK,STOCK
VHC,NASDAQ
VHC,STOCK
WTF,NASDAQ
WTF,STOCK
YJ,NASDAQ
YJ,STOCK
XENE,NASDAQ
XENE,STOCK
WENNW,NASDAQ
WENNW,STOCK
WRD,NASDAQ
WRD,STOCK
WNEB,NASDAQ
WNEB,STOCK
WBUY,NASDAQ
WBUY,STOCK
WTBA,NASDAQ
WTBA,STOCK
YHNAU,NASDAQ
YHNAU,STOCK
VFF,NASDAQ
VFF,STOCK
UONE,NASDAQ
UONE,STOCK
VMAR,NASDAQ
VMAR,STOCK
YIBO,NASDAQ
YIBO,STOCK
WDAF,NASDAQ
WDAF,STOCK
VIRC,NASDAQ
VIRC,STOCK
WHF,NASDAQ
WHF,STOCK
ZHOG,NASDAQ
ZHOG,STOCK
VBNK,NASDAQ
VBNK,STOCK
XNET,NASDAQ
XNET,STOCK
XWEL,NASDAQ
XWEL,STOCK
UOKA,NASDAQ
UOKA,STOCK
UIVM,NASDAQ
UIVM,STOCK
WVE,NASDAQ
WVE,STOCK
VALG,NASDAQ
VALG,STOCK
WTGUR,NASDAQ
WTGUR,STOCK
ULH,NASDAQ
ULH,STOCK
WGSWW,NASDAQ
WGSWW,STOCK
XBPEW,NASDAQ
XBPEW,STOCK
VKTX,NASDAQ
VKTX,STOCK
VSA,NASDAQ
VSA,STOCK
ULTA,NASDAQ
ULTA,STOCK
UCB,NASDAQ
UCB,STOCK
USGG,NASDAQ
USGG,STOCK
UCL,NASDAQ
UCL,STOCK
ZEO,NASDAQ
ZEO,STOCK
WPRT,NASDAQ
WPRT,STOCK
VNDA,NASDAQ
VNDA,STOCK
USGOW,NASDAQ
USGOW,STOCK
WEN,NASDAQ
WEN,STOCK
VGAS,NASDAQ
VGAS,STOCK
XXII,NASDAQ
XXII,STOCK
YB,NASDAQ
YB,STOCK
UPXI,NASDAQ
UPXI,STOCK
XNCR,NASDAQ
XNCR,STOCK
VACH,NASDAQ
VACH,STOCK
XRAY,NASDAQ
XRAY,STOCK
WVVIP,NASDAQ
WVVIP,STOCK
UFPI,NASDAQ
UFPI,STOCK
VICR,NASDAQ
VICR,STOCK
VTGN,NASDAQ
VTGN,STOCK
ANGH,NASDAQ
ANGH,STOCK
CHSCO,NASDAQ
CHSCO,STOCK
GSRF,NASDAQ
GSRF,STOCK
ADP,NASDAQ
ADP,STOCK
FBYY,NASDAQ
FBYY,STOCK
FGNX,NASDAQ
FGNX,STOCK
DRVN,NASDAQ
DRVN,STOCK
GECCG,NASDAQ
GECCG,STOCK
CNXC,NASDAQ
CNXC,STOCK
CAPN,NASDAQ
CAPN,STOCK
DRIO,NASDAQ
DRIO,STOCK
CCEC,NASDAQ
CCEC,STOCK
BDMD,NASDAQ
BDMD,STOCK
CHPGR,NASDAQ
CHPGR,STOCK
FUND,NASDAQ
FUND,STOCK
CGNT,NASDAQ
CGNT,STOCK
DGII,NASDAQ
DGII,STOCK
COCO,NASDAQ
COCO,STOCK
BBCP,NASDAQ
BBCP,STOCK
CGNX,NASDAQ
CGNX,STOCK
FFBC,NASDAQ
FFBC,STOCK
ARBB,NASDAQ
ARBB,STOCK
CLYM,NASDAQ
CLYM,STOCK
FLEX,NASDAQ
FLEX,STOCK
BCAB,NASDAQ
BCAB,STOCK
HTLD,NASDAQ
HTLD,STOCK
IBEX,NASDAQ
IBEX,STOCK
FDRS,NASDAQ
FDRS,STOCK
ANEB,NASDAQ
ANEB,STOCK
CRSP,NASDAQ
CRSP,STOCK
BNRG,NASDAQ
BNRG,STOCK
FUTU,NASDAQ
FUTU,STOCK
CENTA,NASDAQ
CENTA,STOCK
ADACU,NASDAQ
ADACU,STOCK
CLNE,NASDAQ
CLNE,STOCK
GLUE,NASDAQ
GLUE,STOCK
CIGL,NASDAQ
CIGL,STOCK
IMMX,NASDAQ
IMMX,STOCK
EVOX,NASDAQ
EVOX,STOCK
AENTW,NASDAQ
AENTW,STOCK
BPYPO,NASDAQ
BPYPO,STOCK
AMZN,NASDAQ
AMZN,STOCK
DLXY,NASDAQ
DLXY,STOCK
FGI,NASDAQ
FGI,STOCK
BFST,NASDAQ
BFST,STOCK
FNWB,NASDAQ
FNWB,STOCK
GOOG,NASDAQ
GOOG,STOCK
CHACR,NASDAQ
CHACR,STOCK
GIGGU,NASDAQ
GIGGU,STOCK
HERE,NASDAQ
HERE,STOCK
FIGXW,NASDAQ
FIGXW,STOCK
COEP,NASDAQ
COEP,STOCK
CMCSV,NASDAQ
CMCSV,STOCK
CMMB,NASDAQ
CMMB,STOCK
CLDX,NASDAQ
CLDX,STOCK
DFSCW,NASDAQ
DFSCW,STOCK
CART,NASDAQ
CART,STOCK
BACQR,NASDAQ
BACQR,STOCK
IINN,NASDAQ
IINN,STOCK
BCFN,NASDAQ
BCFN,STOCK
HSPRF,NASDAQ
HSPRF,STOCK
AROW,NASDAQ
AROW,STOCK
HSTM,NASDAQ
HSTM,STOCK
BTMD,NASDAQ
BTMD,STOCK
CDROW,NASDAQ
CDROW,STOCK
FNKO,NASDAQ
FNKO,STOCK
ATEC,NASDAQ
ATEC,STOCK
CDNA,NASDAQ
CDNA,STOCK
CORZ,NASDAQ
CORZ,STOCK
ESCA,NASDAQ
ESCA,STOCK
ATIIU,NASDAQ
ATIIU,STOCK
EVLVW,NASDAQ
EVLVW,STOCK
ACNT,NASDAQ
ACNT,STOCK
IMSRW,NASDAQ
IMSRW,STOCK
HYFT,NASDAQ
HYFT,STOCK
CNTA,NASDAQ
CNTA,STOCK
ARTL,NASDAQ
ARTL,STOCK
EM,NASDAQ
EM,STOCK
CBIO,NASDAQ
CBIO,STOCK
BNCWW,NASDAQ
BNCWW,STOCK
BVS,NASDAQ
BVS,STOCK
EMIS,NASDAQ
EMIS,STOCK
BSRR,NASDAQ
BSRR,STOCK
APYX,NASDAQ
APYX,STOCK
AISPW,NASDAQ
AISPW,STOCK
CHRW,NASDAQ
CHRW,STOCK
FATE,NASDAQ
FATE,STOCK
CLNN,NASDAQ
CLNN,STOCK
CLRB,NASDAQ
CLRB,STOCK
BMRC,NASDAQ
BMRC,STOCK
CPIX,NASDAQ
CPIX,STOCK
ATHR,NASDAQ
ATHR,STOCK
GOCO,NASDAQ
GOCO,STOCK
EMAT,NASDAQ
EMAT,STOCK
FERA,NASDAQ
FERA,STOCK
DKI,NASDAQ
DKI,STOCK
BEATW,NASDAQ
BEATW,STOCK
GRRR,NASDAQ
GRRR,STOCK
ANL,NASDAQ
ANL,STOCK
BNGO,NASDAQ
BNGO,STOCK
IMMP,NASDAQ
IMMP,STOCK
ALNT,NASDAQ
ALNT,STOCK
CFLT,NASDAQ
CFLT,STOCK
GRAB,NASDAQ
GRAB,STOCK
CHEF,NASDAQ
CHEF,STOCK
CSTE,NASDAQ
CSTE,STOCK
GVLE,NASDAQ
GVLE,STOCK
FISI,NASDAQ
FISI,STOCK
FLGT,NASDAQ
FLGT,STOCK
CCCXW,NASDAQ
CCCXW,STOCK
GIII,NASDAQ
GIII,STOCK
FRAF,NASDAQ
FRAF,STOCK
ESQ,NASDAQ
ESQ,STOCK
HTHT,NASDAQ
HTHT,STOCK
CHARR,NASDAQ
CHARR,STOCK
AKTS,NASDAQ
AKTS,STOCK
EVGN,NASDAQ
EVGN,STOCK
GDRX,NASDAQ
GDRX,STOCK
BAYAR,NASDAQ
BAYAR,STOCK
DMAAR,NASDAQ
DMAAR,STOCK
GRWG,NASDAQ
GRWG,STOCK
ECDAW,NASDAQ
ECDAW,STOCK
CCNE,NASDAQ
CCNE,STOCK
ALDFW,NASDAQ
ALDFW,STOCK
CCCXU,NASDAQ
CCCXU,STOCK
IESC,NASDAQ
IESC,STOCK
AVTX,NASDAQ
AVTX,STOCK
CHYM,NASDAQ
CHYM,STOCK
DFTX,NASDAQ
DFTX,STOCK
AFYA,NASDAQ
AFYA,STOCK
CLPS,NASDAQ
CLPS,STOCK
FGBI,NASDAQ
FGBI,STOCK
HVII,NASDAQ
HVII,STOCK
BUSE,NASDAQ
BUSE,STOCK
AMYY,NASDAQ
AMYY,STOCK
FTEK,NASDAQ
FTEK,STOCK
GSRFU,NASDAQ
GSRFU,STOCK
FDRX,NASDAQ
FDRX,STOCK
DHIL,NASDAQ
DHIL,STOCK
GTEC,NASDAQ
GTEC,STOCK
GRCE,NASDAQ
GRCE,STOCK
FCBC,NASDAQ
FCBC,STOCK
GOVX,NASDAQ
GOVX,STOCK
CNCG,NASDAQ
CNCG,STOCK
GMHS,NASDAQ
GMHS,STOCK
DAIC,NASDAQ
DAIC,STOCK
AMBA,NASDAQ
AMBA,STOCK
CVKD,NASDAQ
CVKD,STOCK
HBIO,NASDAQ
HBIO,STOCK
BNZI,NASDAQ
BNZI,STOCK
ARHS,NASDAQ
ARHS,STOCK
ILPT,NASDAQ
ILPT,STOCK
BNAI,NASDAQ
BNAI,STOCK
FBIO,NASDAQ
FBIO,STOCK
BOLT,NASDAQ
BOLT,STOCK
BHRB,NASDAQ
BHRB,STOCK
ASPCR,NASDAQ
ASPCR,STOCK
ETHMU,NASDAQ
ETHMU,STOCK
ANIK,NASDAQ
ANIK,STOCK
FWRG,NASDAQ
FWRG,STOCK
HERZ,NASDAQ
HERZ,STOCK
CHPG,NASDAQ
CHPG,STOCK
AMAL,NASDAQ
AMAL,STOCK
FUSEW,NASDAQ
FUSEW,STOCK
ENPH,NASDAQ
ENPH,STOCK
IMTE,NASDAQ
IMTE,STOCK
CRBP,NASDAQ
CRBP,STOCK
AIXI,NASDAQ
AIXI,STOCK
BLNE,NASDAQ
BLNE,STOCK
HSCS,NASDAQ
HSCS,STOCK
BBB,NASDAQ
BBB,STOCK
ALCYW,NASDAQ
ALCYW,STOCK
CBFV,NASDAQ
CBFV,STOCK
CELH,NASDAQ
CELH,STOCK
GOGO,NASDAQ
GOGO,STOCK
BFC,NASDAQ
BFC,STOCK
GAUZ,NASDAQ
GAUZ,STOCK
GECCI,NASDAQ
GECCI,STOCK
BHFAM,NASDAQ
BHFAM,STOCK
HAO,NASDAQ
HAO,STOCK
ANNA,NASDAQ
ANNA,STOCK
AHMA,NASDAQ
AHMA,STOCK
IDAI,NASDAQ
IDAI,STOCK
GEW,NASDAQ
GEW,STOCK
DVGR,NASDAQ
DVGR,STOCK
FULC,NASDAQ
FULC,STOCK
CLRO,NASDAQ
CLRO,STOCK
ECDA,NASDAQ
ECDA,STOCK
BCAR,NASDAQ
BCAR,STOCK
BGC,NASDAQ
BGC,STOCK
ALIS,NASDAQ
ALIS,STOCK
ATLC,NASDAQ
ATLC,STOCK
CADL,NASDAQ
CADL,STOCK
HFBL,NASDAQ
HFBL,STOCK
HRMY,NASDAQ
HRMY,STOCK
EGAN,NASDAQ
EGAN,STOCK
BEAGR,NASDAQ
BEAGR,STOCK
CHPGU,NASDAQ
CHPGU,STOCK
CYPH,NASDAQ
CYPH,STOCK
ALKS,NASDAQ
ALKS,STOCK
GTOP,NASDAQ
GTOP,STOCK
CFFN,NASDAQ
CFFN,STOCK
AFRM,NASDAQ
AFRM,STOCK
CHCO,NASDAQ
CHCO,STOCK
DKNG,NASDAQ
DKNG,STOCK
EDUC,NASDAQ
EDUC,STOCK
ATRC,NASDAQ
ATRC,STOCK
HVMCW,NASDAQ
HVMCW,STOCK
BCYC,NASDAQ
BCYC,STOCK
FORM,NASDAQ
FORM,STOCK
CSWC,NASDAQ
CSWC,STOCK
AGNCO,NASDAQ
AGNCO,STOCK
CORZZ,NASDAQ
CORZZ,STOCK
HELP,NASDAQ
HELP,STOCK
ATLO,NASDAQ
ATLO,STOCK
FGBIP,NASDAQ
FGBIP,STOCK
DEVS,NASDAQ
DEVS,STOCK
EBAY,NASDAQ
EBAY,STOCK
BTQ,NASDAQ
BTQ,STOCK
ESGLW,NASDAQ
ESGLW,STOCK
BKHAU,NASDAQ
BKHAU,STOCK
CD,NASDAQ
CD,STOCK
AMSF,NASDAQ
AMSF,STOCK
BELFB,NASDAQ
BELFB,STOCK
AGEN,NASDAQ
AGEN,STOCK
HTCO,NASDAQ
HTCO,STOCK
BLBX,NASDAQ
BLBX,STOCK
COCHW,NASDAQ
COCHW,STOCK
IMOS,NASDAQ
IMOS,STOCK
CRCT,NASDAQ
CRCT,STOCK
CCIIW,NASDAQ
CCIIW,STOCK
ALMS,NASDAQ
ALMS,STOCK
CCRN,NASDAQ
CCRN,STOCK
GBLI,NASDAQ
GBLI,STOCK
DH,NASDAQ
DH,STOCK
ASMB,NASDAQ
ASMB,STOCK
GFAI,NASDAQ
GFAI,STOCK
BAYAU,NASDAQ
BAYAU,STOCK
BLLN,NASDAQ
BLLN,STOCK
FIZZ,NASDAQ
FIZZ,STOCK
BBOT,NASDAQ
BBOT,STOCK
ASND,NASDAQ
ASND,STOCK
FIEE,NASDAQ
FIEE,STOCK
CMPS,NASDAQ
CMPS,STOCK
DRCT,NASDAQ
DRCT,STOCK
CCD,NASDAQ
CCD,STOCK
HIMX,NASDAQ
HIMX,STOCK
DRNZ,NASDAQ
DRNZ,STOCK
BEAG,NASDAQ
BEAG,STOCK
ASCI,NASDAQ
ASCI,STOCK
IMVT,NASDAQ
IMVT,STOCK
EMPD,NASDAQ
EMPD,STOCK
CYCUW,NASDAQ
CYCUW,STOCK
GBDC,NASDAQ
GBDC,STOCK
IMA,NASDAQ
IMA,STOCK
BEAGU,NASDAQ
BEAGU,STOCK
EGHAR,NASDAQ
EGHAR,STOCK
CRWD,NASDAQ
CRWD,STOCK
BNBX,NASDAQ
BNBX,STOCK
HMYY,NASDAQ
HMYY,STOCK
HLNE,NASDAQ
HLNE,STOCK
ACLX,NASDAQ
ACLX,STOCK
BACCU,NASDAQ
BACCU,STOCK
CUPR,NASDAQ
CUPR,STOCK
CAPTW,NASDAQ
CAPTW,STOCK
HUDI,NASDAQ
HUDI,STOCK
CEPF,NASDAQ
CEPF,STOCK
AACB,NASDAQ
AACB,STOCK
CPOP,NASDAQ
CPOP,STOCK
FUNC,NASDAQ
FUNC,STOCK
AFJKU,NASDAQ
AFJKU,STOCK
ESOA,NASDAQ
ESOA,STOCK
EDHL,NASDAQ
EDHL,STOCK
ASPI,NASDAQ
ASPI,STOCK
BEAT,NASDAQ
BEAT,STOCK
FLYW,NASDAQ
FLYW,STOCK
EJH,NASDAQ
EJH,STOCK
ANAB,NASDAQ
ANAB,STOCK
CBAT,NASDAQ
CBAT,STOCK
DXCM,NASDAQ
DXCM,STOCK
FORTY,NASDAQ
FORTY,STOCK
CYCN,NASDAQ
CYCN,STOCK
BCGWW,NASDAQ
BCGWW,STOCK
ABVE,NASDAQ
ABVE,STOCK
HAVAR,NASDAQ
HAVAR,STOCK
BGM,NASDAQ
BGM,STOCK
ACRS,NASDAQ
ACRS,STOCK
CCTG,NASDAQ
CCTG,STOCK
AUUD,NASDAQ
AUUD,STOCK
CCAP,NASDAQ
CCAP,STOCK
CMBO,NASDAQ
CMBO,STOCK
ICMB,NASDAQ
ICMB,STOCK
BRLS,NASDAQ
BRLS,STOCK
EURK,NASDAQ
EURK,STOCK
EZRO,NASDAQ
EZRO,STOCK
HBNB,NASDAQ
HBNB,STOCK
CRMD,NASDAQ
CRMD,STOCK
DEFT,NASDAQ
DEFT,STOCK
DOCU,NASDAQ
DOCU,STOCK
BIVI,NASDAQ
BIVI,STOCK
BIVIW,NASDAQ
BIVIW,STOCK
CINF,NASDAQ
CINF,STOCK
CGTX,NASDAQ
CGTX,STOCK
AGNCP,NASDAQ
AGNCP,STOCK
HNRG,NASDAQ
HNRG,STOCK
CCIXU,NASDAQ
CCIXU,STOCK
CNET,NASDAQ
CNET,STOCK
ADTX,NASDAQ
ADTX,STOCK
ELAB,NASDAQ
ELAB,STOCK
ETRL,NASDAQ
ETRL,STOCK
CUE,NASDAQ
CUE,STOCK
CHAC,NASDAQ
CHAC,STOCK
CRACU,NASDAQ
CRACU,STOCK
API,NASDAQ
API,STOCK
CGCTU,NASDAQ
CGCTU,STOCK
EDSA,NASDAQ
EDSA,STOCK
BNDP,NASDAQ
BNDP,STOCK
ENGS,NASDAQ
ENGS,STOCK
BRFH,NASDAQ
BRFH,STOCK
ADSEW,NASDAQ
ADSEW,STOCK
DOYU,NASDAQ
DOYU,STOCK
GCT,NASDAQ
GCT,STOCK
BAFN,NASDAQ
BAFN,STOCK
FVNNR,NASDAQ
FVNNR,STOCK
BIXIU,NASDAQ
BIXIU,STOCK
AAON,NASDAQ
AAON,STOCK
AIRO,NASDAQ
AIRO,STOCK
CMBM,NASDAQ
CMBM,STOCK
ALTO,NASDAQ
ALTO,STOCK
GAME,NASDAQ
GAME,STOCK
GDEV,NASDAQ
GDEV,STOCK
INCY,NASDAQ
INCY,STOCK
ASYS,NASDAQ
ASYS,STOCK
EDIT,NASDAQ
EDIT,STOCK
IMDX,NASDAQ
IMDX,STOCK
AMRN,NASDAQ
AMRN,STOCK
INLF,NASDAQ
INLF,STOCK
BSLK,NASDAQ
BSLK,STOCK
GOODN,NASDAQ
GOODN,STOCK
GRABW,NASDAQ
GRABW,STOCK
EVOXW,NASDAQ
EVOXW,STOCK
ARAI,NASDAQ
ARAI,STOCK
EQ,NASDAQ
EQ,STOCK
CRWS,NASDAQ
CRWS,STOCK
BKR,NASDAQ
BKR,STOCK
BILI,NASDAQ
BILI,STOCK
GPRO,NASDAQ
GPRO,STOCK
FA,NASDAQ
FA,STOCK
IMKTA,NASDAQ
IMKTA,STOCK
ACET,NASDAQ
ACET,STOCK
BCIC,NASDAQ
BCIC,STOCK
FOFO,NASDAQ
FOFO,STOCK
CRVS,NASDAQ
CRVS,STOCK
GT,NASDAQ
GT,STOCK
GCLWW,NASDAQ
GCLWW,STOCK
BIOX,NASDAQ
BIOX,STOCK
ATLCL,NASDAQ
ATLCL,STOCK
CAKE,NASDAQ
CAKE,STOCK
APAD,NASDAQ
APAD,STOCK
CENN,NASDAQ
CENN,STOCK
BENFW,NASDAQ
BENFW,STOCK
ATLCZ,NASDAQ
ATLCZ,STOCK
DOMO,NASDAQ
DOMO,STOCK
EPRX,NASDAQ
EPRX,STOCK
AEP,NASDAQ
AEP,STOCK
GTEN,NASDAQ
GTEN,STOCK
DAICW,NASDAQ
DAICW,STOCK
DAVEW,NASDAQ
DAVEW,STOCK
AKAM,NASDAQ
AKAM,STOCK
HMR,NASDAQ
HMR,STOCK
HNVR,NASDAQ
HNVR,STOCK
DLTH,NASDAQ
DLTH,STOCK
GABC,NASDAQ
GABC,STOCK
GCTK,NASDAQ
GCTK,STOCK
AUROW,NASDAQ
AUROW,STOCK
EGHA,NASDAQ
EGHA,STOCK
ANTA,NASDAQ
ANTA,STOCK
AIRE,NASDAQ
AIRE,STOCK
BIRD,NASDAQ
BIRD,STOCK
CVAC,NASDAQ
CVAC,STOCK
CWBC,NASDAQ
CWBC,STOCK
CHAR,NASDAQ
CHAR,STOCK
GHRS,NASDAQ
GHRS,STOCK
ATER,NASDAQ
ATER,STOCK
GBIO,NASDAQ
GBIO,STOCK
ESLAW,NASDAQ
ESLAW,STOCK
ENTA,NASDAQ
ENTA,STOCK
HRTX,NASDAQ
HRTX,STOCK
IMPP,NASDAQ
IMPP,STOCK
CG,NASDAQ
CG,STOCK
AMST,NASDAQ
AMST,STOCK
BVC,NASDAQ
BVC,STOCK
ELSE,NASDAQ
ELSE,STOCK
GLSI,NASDAQ
GLSI,STOCK
CVRX,NASDAQ
CVRX,STOCK
DOO,NASDAQ
DOO,STOCK
CV,NASDAQ
CV,STOCK
EFOI,NASDAQ
EFOI,STOCK
IMCC,NASDAQ
IMCC,STOCK
CASS,NASDAQ
CASS,STOCK
AMPL,NASDAQ
AMPL,STOCK
GTERU,NASDAQ
GTERU,STOCK
ADAMM,NASDAQ
ADAMM,STOCK
CTSH,NASDAQ
CTSH,STOCK
FCAP,NASDAQ
FCAP,STOCK
GSBC,NASDAQ
GSBC,STOCK
ASTH,NASDAQ
ASTH,STOCK
ANNAW,NASDAQ
ANNAW,STOCK
FIGG,NASDAQ
FIGG,STOCK
CTW,NASDAQ
CTW,STOCK
FTHM,NASDAQ
FTHM,STOCK
HOLO,NASDAQ
HOLO,STOCK
CDIOW,NASDAQ
CDIOW,STOCK
CTNM,NASDAQ
CTNM,STOCK
ARCT,NASDAQ
ARCT,STOCK
FCNCP,NASDAQ
FCNCP,STOCK
APM,NASDAQ
APM,STOCK
CDZI,NASDAQ
CDZI,STOCK
ACAD,NASDAQ
ACAD,STOCK
ETHM,NASDAQ
ETHM,STOCK
HDL,NASDAQ
HDL,STOCK
BMHL,NASDAQ
BMHL,STOCK
BBLG,NASDAQ
BBLG,STOCK
CGON,NASDAQ
CGON,STOCK
ABXL,NASDAQ
ABXL,STOCK
CING,NASDAQ
CING,STOCK
CRDO,NASDAQ
CRDO,STOCK
FMBH,NASDAQ
FMBH,STOCK
FRST,NASDAQ
FRST,STOCK
ASPS,NASDAQ
ASPS,STOCK
BLFS,NASDAQ
BLFS,STOCK
APACR,NASDAQ
APACR,STOCK
INBS,NASDAQ
INBS,STOCK
FAMI,NASDAQ
FAMI,STOCK
CMCO,NASDAQ
CMCO,STOCK
GARY,NASDAQ
GARY,STOCK
FIGR,NASDAQ
FIGR,STOCK
BSAAU,NASDAQ
BSAAU,STOCK
ELWT,NASDAQ
ELWT,STOCK
GSIT,NASDAQ
GSIT,STOCK
FOXF,NASDAQ
FOXF,STOCK
CCHH,NASDAQ
CCHH,STOCK
EXPE,NASDAQ
EXPE,STOCK
IBAC,NASDAQ
IBAC,STOCK
CME,NASDAQ
CME,STOCK
CMRC,NASDAQ
CMRC,STOCK
CTAS,NASDAQ
CTAS,STOCK
INAC,NASDAQ
INAC,STOCK
HCMAW,NASDAQ
HCMAW,STOCK
FMFC,NASDAQ
FMFC,STOCK
HUBG,NASDAQ
HUBG,STOCK
GRAG,NASDAQ
GRAG,STOCK
CNDT,NASDAQ
CNDT,STOCK
ATRA,NASDAQ
ATRA,STOCK
BRNS,NASDAQ
BRNS,STOCK
CHSCL,NASDAQ
CHSCL,STOCK
HYNE,NASDAQ
HYNE,STOCK
EXEEZ,NASDAQ
EXEEZ,STOCK
ELPW,NASDAQ
ELPW,STOCK
BPYPP,NASDAQ
BPYPP,STOCK
ACIC,NASDAQ
ACIC,STOCK
CNEY,NASDAQ
CNEY,STOCK
FTCI,NASDAQ
FTCI,STOCK
IGIC,NASDAQ
IGIC,STOCK
CLPT,NASDAQ
CLPT,STOCK
CEPT,NASDAQ
CEPT,STOCK
CRAI,NASDAQ
CRAI,STOCK
CAPT,NASDAQ
CAPT,STOCK
CXDO,NASDAQ
CXDO,STOCK
BLZRU,NASDAQ
BLZRU,STOCK
CVBF,NASDAQ
CVBF,STOCK
ABSI,NASDAQ
ABSI,STOCK
CAR,NASDAQ
CAR,STOCK
BDVL,NASDAQ
BDVL,STOCK
ASLE,NASDAQ
ASLE,STOCK
ALPS,NASDAQ
ALPS,STOCK
BOF,NASDAQ
BOF,STOCK
DYN,NASDAQ
DYN,STOCK
BBSI,NASDAQ
BBSI,STOCK
ABEO,NASDAQ
ABEO,STOCK
ATOM,NASDAQ
ATOM,STOCK
CEPV,NASDAQ
CEPV,STOCK
BLUWW,NASDAQ
BLUWW,STOCK
BETRW,NASDAQ
BETRW,STOCK
FTRE,NASDAQ
FTRE,STOCK
CTNT,NASDAQ
CTNT,STOCK
ABVC,NASDAQ
ABVC,STOCK
AVBH,NASDAQ
AVBH,STOCK
DDI,NASDAQ
DDI,STOCK
AIRTP,NASDAQ
AIRTP,STOCK
DXLG,NASDAQ
DXLG,STOCK
AXTI,NASDAQ
AXTI,STOCK
BENF,NASDAQ
BENF,STOCK
CBRL,NASDAQ
CBRL,STOCK
HODU,NASDAQ
HODU,STOCK
FEIM,NASDAQ
FEIM,STOCK
DNUT,NASDAQ
DNUT,STOCK
ADBE,NASDAQ
ADBE,STOCK
FBYDW,NASDAQ
FBYDW,STOCK
BYFC,NASDAQ
BYFC,STOCK
BZAI,NASDAQ
BZAI,STOCK
HRZN,NASDAQ
HRZN,STOCK
HPK,NASDAQ
HPK,STOCK
CDIG,NASDAQ
CDIG,STOCK
CETY,NASDAQ
CETY,STOCK
ALTI,NASDAQ
ALTI,STOCK
FISV,NASDAQ
FISV,STOCK
CALM,NASDAQ
CALM,STOCK
HURN,NASDAQ
HURN,STOCK
DVAX,NASDAQ
DVAX,STOCK
HCAT,NASDAQ
HCAT,STOCK
ICUCW,NASDAQ
ICUCW,STOCK
FITBP,NASDAQ
FITBP,STOCK
CALC,NASDAQ
CALC,STOCK
GILT,NASDAQ
GILT,STOCK
ADMA,NASDAQ
ADMA,STOCK
ALF,NASDAQ
ALF,STOCK
DHCNI,NASDAQ
DHCNI,STOCK
ADAMN,NASDAQ
ADAMN,STOCK
FTFT,NASDAQ
FTFT,STOCK
ARTCU,NASDAQ
ARTCU,STOCK
ECBK,NASDAQ
ECBK,STOCK
BFRI,NASDAQ
BFRI,STOCK
BAND,NASDAQ
BAND,STOCK
COIN,NASDAQ
COIN,STOCK
BON,NASDAQ
BON,STOCK
INBX,NASDAQ
INBX,STOCK
DYORW,NASDAQ
DYORW,STOCK
AAEQ,NASDAQ
AAEQ,STOCK
FACTW,NASDAQ
FACTW,STOCK
ASPCU,NASDAQ
ASPCU,STOCK
IMRX,NASDAQ
IMRX,STOCK
CJET,NASDAQ
CJET,STOCK
CSX,NASDAQ
CSX,STOCK
DWSN,NASDAQ
DWSN,STOCK
GTBP,NASDAQ
GTBP,STOCK
EDRY,NASDAQ
EDRY,STOCK
HTO,NASDAQ
HTO,STOCK
ICHR,NASDAQ
ICHR,STOCK
AIFU,NASDAQ
AIFU,STOCK
EVRG,NASDAQ
EVRG,STOCK
GLPI,NASDAQ
GLPI,STOCK
AIRT,NASDAQ
AIRT,STOCK
GYRO,NASDAQ
GYRO,STOCK
GEVG,NASDAQ
GEVG,STOCK
BZUN,NASDAQ
BZUN,STOCK
DNTH,NASDAQ
DNTH,STOCK
FTAIN,NASDAQ
FTAIN,STOCK
EOSE,NASDAQ
EOSE,STOCK
ENSC,NASDAQ
ENSC,STOCK
ILLRW,NASDAQ
ILLRW,STOCK
FITBO,NASDAQ
FITBO,STOCK
CTSO,NASDAQ
CTSO,STOCK
AREB,NASDAQ
AREB,STOCK
ABAT,NASDAQ
ABAT,STOCK
EVER,NASDAQ
EVER,STOCK
CTMX,NASDAQ
CTMX,STOCK
BLBD,NASDAQ
BLBD,STOCK
BANL,NASDAQ
BANL,STOCK
FSEA,NASDAQ
FSEA,STOCK
DNMXW,NASDAQ
DNMXW,STOCK
CRON,NASDAQ
CRON,STOCK
AVPT,NASDAQ
AVPT,STOCK
CNCKW,NASDAQ
CNCKW,STOCK
ACXP,NASDAQ
ACXP,STOCK
BKNG,NASDAQ
BKNG,STOCK
FSLY,NASDAQ
FSLY,STOCK
FHTX,NASDAQ
FHTX,STOCK
AMCX,NASDAQ
AMCX,STOCK
ATGL,NASDAQ
ATGL,STOCK
EEIQ,NASDAQ
EEIQ,STOCK
CARE,NASDAQ
CARE,STOCK
FUTG,NASDAQ
FUTG,STOCK
BKHAR,NASDAQ
BKHAR,STOCK
FSV,NASDAQ
FSV,STOCK
CRAC,NASDAQ
CRAC,STOCK
CHR,NASDAQ
CHR,STOCK
CHAI,NASDAQ
CHAI,STOCK
CCCX,NASDAQ
CCCX,STOCK
IMUX,NASDAQ
IMUX,STOCK
CREX,NASDAQ
CREX,STOCK
HOVRW,NASDAQ
HOVRW,STOCK
CAMP,NASDAQ
CAMP,STOCK
FRD,NASDAQ
FRD,STOCK
IFRX,NASDAQ
IFRX,STOCK
EHLD,NASDAQ
EHLD,STOCK
BATRA,NASDAQ
BATRA,STOCK
GPACU,NASDAQ
GPACU,STOCK
CDNS,NASDAQ
CDNS,STOCK
EVCM,NASDAQ
EVCM,STOCK
ERIE,NASDAQ
ERIE,STOCK
DAKT,NASDAQ
DAKT,STOCK
GCBC,NASDAQ
GCBC,STOCK
DCTH,NASDAQ
DCTH,STOCK
DHCNL,NASDAQ
DHCNL,STOCK
CSPI,NASDAQ
CSPI,STOCK
CRAQ,NASDAQ
CRAQ,STOCK
IMSR,NASDAQ
IMSR,STOCK
GO,NASDAQ
GO,STOCK
COSM,NASDAQ
COSM,STOCK
CLWT,NASDAQ
CLWT,STOCK
GGR,NASDAQ
GGR,STOCK
ACMR,NASDAQ
ACMR,STOCK
HSPT,NASDAQ
HSPT,STOCK
DTIL,NASDAQ
DTIL,STOCK
FCFS,NASDAQ
FCFS,STOCK
HFWA,NASDAQ
HFWA,STOCK
ADSE,NASDAQ
ADSE,STOCK
GECCO,NASDAQ
GECCO,STOCK
ABLV,NASDAQ
ABLV,STOCK
CBLL,NASDAQ
CBLL,STOCK
HIHO,NASDAQ
HIHO,STOCK
GEMI,NASDAQ
GEMI,STOCK
EYE,NASDAQ
EYE,STOCK
HLP,NASDAQ
HLP,STOCK
HBNC,NASDAQ
HBNC,STOCK
CTRN,NASDAQ
CTRN,STOCK
DXPE,NASDAQ
DXPE,STOCK
CLIR,NASDAQ
CLIR,STOCK
BEEM,NASDAQ
BEEM,STOCK
ARQT,NASDAQ
ARQT,STOCK
AVIR,NASDAQ
AVIR,STOCK
ACGLO,NASDAQ
ACGLO,STOCK
BULLW,NASDAQ
BULLW,STOCK
GERN,NASDAQ
GERN,STOCK
CLSKW,NASDAQ
CLSKW,STOCK
HWCPZ,NASDAQ
HWCPZ,STOCK
GNSS,NASDAQ
GNSS,STOCK
APVO,NASDAQ
APVO,STOCK
EXLS,NASDAQ
EXLS,STOCK
DAVE,NASDAQ
DAVE,STOCK
FHB,NASDAQ
FHB,STOCK
BTAI,NASDAQ
BTAI,STOCK
CCIIU,NASDAQ
CCIIU,STOCK
CCC,NASDAQ
CCC,STOCK
ASRT,NASDAQ
ASRT,STOCK
IBCP,NASDAQ
IBCP,STOCK
ASTI,NASDAQ
ASTI,STOCK
ARQQ,NASDAQ
ARQQ,STOCK
FELE,NASDAQ
FELE,STOCK
GANX,NASDAQ
GANX,STOCK
AOUT,NASDAQ
AOUT,STOCK
DBGI,NASDAQ
DBGI,STOCK
AGRZ,NASDAQ
AGRZ,STOCK
ADGM,NASDAQ
ADGM,STOCK
CLMT,NASDAQ
CLMT,STOCK
GDYN,NASDAQ
GDYN,STOCK
ADXN,NASDAQ
ADXN,STOCK
FMNB,NASDAQ
FMNB,STOCK
ALLR,NASDAQ
ALLR,STOCK
ATHE,NASDAQ
ATHE,STOCK
BBNX,NASDAQ
BBNX,STOCK
BFRIW,NASDAQ
BFRIW,STOCK
BHST,NASDAQ
BHST,STOCK
EFTY,NASDAQ
EFTY,STOCK
ELTX,NASDAQ
ELTX,STOCK
HROW,NASDAQ
HROW,STOCK
BIYA,NASDAQ
BIYA,STOCK
ALRM,NASDAQ
ALRM,STOCK
IFBD,NASDAQ
IFBD,STOCK
CDIO,NASDAQ
CDIO,STOCK
BEAM,NASDAQ
BEAM,STOCK
GSHRU,NASDAQ
GSHRU,STOCK
GSRT,NASDAQ
GSRT,STOCK
GVH,NASDAQ
GVH,STOCK
DRTS,NASDAQ
DRTS,STOCK
GDHG,NASDAQ
GDHG,STOCK
EXFY,NASDAQ
EXFY,STOCK
HUMAW,NASDAQ
HUMAW,STOCK
BKHA,NASDAQ
BKHA,STOCK
CVLT,NASDAQ
CVLT,STOCK
GAMB,NASDAQ
GAMB,STOCK
IEP,NASDAQ
IEP,STOCK
ASRV,NASDAQ
ASRV,STOCK
AVT,NASDAQ
AVT,STOCK
COCH,NASDAQ
COCH,STOCK
AACBR,NASDAQ
AACBR,STOCK
GEN,NASDAQ
GEN,STOCK
FTEL,NASDAQ
FTEL,STOCK
CRML,NASDAQ
CRML,STOCK
EBMT,NASDAQ
EBMT,STOCK
IALT,NASDAQ
IALT,STOCK
BLSG,NASDAQ
BLSG,STOCK
EVTV,NASDAQ
EVTV,STOCK
BNKKW,NASDAQ
BNKKW,STOCK
CLAR,NASDAQ
CLAR,STOCK
BWB,NASDAQ
BWB,STOCK
FIBK,NASDAQ
FIBK,STOCK
APWC,NASDAQ
APWC,STOCK
GORV,NASDAQ
GORV,STOCK
BSY,NASDAQ
BSY,STOCK
GAINL,NASDAQ
GAINL,STOCK
ASTLW,NASDAQ
ASTLW,STOCK
BNTX,NASDAQ
BNTX,STOCK
ATMCU,NASDAQ
ATMCU,STOCK
FLY,NASDAQ
FLY,STOCK
GIWWU,NASDAQ
GIWWU,STOCK
GH,NASDAQ
GH,STOCK
HBAN,NASDAQ
HBAN,STOCK
BVFL,NASDAQ
BVFL,STOCK
ALDF,NASDAQ
ALDF,STOCK
DTSQ,NASDAQ
DTSQ,STOCK
BAER,NASDAQ
BAER,STOCK
DMII,NASDAQ
DMII,STOCK
GLAD,NASDAQ
GLAD,STOCK
DCOMG,NASDAQ
DCOMG,STOCK
DERM,NASDAQ
DERM,STOCK
ESPR,NASDAQ
ESPR,STOCK
ALOVU,NASDAQ
ALOVU,STOCK
GDC,NASDAQ
GDC,STOCK
EGHT,NASDAQ
EGHT,STOCK
BGLC,NASDAQ
BGLC,STOCK
ASBPW,NASDAQ
ASBPW,STOCK
HCAI,NASDAQ
HCAI,STOCK
HPAIW,NASDAQ
HPAIW,STOCK
BGL,NASDAQ
BGL,STOCK
COYA,NASDAQ
COYA,STOCK
COLM,NASDAQ
COLM,STOCK
CVCO,NASDAQ
CVCO,STOCK
HCACU,NASDAQ
HCACU,STOCK
GTX,NASDAQ
GTX,STOCK
CSQ,NASDAQ
CSQ,STOCK
EVO,NASDAQ
EVO,STOCK
ACB,NASDAQ
ACB,STOCK
ICU,NASDAQ
ICU,STOCK
EPWKF,NASDAQ
EPWKF,STOCK
AVX,NASDAQ
AVX,STOCK
GIPR,NASDAQ
GIPR,STOCK
AAPL,NASDAQ
AAPL,STOCK
ASO,NASDAQ
ASO,STOCK
HWBK,NASDAQ
HWBK,STOCK
CHEC,NASDAQ
CHEC,STOCK
ACT,NASDAQ
ACT,STOCK
ANIX,NASDAQ
ANIX,STOCK
EASY,NASDAQ
EASY,STOCK
DLPN,NASDAQ
DLPN,STOCK
HWC,NASDAQ
HWC,STOCK
AEHR,NASDAQ
AEHR,STOCK
GSUN,NASDAQ
GSUN,STOCK
DNMXU,NASDAQ
DNMXU,STOCK
BTM,NASDAQ
BTM,STOCK
CREG,NASDAQ
CREG,STOCK
APP,NASDAQ
APP,STOCK
BCTK,NASDAQ
BCTK,STOCK
GRAL,NASDAQ
GRAL,STOCK
AARD,NASDAQ
AARD,STOCK
GILD,NASDAQ
GILD,STOCK
GALT,NASDAQ
GALT,STOCK
EXAS,NASDAQ
EXAS,STOCK
ANGHW,NASDAQ
ANGHW,STOCK
FBYD,NASDAQ
FBYD,STOCK
IGAC,NASDAQ
IGAC,STOCK
APGE,NASDAQ
APGE,STOCK
HHS,NASDAQ
HHS,STOCK
COST,NASDAQ
COST,STOCK
CLSDQ,NASDAQ
CLSDQ,STOCK
HTBK,NASDAQ
HTBK,STOCK
ASTC,NASDAQ
ASTC,STOCK
ARGX,NASDAQ
ARGX,STOCK
BATRK,NASDAQ
BATRK,STOCK
CEVA,NASDAQ
CEVA,STOCK
ABTS,NASDAQ
ABTS,STOCK
EWBC,NASDAQ
EWBC,STOCK
AXGN,NASDAQ
AXGN,STOCK
AIIOW,NASDAQ
AIIOW,STOCK
CHARU,NASDAQ
CHARU,STOCK
BGIN,NASDAQ
BGIN,STOCK
BMRN,NASDAQ
BMRN,STOCK
CRAQU,NASDAQ
CRAQU,STOCK
BRKR,NASDAQ
BRKR,STOCK
ABX,NASDAQ
ABX,STOCK
HNNA,NASDAQ
HNNA,STOCK
HLIT,NASDAQ
HLIT,STOCK
HYPR,NASDAQ
HYPR,STOCK
CCIX,NASDAQ
CCIX,STOCK
CPSS,NASDAQ
CPSS,STOCK
HOFT,NASDAQ
HOFT,STOCK
EOLS,NASDAQ
EOLS,STOCK
FORR,NASDAQ
FORR,STOCK
BWBBP,NASDAQ
BWBBP,STOCK
FULT,NASDAQ
FULT,STOCK
HPAI,NASDAQ
HPAI,STOCK
CONX,NASDAQ
CONX,STOCK
BWEN,NASDAQ
BWEN,STOCK
HQY,NASDAQ
HQY,STOCK
GLDD,NASDAQ
GLDD,STOCK
EVAX,NASDAQ
EVAX,STOCK
CZR,NASDAQ
CZR,STOCK
CBK,NASDAQ
CBK,STOCK
DRTSW,NASDAQ
DRTSW,STOCK
BNR,NASDAQ
BNR,STOCK
BEDY,NASDAQ
BEDY,STOCK
HOVNP,NASDAQ
HOVNP,STOCK
CPRX,NASDAQ
CPRX,STOCK
ELVN,NASDAQ
ELVN,STOCK
ERAS,NASDAQ
ERAS,STOCK
FOSL,NASDAQ
FOSL,STOCK
CETX,NASDAQ
CETX,STOCK
HBR,NASDAQ
HBR,STOCK
CSBR,NASDAQ
CSBR,STOCK
CZWI,NASDAQ
CZWI,STOCK
GNPX,NASDAQ
GNPX,STOCK
FROG,NASDAQ
FROG,STOCK
GAIA,NASDAQ
GAIA,STOCK
BPAC,NASDAQ
BPAC,STOCK
CRANU,NASDAQ
CRANU,STOCK
ICLR,NASDAQ
ICLR,STOCK
FOXXW,NASDAQ
FOXXW,STOCK
BLNK,NASDAQ
BLNK,STOCK
IMMR,NASDAQ
IMMR,STOCK
ADAG,NASDAQ
ADAG,STOCK
FLUX,NASDAQ
FLUX,STOCK
BSVN,NASDAQ
BSVN,STOCK
CPSH,NASDAQ
CPSH,STOCK
FLL,NASDAQ
FLL,STOCK
CODA,NASDAQ
CODA,STOCK
ELBM,NASDAQ
ELBM,STOCK
IMNN,NASDAQ
IMNN,STOCK
DOOO,NASDAQ
DOOO,STOCK
ATLCP,NASDAQ
ATLCP,STOCK
BYAH,NASDAQ
BYAH,STOCK
CURI,NASDAQ
CURI,STOCK
AMSC,NASDAQ
AMSC,STOCK
CTBI,NASDAQ
CTBI,STOCK
FDSB,NASDAQ
FDSB,STOCK
ARDX,NASDAQ
ARDX,STOCK
FSHPU,NASDAQ
FSHPU,STOCK
GENVR,NASDAQ
GENVR,STOCK
AXINR,NASDAQ
AXINR,STOCK
BHFAL,NASDAQ
BHFAL,STOCK
DYNB,NASDAQ
DYNB,STOCK
FAST,NASDAQ
FAST,STOCK
GROW,NASDAQ
GROW,STOCK
BCAL,NASDAQ
BCAL,STOCK
HIND,NASDAQ
HIND,STOCK
BTMWW,NASDAQ
BTMWW,STOCK
BBYY,NASDAQ
BBYY,STOCK
CTKB,NASDAQ
CTKB,STOCK
INHD,NASDAQ
INHD,STOCK
DSGR,NASDAQ
DSGR,STOCK
CMND,NASDAQ
CMND,STOCK
INMD,NASDAQ
INMD,STOCK
IEAGU,NASDAQ
IEAGU,STOCK
GPCR,NASDAQ
GPCR,STOCK
ACRV,NASDAQ
ACRV,STOCK
HCMAU,NASDAQ
HCMAU,STOCK
CCNEP,NASDAQ
CCNEP,STOCK
CNTX,NASDAQ
CNTX,STOCK
APOG,NASDAQ
APOG,STOCK
BPYPN,NASDAQ
BPYPN,STOCK
GLNG,NASDAQ
GLNG,STOCK
AKAN,NASDAQ
AKAN,STOCK
ABP,NASDAQ
ABP,STOCK
ATNI,NASDAQ
ATNI,STOCK
DTSQU,NASDAQ
DTSQU,STOCK
HUIZ,NASDAQ
HUIZ,STOCK
CRE,NASDAQ
CRE,STOCK
ACEP,NASDAQ
ACEP,STOCK
DSY,NASDAQ
DSY,STOCK
GENK,NASDAQ
GENK,STOCK
CWD,NASDAQ
CWD,STOCK
CGO,NASDAQ
CGO,STOCK
AGIO,NASDAQ
AGIO,STOCK
CNQQ,NASDAQ
CNQQ,STOCK
BPACR,NASDAQ
BPACR,STOCK
DFSC,NASDAQ
DFSC,STOCK
AVO,NASDAQ
AVO,STOCK
GOU,NASDAQ
GOU,STOCK
ESLA,NASDAQ
ESLA,STOCK
APLM,NASDAQ
APLM,STOCK
CELUW,NASDAQ
CELUW,STOCK
HWKN,NASDAQ
HWKN,STOCK
DGICA,NASDAQ
DGICA,STOCK
AHCO,NASDAQ
AHCO,STOCK
FIVE,NASDAQ
FIVE,STOCK
EHGO,NASDAQ
EHGO,STOCK
FTLF,NASDAQ
FTLF,STOCK
CARL,NASDAQ
CARL,STOCK
APA,NASDAQ
APA,STOCK
CGBD,NASDAQ
CGBD,STOCK
FMSTW,NASDAQ
FMSTW,STOCK
APPF,NASDAQ
APPF,STOCK
BZAIW,NASDAQ
BZAIW,STOCK
ADPT,NASDAQ
ADPT,STOCK
DAAQW,NASDAQ
DAAQW,STOCK
BIDG,NASDAQ
BIDG,STOCK
BITF,NASDAQ
BITF,STOCK
BACQ,NASDAQ
BACQ,STOCK
GLRE,NASDAQ
GLRE,STOCK
BOXL,NASDAQ
BOXL,STOCK
CBSH,NASDAQ
CBSH,STOCK
GEOS,NASDAQ
GEOS,STOCK
HKIT,NASDAQ
HKIT,STOCK
AMGN,NASDAQ
AMGN,STOCK
GEGGL,NASDAQ
GEGGL,STOCK
BWFG,NASDAQ
BWFG,STOCK
AMIX,NASDAQ
AMIX,STOCK
AUGO,NASDAQ
AUGO,STOCK
DBSC,NASDAQ
DBSC,STOCK
HQI,NASDAQ
HQI,STOCK
ARKO,NASDAQ
ARKO,STOCK
CNCK,NASDAQ
CNCK,STOCK
EDBLW,NASDAQ
EDBLW,STOCK
GRDX,NASDAQ
GRDX,STOCK
BDRX,NASDAQ
BDRX,STOCK
HGBL,NASDAQ
HGBL,STOCK
COOT,NASDAQ
COOT,STOCK
ASPSW,NASDAQ
ASPSW,STOCK
HOLX,NASDAQ
HOLX,STOCK
BCTXW,NASDAQ
BCTXW,STOCK
BLZR,NASDAQ
BLZR,STOCK
ARAY,NASDAQ
ARAY,STOCK
ESEA,NASDAQ
ESEA,STOCK
BAOS,NASDAQ
BAOS,STOCK
CHECU,NASDAQ
CHECU,STOCK
CABR,NASDAQ
CABR,STOCK
AISP,NASDAQ
AISP,STOCK
HTZ,NASDAQ
HTZ,STOCK
CINGW,NASDAQ
CINGW,STOCK
DENN,NASDAQ
DENN,STOCK
CUB,NASDAQ
CUB,STOCK
CLFD,NASDAQ
CLFD,STOCK
AXSM,NASDAQ
AXSM,STOCK
DMLP,NASDAQ
DMLP,STOCK
HCTI,NASDAQ
HCTI,STOCK
CBNK,NASDAQ
CBNK,STOCK
FENC,NASDAQ
FENC,STOCK
HURC,NASDAQ
HURC,STOCK
BLRKU,NASDAQ
BLRKU,STOCK
BWAY,NASDAQ
BWAY,STOCK
ABCB,NASDAQ
ABCB,STOCK
ALCYU,NASDAQ
ALCYU,STOCK
FSTR,NASDAQ
FSTR,STOCK
GRRRW,NASDAQ
GRRRW,STOCK
ICG,NASDAQ
ICG,STOCK
AMPH,NASDAQ
AMPH,STOCK
BANX,NASDAQ
BANX,STOCK
ETOR,NASDAQ
ETOR,STOCK
ALDX,NASDAQ
ALDX,STOCK
CLOV,NASDAQ
CLOV,STOCK
EBON,NASDAQ
EBON,STOCK
AGPU,NASDAQ
AGPU,STOCK
BGMSP,NASDAQ
BGMSP,STOCK
APXTU,NASDAQ
APXTU,STOCK
INM,NASDAQ
INM,STOCK
BTSG,NASDAQ
BTSG,STOCK
GLXG,NASDAQ
GLXG,STOCK
ATAT,NASDAQ
ATAT,STOCK
BDCIW,NASDAQ
BDCIW,STOCK
CTXR,NASDAQ
CTXR,STOCK
ANGI,NASDAQ
ANGI,STOCK
HBCP,NASDAQ
HBCP,STOCK
IBKR,NASDAQ
IBKR,STOCK
EPOW,NASDAQ
EPOW,STOCK
ILLR,NASDAQ
ILLR,STOCK
AMODW,NASDAQ
AMODW,STOCK
CUBWU,NASDAQ
CUBWU,STOCK
FRPT,NASDAQ
FRPT,STOCK
FBLA,NASDAQ
FBLA,STOCK
GDTC,NASDAQ
GDTC,STOCK
ACIU,NASDAQ
ACIU,STOCK
IBACR,NASDAQ
IBACR,STOCK
CGCT,NASDAQ
CGCT,STOCK
ATLX,NASDAQ
ATLX,STOCK
FFAI,NASDAQ
FFAI,STOCK
AQMS,NASDAQ
AQMS,STOCK
CDTTW,NASDAQ
CDTTW,STOCK
EXPI,NASDAQ
EXPI,STOCK
AGYS,NASDAQ
AGYS,STOCK
IART,NASDAQ
IART,STOCK
FKWL,NASDAQ
FKWL,STOCK
FOXA,NASDAQ
FOXA,STOCK
DORM,NASDAQ
DORM,STOCK
DTCX,NASDAQ
DTCX,STOCK
BSLKW,NASDAQ
BSLKW,STOCK
BRKRP,NASDAQ
BRKRP,STOCK
CHW,NASDAQ
CHW,STOCK
BDYN,NASDAQ
BDYN,STOCK
GFS,NASDAQ
GFS,STOCK
AZI,NASDAQ
AZI,STOCK
FBIOP,NASDAQ
FBIOP,STOCK
FOLD,NASDAQ
FOLD,STOCK
CVLG,NASDAQ
CVLG,STOCK
CPZ,NASDAQ
CPZ,STOCK
ENVB,NASDAQ
ENVB,STOCK
AEAQU,NASDAQ
AEAQU,STOCK
GREE,NASDAQ
GREE,STOCK
CYN,NASDAQ
CYN,STOCK
CSGS,NASDAQ
CSGS,STOCK
CISS,NASDAQ
CISS,STOCK
ALBT,NASDAQ
ALBT,STOCK
INDB,NASDAQ
INDB,STOCK
ALXO,NASDAQ
ALXO,STOCK
DJCO,NASDAQ
DJCO,STOCK
CLLS,NASDAQ
CLLS,STOCK
CVGI,NASDAQ
CVGI,STOCK
GRNQ,NASDAQ
GRNQ,STOCK
CSGP,NASDAQ
CSGP,STOCK
GNTX,NASDAQ
GNTX,STOCK
FDBC,NASDAQ
FDBC,STOCK
GTERR,NASDAQ
GTERR,STOCK
ENTG,NASDAQ
ENTG,STOCK
BIXI,NASDAQ
BIXI,STOCK
COFS,NASDAQ
COFS,STOCK
ENHU,NASDAQ
ENHU,STOCK
EMISR,NASDAQ
EMISR,STOCK
FFIN,NASDAQ
FFIN,STOCK
FLX,NASDAQ
FLX,STOCK
FANG,NASDAQ
FANG,STOCK
CDT,NASDAQ
CDT,STOCK
ARCC,NASDAQ
ARCC,STOCK
CGABL,NASDAQ
CGABL,STOCK
ELTK,NASDAQ
ELTK,STOCK
IMTX,NASDAQ
IMTX,STOCK
FATBP,NASDAQ
FATBP,STOCK
BRID,NASDAQ
BRID,STOCK
ALOT,NASDAQ
ALOT,STOCK
FIGXU,NASDAQ
FIGXU,STOCK
GLTO,NASDAQ
GLTO,STOCK
AFRI,NASDAQ
AFRI,STOCK
GITS,NASDAQ
GITS,STOCK
FGMC,NASDAQ
FGMC,STOCK
AGH,NASDAQ
AGH,STOCK
FLNC,NASDAQ
FLNC,STOCK
CGBDL,NASDAQ
CGBDL,STOCK
HELE,NASDAQ
HELE,STOCK
GSHD,NASDAQ
GSHD,STOCK
DBVT,NASDAQ
DBVT,STOCK
CAPS,NASDAQ
CAPS,STOCK
ACHC,NASDAQ
ACHC,STOCK
HUT,NASDAQ
HUT,STOCK
ICFI,NASDAQ
ICFI,STOCK
EURKU,NASDAQ
EURKU,STOCK
GRFS,NASDAQ
GRFS,STOCK
FWONA,NASDAQ
FWONA,STOCK
GAINI,NASDAQ
GAINI,STOCK
AXINU,NASDAQ
AXINU,STOCK
CCEP,NASDAQ
CCEP,STOCK
FBLG,NASDAQ
FBLG,STOCK
EURKR,NASDAQ
EURKR,STOCK
COTG,NASDAQ
COTG,STOCK
ADV,NASDAQ
ADV,STOCK
AIOT,NASDAQ
AIOT,STOCK
ECXWW,NASDAQ
ECXWW,STOCK
ELOG,NASDAQ
ELOG,STOCK
ADI,NASDAQ
ADI,STOCK
AMPG,NASDAQ
AMPG,STOCK
CRSR,NASDAQ
CRSR,STOCK
ILAG,NASDAQ
ILAG,STOCK
BFIN,NASDAQ
BFIN,STOCK
AURE,NASDAQ
AURE,STOCK
ALGM,NASDAQ
ALGM,STOCK
FSLR,NASDAQ
FSLR,STOCK
FCHL,NASDAQ
FCHL,STOCK
COOTW,NASDAQ
COOTW,STOCK
EPSM,NASDAQ
EPSM,STOCK
HIVE,NASDAQ
HIVE,STOCK
GIBO,NASDAQ
GIBO,STOCK
FTNT,NASDAQ
FTNT,STOCK
HTZWW,NASDAQ
HTZWW,STOCK
HOTH,NASDAQ
HOTH,STOCK
BANFP,NASDAQ
BANFP,STOCK
BTOC,NASDAQ
BTOC,STOCK
ARQ,NASDAQ
ARQ,STOCK
FCUV,NASDAQ
FCUV,STOCK
FRBA,NASDAQ
FRBA,STOCK
ARBK,NASDAQ
ARBK,STOCK
IIIV,NASDAQ
IIIV,STOCK
CURX,NASDAQ
CURX,STOCK
AIRG,NASDAQ
AIRG,STOCK
INACU,NASDAQ
INACU,STOCK
IAC,NASDAQ
IAC,STOCK
ASUR,NASDAQ
ASUR,STOCK
FGL,NASDAQ
FGL,STOCK
GFAIW,NASDAQ
GFAIW,STOCK
AMWD,NASDAQ
AMWD,STOCK
ALTS,NASDAQ
ALTS,STOCK
CDXS,NASDAQ
CDXS,STOCK
HBT,NASDAQ
HBT,STOCK
BMRA,NASDAQ
BMRA,STOCK
ENGN,NASDAQ
ENGN,STOCK
ALRS,NASDAQ
ALRS,STOCK
CAEP,NASDAQ
CAEP,STOCK
GP,NASDAQ
GP,STOCK
IMNM,NASDAQ
IMNM,STOCK
AEIS,NASDAQ
AEIS,STOCK
HOYY,NASDAQ
HOYY,STOCK
BZFDW,NASDAQ
BZFDW,STOCK
APRE,NASDAQ
APRE,STOCK
AVXL,NASDAQ
AVXL,STOCK
DGNX,NASDAQ
DGNX,STOCK
HSPTU,NASDAQ
HSPTU,STOCK
ATPC,NASDAQ
ATPC,STOCK
BHFAP,NASDAQ
BHFAP,STOCK
CEPO,NASDAQ
CEPO,STOCK
BCTXL,NASDAQ
BCTXL,STOCK
AFRIW,NASDAQ
AFRIW,STOCK
DYAI,NASDAQ
DYAI,STOCK
GIBOW,NASDAQ
GIBOW,STOCK
HOWL,NASDAQ
HOWL,STOCK
BACCR,NASDAQ
BACCR,STOCK
CDTX,NASDAQ
CDTX,STOCK
HYFM,NASDAQ
HYFM,STOCK
BJRI,NASDAQ
BJRI,STOCK
FLYE,NASDAQ
FLYE,STOCK
BRRWW,NASDAQ
BRRWW,STOCK
FACTU,NASDAQ
FACTU,STOCK
CRBU,NASDAQ
CRBU,STOCK
APADR,NASDAQ
APADR,STOCK
EXC,NASDAQ
EXC,STOCK
BHF,NASDAQ
BHF,STOCK
BJDX,NASDAQ
BJDX,STOCK
GV,NASDAQ
GV,STOCK
CURR,NASDAQ
CURR,STOCK
FSHP,NASDAQ
FSHP,STOCK
BDCI,NASDAQ
BDCI,STOCK
AMAT,NASDAQ
AMAT,STOCK
GPT,NASDAQ
GPT,STOCK
AIRJ,NASDAQ
AIRJ,STOCK
CIVB,NASDAQ
CIVB,STOCK
CHPX,NASDAQ
CHPX,STOCK
ETSY,NASDAQ
ETSY,STOCK
AAL,NASDAQ
AAL,STOCK
FGMCU,NASDAQ
FGMCU,STOCK
ADAMG,NASDAQ
ADAMG,STOCK
FEAM,NASDAQ
FEAM,STOCK
BACC,NASDAQ
BACC,STOCK
ARVN,NASDAQ
ARVN,STOCK
ICCM,NASDAQ
ICCM,STOCK
CHRD,NASDAQ
CHRD,STOCK
EVGO,NASDAQ
EVGO,STOCK
IGACR,NASDAQ
IGACR,STOCK
GLBE,NASDAQ
GLBE,STOCK
DGICB,NASDAQ
DGICB,STOCK
GAIN,NASDAQ
GAIN,STOCK
AAPG,NASDAQ
AAPG,STOCK
ARWR,NASDAQ
ARWR,STOCK
ETON,NASDAQ
ETON,STOCK
BCML,NASDAQ
BCML,STOCK
IMXI,NASDAQ
IMXI,STOCK
AEI,NASDAQ
AEI,STOCK
BTOG,NASDAQ
BTOG,STOCK
EVGOW,NASDAQ
EVGOW,STOCK
ADVM,NASDAQ
ADVM,STOCK
COLAU,NASDAQ
COLAU,STOCK
DUO,NASDAQ
DUO,STOCK
GDEN,NASDAQ
GDEN,STOCK
CMCSA,NASDAQ
CMCSA,STOCK
CNSP,NASDAQ
CNSP,STOCK
ICON,NASDAQ
ICON,STOCK
DRDBW,NASDAQ
DRDBW,STOCK
HAS,NASDAQ
HAS,STOCK
DJTWW,NASDAQ
DJTWW,STOCK
CSIQ,NASDAQ
CSIQ,STOCK
HALO,NASDAQ
HALO,STOCK
EVLV,NASDAQ
EVLV,STOCK
EVOXU,NASDAQ
EVOXU,STOCK
CLBK,NASDAQ
CLBK,STOCK
ALAB,NASDAQ
ALAB,STOCK
DMRC,NASDAQ
DMRC,STOCK
FGMCR,NASDAQ
FGMCR,STOCK
IAS,NASDAQ
IAS,STOCK
BLIN,NASDAQ
BLIN,STOCK
FXNC,NASDAQ
FXNC,STOCK
ARTNA,NASDAQ
ARTNA,STOCK
CHMG,NASDAQ
CHMG,STOCK
FARM,NASDAQ
FARM,STOCK
AURA,NASDAQ
AURA,STOCK
ALFUW,NASDAQ
ALFUW,STOCK
ABVX,NASDAQ
ABVX,STOCK
FMST,NASDAQ
FMST,STOCK
CDNL,NASDAQ
CDNL,STOCK
HBANP,NASDAQ
HBANP,STOCK
IMG,NASDAQ
IMG,STOCK
GEG,NASDAQ
GEG,STOCK
EEFT,NASDAQ
EEFT,STOCK
CCOI,NASDAQ
CCOI,STOCK
GIGGW,NASDAQ
GIGGW,STOCK
GSGO,NASDAQ
GSGO,STOCK
EDBL,NASDAQ
EDBL,STOCK
ADAM,NASDAQ
ADAM,STOCK
GMGI,NASDAQ
GMGI,STOCK
CLSK,NASDAQ
CLSK,STOCK
ATYR,NASDAQ
ATYR,STOCK
HSII,NASDAQ
HSII,STOCK
BANF,NASDAQ
BANF,STOCK
ECPG,NASDAQ
ECPG,STOCK
ASTL,NASDAQ
ASTL,STOCK
CRWV,NASDAQ
CRWV,STOCK
CDLX,NASDAQ
CDLX,STOCK
CRNC,NASDAQ
CRNC,STOCK
ACHV,NASDAQ
ACHV,STOCK
FRMEP,NASDAQ
FRMEP,STOCK
AGNCN,NASDAQ
AGNCN,STOCK
GSHR,NASDAQ
GSHR,STOCK
DIBS,NASDAQ
DIBS,STOCK
AIMD,NASDAQ
AIMD,STOCK
CELC,NASDAQ
CELC,STOCK
GAINZ,NASDAQ
GAINZ,STOCK
FIGX,NASDAQ
FIGX,STOCK
ABTC,NASDAQ
ABTC,STOCK
ATOS,NASDAQ
ATOS,STOCK
COLB,NASDAQ
COLB,STOCK
AVBP,NASDAQ
AVBP,STOCK
CABA,NASDAQ
CABA,STOCK
HAVAU,NASDAQ
HAVAU,STOCK
HCMA,NASDAQ
HCMA,STOCK
EHTH,NASDAQ
EHTH,STOCK
CHSN,NASDAQ
CHSN,STOCK
BZ,NASDAQ
BZ,STOCK
CBAN,NASDAQ
CBAN,STOCK
CGCTW,NASDAQ
CGCTW,STOCK
BHFAN,NASDAQ
BHFAN,STOCK
FRHC,NASDAQ
FRHC,STOCK
ERNA,NASDAQ
ERNA,STOCK
ANTX,NASDAQ
ANTX,STOCK
FWDI,NASDAQ
FWDI,STOCK
CRDL,NASDAQ
CRDL,STOCK
GUTS,NASDAQ
GUTS,STOCK
BEG,NASDAQ
BEG,STOCK
ALEC,NASDAQ
ALEC,STOCK
CELZ,NASDAQ
CELZ,STOCK
AKBA,NASDAQ
AKBA,STOCK
ERIC,NASDAQ
ERIC,STOCK
CATY,NASDAQ
CATY,STOCK
GSAT,NASDAQ
GSAT,STOCK
ACONW,NASDAQ
ACONW,STOCK
GPAT,NASDAQ
GPAT,STOCK
GEHC,NASDAQ
GEHC,STOCK
CTOR,NASDAQ
CTOR,STOCK
BMBL,NASDAQ
BMBL,STOCK
BNZIW,NASDAQ
BNZIW,STOCK
BCTXZ,NASDAQ
BCTXZ,STOCK
ABOS,NASDAQ
ABOS,STOCK
FYBR,NASDAQ
FYBR,STOCK
FGNXP,NASDAQ
FGNXP,STOCK
GIW,NASDAQ
GIW,STOCK
BCG,NASDAQ
BCG,STOCK
GTERW,NASDAQ
GTERW,STOCK
CCXIU,NASDAQ
CCXIU,STOCK
DYCQ,NASDAQ
DYCQ,STOCK
GHI,NASDAQ
GHI,STOCK
AKTX,NASDAQ
AKTX,STOCK
AYTU,NASDAQ
AYTU,STOCK
APLT,NASDAQ
APLT,STOCK
FITB,NASDAQ
FITB,STOCK
FWONK,NASDAQ
FWONK,STOCK
IBRX,NASDAQ
IBRX,STOCK
DUOT,NASDAQ
DUOT,STOCK
AZTA,NASDAQ
AZTA,STOCK
ARBEW,NASDAQ
ARBEW,STOCK
ARKR,NASDAQ
ARKR,STOCK
GMM,NASDAQ
GMM,STOCK
BUSEP,NASDAQ
BUSEP,STOCK
CRNT,NASDAQ
CRNT,STOCK
ANNX,NASDAQ
ANNX,STOCK
AERT,NASDAQ
AERT,STOCK
CASH,NASDAQ
CASH,STOCK
GAINN,NASDAQ
GAINN,STOCK
ASTS,NASDAQ
ASTS,STOCK
ARQQW,NASDAQ
ARQQW,STOCK
BLZE,NASDAQ
BLZE,STOCK
IDXX,NASDAQ
IDXX,STOCK
HOVR,NASDAQ
HOVR,STOCK
IMRN,NASDAQ
IMRN,STOCK
EFSCP,NASDAQ
EFSCP,STOCK
CYTK,NASDAQ
CYTK,STOCK
AIRS,NASDAQ
AIRS,STOCK
BFRG,NASDAQ
BFRG,STOCK
EMBC,NASDAQ
EMBC,STOCK
BDCIU,NASDAQ
BDCIU,STOCK
BGLWW,NASDAQ
BGLWW,STOCK
HTCR,NASDAQ
HTCR,STOCK
FTAIM,NASDAQ
FTAIM,STOCK
CERS,NASDAQ
CERS,STOCK
AGAE,NASDAQ
AGAE,STOCK
BRR,NASDAQ
BRR,STOCK
FSUN,NASDAQ
FSUN,STOCK
GLBS,NASDAQ
GLBS,STOCK
BIIB,NASDAQ
BIIB,STOCK
FFIV,NASDAQ
FFIV,STOCK
HUBC,NASDAQ
HUBC,STOCK
CEG,NASDAQ
CEG,STOCK
ENGNW,NASDAQ
ENGNW,STOCK
BTSGU,NASDAQ
BTSGU,STOCK
FLGC,NASDAQ
FLGC,STOCK
FUSB,NASDAQ
FUSB,STOCK
CHRS,NASDAQ
CHRS,STOCK
CXAIW,NASDAQ
CXAIW,STOCK
EQIX,NASDAQ
EQIX,STOCK
CHKP,NASDAQ
CHKP,STOCK
AIFF,NASDAQ
AIFF,STOCK
ALGS,NASDAQ
ALGS,STOCK
AERTW,NASDAQ
AERTW,STOCK
FBRX,NASDAQ
FBRX,STOCK
CMPX,NASDAQ
CMPX,STOCK
BAYA,NASDAQ
BAYA,STOCK
DWTX,NASDAQ
DWTX,STOCK
DNMX,NASDAQ
DNMX,STOCK
GLIBR,NASDAQ
GLIBR,STOCK
ASPC,NASDAQ
ASPC,STOCK
DAIO,NASDAQ
DAIO,STOCK
CTRM,NASDAQ
CTRM,STOCK
ANSCU,NASDAQ
ANSCU,STOCK
GDS,NASDAQ
GDS,STOCK
AGMH,NASDAQ
AGMH,STOCK
ASTE,NASDAQ
ASTE,STOCK
BTBD,NASDAQ
BTBD,STOCK
HFFG,NASDAQ
HFFG,STOCK
FGIIU,NASDAQ
FGIIU,STOCK
DTSTW,NASDAQ
DTSTW,STOCK
EDAP,NASDAQ
EDAP,STOCK
FUFUW,NASDAQ
FUFUW,STOCK
CGC,NASDAQ
CGC,STOCK
EFSC,NASDAQ
EFSC,STOCK
GDFN,NASDAQ
GDFN,STOCK
ADTN,NASDAQ
ADTN,STOCK
ACIW,NASDAQ
ACIW,STOCK
BPACU,NASDAQ
BPACU,STOCK
BTCS,NASDAQ
BTCS,STOCK
CERT,NASDAQ
CERT,STOCK
AUPH,NASDAQ
AUPH,STOCK
CIFG,NASDAQ
CIFG,STOCK
AGNC,NASDAQ
AGNC,STOCK
FDUS,NASDAQ
FDUS,STOCK
DLHC,NASDAQ
DLHC,STOCK
EBC,NASDAQ
EBC,STOCK
FTRK,NASDAQ
FTRK,STOCK
FBIZ,NASDAQ
FBIZ,STOCK
CVV,NASDAQ
CVV,STOCK
AMLX,NASDAQ
AMLX,STOCK
BDMDW,NASDAQ
BDMDW,STOCK
AXIN,NASDAQ
AXIN,STOCK
ALAR,NASDAQ
ALAR,STOCK
FSBW,NASDAQ
FSBW,STOCK
CMTL,NASDAQ
CMTL,STOCK
DRMAW,NASDAQ
DRMAW,STOCK
GRAN,NASDAQ
GRAN,STOCK
GTERA,NASDAQ
GTERA,STOCK
ABVEW,NASDAQ
ABVEW,STOCK
BLFY,NASDAQ
BLFY,STOCK
ESTA,NASDAQ
ESTA,STOCK
ADAMO,NASDAQ
ADAMO,STOCK
CAI,NASDAQ
CAI,STOCK
GPATW,NASDAQ
GPATW,STOCK
BREM,NASDAQ
BREM,STOCK
BPOP,NASDAQ
BPOP,STOCK
CSAI,NASDAQ
CSAI,STOCK
BGMS,NASDAQ
BGMS,STOCK
CZNC,NASDAQ
CZNC,STOCK
FER,NASDAQ
FER,STOCK
ALGT,NASDAQ
ALGT,STOCK
CAMT,NASDAQ
CAMT,STOCK
CYBR,NASDAQ
CYBR,STOCK
CRANR,NASDAQ
CRANR,STOCK
BRAG,NASDAQ
BRAG,STOCK
ICUI,NASDAQ
ICUI,STOCK
CPHC,NASDAQ
CPHC,STOCK
INDV,NASDAQ
INDV,STOCK
ASST,NASDAQ
ASST,STOCK
HAFC,NASDAQ
HAFC,STOCK
ADAMH,NASDAQ
ADAMH,STOCK
ECX,NASDAQ
ECX,STOCK
DOGZ,NASDAQ
DOGZ,STOCK
BTTC,NASDAQ
BTTC,STOCK
BLDP,NASDAQ
BLDP,STOCK
ALLO,NASDAQ
ALLO,STOCK
AEBI,NASDAQ
AEBI,STOCK
FVN,NASDAQ
FVN,STOCK
GTM,NASDAQ
GTM,STOCK
AVR,NASDAQ
AVR,STOCK
AFCG,NASDAQ
AFCG,STOCK
FLWS,NASDAQ
FLWS,STOCK
HOUR,NASDAQ
HOUR,STOCK
CJMB,NASDAQ
CJMB,STOCK
CRNX,NASDAQ
CRNX,STOCK
HSIC,NASDAQ
HSIC,STOCK
IMCR,NASDAQ
IMCR,STOCK
APXTW,NASDAQ
APXTW,STOCK
DFLI,NASDAQ
DFLI,STOCK
GOLD,NASDAQ
GOLD,STOCK
ATXG,NASDAQ
ATXG,STOCK
HCWB,NASDAQ
HCWB,STOCK
AFBI,NASDAQ
AFBI,STOCK
DAAQU,NASDAQ
DAAQU,STOCK
CISO,NASDAQ
CISO,STOCK
IBG,NASDAQ
IBG,STOCK
FRWD,NASDAQ
FRWD,STOCK
CNVS,NASDAQ
CNVS,STOCK
CTLP,NASDAQ
CTLP,STOCK
HUTG,NASDAQ
HUTG,STOCK
HIT,NASDAQ
HIT,STOCK
CENX,NASDAQ
CENX,STOCK
HAVA,NASDAQ
HAVA,STOCK
HITI,NASDAQ
HITI,STOCK
DDOG,NASDAQ
DDOG,STOCK
ALLT,NASDAQ
ALLT,STOCK
GOOD,NASDAQ
GOOD,STOCK
GEVO,NASDAQ
GEVO,STOCK
CBUS,NASDAQ
CBUS,STOCK
DLO,NASDAQ
DLO,STOCK
FITBI,NASDAQ
FITBI,STOCK
BSET,NASDAQ
BSET,STOCK
CRACW,NASDAQ
CRACW,STOCK
ESHA,NASDAQ
ESHA,STOCK
GYRE,NASDAQ
GYRE,STOCK
DPZ,NASDAQ
DPZ,STOCK
ARCB,NASDAQ
ARCB,STOCK
ELUT,NASDAQ
ELUT,STOCK
IBIO,NASDAQ
IBIO,STOCK
EWTX,NASDAQ
EWTX,STOCK
HLMN,NASDAQ
HLMN,STOCK
FCRS,NASDAQ
FCRS,STOCK
BMR,NASDAQ
BMR,STOCK
EA,NASDAQ
EA,STOCK
BRTX,NASDAQ
BRTX,STOCK
HTLM,NASDAQ
HTLM,STOCK
BSMZ,NASDAQ
BSMZ,STOCK
BL,NASDAQ
BL,STOCK
HAIN,NASDAQ
HAIN,STOCK
AVDL,NASDAQ
AVDL,STOCK
HUBCW,NASDAQ
HUBCW,STOCK
HKPD,NASDAQ
HKPD,STOCK
CPRT,NASDAQ
CPRT,STOCK
CRVO,NASDAQ
CRVO,STOCK
CCBG,NASDAQ
CCBG,STOCK
DPRO,NASDAQ
DPRO,STOCK
ACFN,NASDAQ
ACFN,STOCK
CELU,NASDAQ
CELU,STOCK
CGTL,NASDAQ
CGTL,STOCK
DCOM,NASDAQ
DCOM,STOCK
CENT,NASDAQ
CENT,STOCK
ADSK,NASDAQ
ADSK,STOCK
BELFA,NASDAQ
BELFA,STOCK
CRESW,NASDAQ
CRESW,STOCK
AIRJW,NASDAQ
AIRJW,STOCK
CCII,NASDAQ
CCII,STOCK
ABLVW,NASDAQ
ABLVW,STOCK
GOODO,NASDAQ
GOODO,STOCK
CVGW,NASDAQ
CVGW,STOCK
ABPWW,NASDAQ
ABPWW,STOCK
FRSH,NASDAQ
FRSH,STOCK
CAAS,NASDAQ
CAAS,STOCK
GMAB,NASDAQ
GMAB,STOCK
BMGL,NASDAQ
BMGL,STOCK
EXEEW,NASDAQ
EXEEW,STOCK
CHSCM,NASDAQ
CHSCM,STOCK
BRZE,NASDAQ
BRZE,STOCK
ARBE,NASDAQ
ARBE,STOCK
HSAI,NASDAQ
HSAI,STOCK
HOPE,NASDAQ
HOPE,STOCK
GASS,NASDAQ
GASS,STOCK
BOKF,NASDAQ
BOKF,STOCK
GLMD,NASDAQ
GLMD,STOCK
ETS,NASDAQ
ETS,STOCK
DHC,NASDAQ
DHC,STOCK
EXEEL,NASDAQ
EXEEL,STOCK
CHNR,NASDAQ
CHNR,STOCK
CCG,NASDAQ
CCG,STOCK
CNOB,NASDAQ
CNOB,STOCK
CASY,NASDAQ
CASY,STOCK
GECC,NASDAQ
GECC,STOCK
DRMA,NASDAQ
DRMA,STOCK
HTOO,NASDAQ
HTOO,STOCK
HXHX,NASDAQ
HXHX,STOCK
EPSN,NASDAQ
EPSN,STOCK
AMD,NASDAQ
AMD,STOCK
FUSE,NASDAQ
FUSE,STOCK
FNLC,NASDAQ
FNLC,STOCK
CHCI,NASDAQ
CHCI,STOCK
EZMO,NASDAQ
EZMO,STOCK
GIG,NASDAQ
GIG,STOCK
ALDFU,NASDAQ
ALDFU,STOCK
EGHAU,NASDAQ
EGHAU,STOCK
FLNT,NASDAQ
FLNT,STOCK
CNTB,NASDAQ
CNTB,STOCK
EDTK,NASDAQ
EDTK,STOCK
FSBC,NASDAQ
FSBC,STOCK
COLL,NASDAQ
COLL,STOCK
EXE,NASDAQ
EXE,STOCK
DSGX,NASDAQ
DSGX,STOCK
APACU,NASDAQ
APACU,STOCK
ALFUU,NASDAQ
ALFUU,STOCK
ATMVU,NASDAQ
ATMVU,STOCK
AFJK,NASDAQ
AFJK,STOCK
ASBP,NASDAQ
ASBP,STOCK
BIXIW,NASDAQ
BIXIW,STOCK
DBX,NASDAQ
DBX,STOCK
ENSG,NASDAQ
ENSG,STOCK
DTI,NASDAQ
DTI,STOCK
BBGI,NASDAQ
BBGI,STOCK
CORZW,NASDAQ
CORZW,STOCK
GURE,NASDAQ
GURE,STOCK
GLDB,NASDAQ
GLDB,STOCK
DAAQ,NASDAQ
DAAQ,STOCK
BLUWU,NASDAQ
BLUWU,STOCK
DTCK,NASDAQ
DTCK,STOCK
CCLDO,NASDAQ
CCLDO,STOCK
HYP,NASDAQ
HYP,STOCK
CDZIP,NASDAQ
CDZIP,STOCK
HVIIR,NASDAQ
HVIIR,STOCK
GPRE,NASDAQ
GPRE,STOCK
HTFL,NASDAQ
HTFL,STOCK
BDTX,NASDAQ
BDTX,STOCK
ADVB,NASDAQ
ADVB,STOCK
AMRX,NASDAQ
AMRX,STOCK
ALZN,NASDAQ
ALZN,STOCK
DUOL,NASDAQ
DUOL,STOCK
AQST,NASDAQ
AQST,STOCK
AMOD,NASDAQ
AMOD,STOCK
IHRT,NASDAQ
IHRT,STOCK
ASML,NASDAQ
ASML,STOCK
FORA,NASDAQ
FORA,STOCK
COHU,NASDAQ
COHU,STOCK
BTCT,NASDAQ
BTCT,STOCK
ARLP,NASDAQ
ARLP,STOCK
BNKK,NASDAQ
BNKK,STOCK
FVCB,NASDAQ
FVCB,STOCK
CECO,NASDAQ
CECO,STOCK
AUBN,NASDAQ
AUBN,STOCK
CYCU,NASDAQ
CYCU,STOCK
IMPPP,NASDAQ
IMPPP,STOCK
GECCH,NASDAQ
GECCH,STOCK
AEYE,NASDAQ
AEYE,STOCK
DCOY,NASDAQ
DCOY,STOCK
CBC,NASDAQ
CBC,STOCK
DMIIR,NASDAQ
DMIIR,STOCK
FRSX,NASDAQ
FRSX,STOCK
CRUS,NASDAQ
CRUS,STOCK
AACG,NASDAQ
AACG,STOCK
BHAT,NASDAQ
BHAT,STOCK
ACDC,NASDAQ
ACDC,STOCK
ELDN,NASDAQ
ELDN,STOCK
GGAL,NASDAQ
GGAL,STOCK
AMTX,NASDAQ
AMTX,STOCK
EWCZ,NASDAQ
EWCZ,STOCK
GCMG,NASDAQ
GCMG,STOCK
CNOBP,NASDAQ
CNOBP,STOCK
BOSC,NASDAQ
BOSC,STOCK
ABNG,NASDAQ
ABNG,STOCK
BSAAR,NASDAQ
BSAAR,STOCK
DSGN,NASDAQ
DSGN,STOCK
CIFR,NASDAQ
CIFR,STOCK
AVNW,NASDAQ
AVNW,STOCK
BPRN,NASDAQ
BPRN,STOCK
GLBZ,NASDAQ
GLBZ,STOCK
DNLI,NASDAQ
DNLI,STOCK
HBANM,NASDAQ
HBANM,STOCK
ALCY,NASDAQ
ALCY,STOCK
GRI,NASDAQ
GRI,STOCK
CDTG,NASDAQ
CDTG,STOCK
BKMI,NASDAQ
BKMI,STOCK
GCL,NASDAQ
GCL,STOCK
FEED,NASDAQ
FEED,STOCK
INDP,NASDAQ
INDP,STOCK
HVIIU,NASDAQ
HVIIU,STOCK
ARRY,NASDAQ
ARRY,STOCK
BLRX,NASDAQ
BLRX,STOCK
ENVX,NASDAQ
ENVX,STOCK
CNXN,NASDAQ
CNXN,STOCK
FLDDW,NASDAQ
FLDDW,STOCK
ABNB,NASDAQ
ABNB,STOCK
BCPC,NASDAQ
BCPC,STOCK
HUMA,NASDAQ
HUMA,STOCK
AZ,NASDAQ
AZ,STOCK
GTENU,NASDAQ
GTENU,STOCK
FIVN,NASDAQ
FIVN,STOCK
CHI,NASDAQ
CHI,STOCK
AFJKR,NASDAQ
AFJKR,STOCK
EGBN,NASDAQ
EGBN,STOCK
ADAMZ,NASDAQ
ADAMZ,STOCK
BULL,NASDAQ
BULL,STOCK
FUFU,NASDAQ
FUFU,STOCK
ARTV,NASDAQ
ARTV,STOCK
DCOMP,NASDAQ
DCOMP,STOCK
ELVA,NASDAQ
ELVA,STOCK
GSHRW,NASDAQ
GSHRW,STOCK
FWRD,NASDAQ
FWRD,STOCK
FRGT,NASDAQ
FRGT,STOCK
AGNCZ,NASDAQ
AGNCZ,STOCK
EUDA,NASDAQ
EUDA,STOCK
INBKZ,NASDAQ
INBKZ,STOCK
DTSQR,NASDAQ
DTSQR,STOCK
AMKR,NASDAQ
AMKR,STOCK
BIAF,NASDAQ
BIAF,STOCK
CODX,NASDAQ
CODX,STOCK
DCGO,NASDAQ
DCGO,STOCK
ACTG,NASDAQ
ACTG,STOCK
FRMI,NASDAQ
FRMI,STOCK
ETHZ,NASDAQ
ETHZ,STOCK
BNAIW,NASDAQ
BNAIW,STOCK
BWMN,NASDAQ
BWMN,STOCK
COCP,NASDAQ
COCP,STOCK
ANSC,NASDAQ
ANSC,STOCK
GRPN,NASDAQ
GRPN,STOCK
ALVO,NASDAQ
ALVO,STOCK
ACGLN,NASDAQ
ACGLN,STOCK
ALT,NASDAQ
ALT,STOCK
FNWD,NASDAQ
FNWD,STOCK
BIDU,NASDAQ
BIDU,STOCK
APLD,NASDAQ
APLD,STOCK
COKE,NASDAQ
COKE,STOCK
DLTR,NASDAQ
DLTR,STOCK
ALKT,NASDAQ
ALKT,STOCK
BCTX,NASDAQ
BCTX,STOCK
ATIIW,NASDAQ
ATIIW,STOCK
FCNCA,NASDAQ
FCNCA,STOCK
FCEL,NASDAQ
FCEL,STOCK
GELS,NASDAQ
GELS,STOCK
GNTA,NASDAQ
GNTA,STOCK
AGNCL,NASDAQ
AGNCL,STOCK
HDSN,NASDAQ
HDSN,STOCK
ALISU,NASDAQ
ALISU,STOCK
CAIQ,NASDAQ
CAIQ,STOCK
FCNCO,NASDAQ
FCNCO,STOCK
BACQU,NASDAQ
BACQU,STOCK
BCARW,NASDAQ
BCARW,STOCK
AIIO,NASDAQ
AIIO,STOCK
FERAU,NASDAQ
FERAU,STOCK
ALISR,NASDAQ
ALISR,STOCK
ACNB,NASDAQ
ACNB,STOCK
BWIN,NASDAQ
BWIN,STOCK
GSRFR,NASDAQ
GSRFR,STOCK
EFSI,NASDAQ
EFSI,STOCK
CARG,NASDAQ
CARG,STOCK
GBFH,NASDAQ
GBFH,STOCK
BLZRW,NASDAQ
BLZRW,STOCK
CRMLW,NASDAQ
CRMLW,STOCK
ADIL,NASDAQ
ADIL,STOCK
ANIP,NASDAQ
ANIP,STOCK
ADUR,NASDAQ
ADUR,STOCK
HON,NASDAQ
HON,STOCK
ANDE,NASDAQ
ANDE,STOCK
HCSG,NASDAQ
HCSG,STOCK
FLXS,NASDAQ
FLXS,STOCK
GSM,NASDAQ
GSM,STOCK
DOMH,NASDAQ
DOMH,STOCK
BCDA,NASDAQ
BCDA,STOCK
DASH,NASDAQ
DASH,STOCK
GIFT,NASDAQ
GIFT,STOCK
CRESY,NASDAQ
CRESY,STOCK
ENLT,NASDAQ
ENLT,STOCK
HSPTR,NASDAQ
HSPTR,STOCK
ALGN,NASDAQ
ALGN,STOCK
FINW,NASDAQ
FINW,STOCK
HCKT,NASDAQ
HCKT,STOCK
ALM,NASDAQ
ALM,STOCK
IINNW,NASDAQ
IINNW,STOCK
ENTX,NASDAQ
ENTX,STOCK
DSYWW,NASDAQ
DSYWW,STOCK
ENLV,NASDAQ
ENLV,STOCK
FLD,NASDAQ
FLD,STOCK
CCGWW,NASDAQ
CCGWW,STOCK
CHSCN,NASDAQ
CHSCN,STOCK
GREEL,NASDAQ
GREEL,STOCK
ATON,NASDAQ
ATON,STOCK
BNTC,NASDAQ
BNTC,STOCK
BKYI,NASDAQ
BKYI,STOCK
FATBB,NASDAQ
FATBB,STOCK
IDN,NASDAQ
IDN,STOCK
ESGL,NASDAQ
ESGL,STOCK
HST,NASDAQ
HST,STOCK
CRVL,NASDAQ
CRVL,STOCK
GNLX,NASDAQ
GNLX,STOCK
AXON,NASDAQ
AXON,STOCK
DVLT,NASDAQ
DVLT,STOCK
GLIBA,NASDAQ
GLIBA,STOCK
ABUS,NASDAQ
ABUS,STOCK
INDI,NASDAQ
INDI,STOCK
FDMT,NASDAQ
FDMT,STOCK
HURA,NASDAQ
HURA,STOCK
BRRWU,NASDAQ
BRRWU,STOCK
DYORU,NASDAQ
DYORU,STOCK
ATRO,NASDAQ
ATRO,STOCK
APEI,NASDAQ
APEI,STOCK
BANR,NASDAQ
BANR,STOCK
GWAV,NASDAQ
GWAV,STOCK
FERAR,NASDAQ
FERAR,STOCK
ILMN,NASDAQ
ILMN,STOCK
BULX,NASDAQ
BULX,STOCK
BPYPM,NASDAQ
BPYPM,STOCK
DIOD,NASDAQ
DIOD,STOCK
BPOPM,NASDAQ
BPOPM,STOCK
DSWL,NASDAQ
DSWL,STOCK
DFLIW,NASDAQ
DFLIW,STOCK
CSTL,NASDAQ
CSTL,STOCK
DJT,NASDAQ
DJT,STOCK
BAERW,NASDAQ
BAERW,STOCK
CIGI,NASDAQ
CIGI,STOCK
BDSX,NASDAQ
BDSX,STOCK
DRDBU,NASDAQ
DRDBU,STOCK
DMIIU,NASDAQ
DMIIU,STOCK
CRGO,NASDAQ
CRGO,STOCK
ADEA,NASDAQ
ADEA,STOCK
GLE,NASDAQ
GLE,STOCK
ATCX,NASDAQ
ATCX,STOCK
BOLD,NASDAQ
BOLD,STOCK
CIIT,NASDAQ
CIIT,STOCK
DYOR,NASDAQ
DYOR,STOCK
AUR,NASDAQ
AUR,STOCK
EZPW,NASDAQ
EZPW,STOCK
DMAA,NASDAQ
DMAA,STOCK
COLAR,NASDAQ
COLAR,STOCK
HIFS,NASDAQ
HIFS,STOCK
GTPE,NASDAQ
GTPE,STOCK
INEO,NASDAQ
INEO,STOCK
ALCO,NASDAQ
ALCO,STOCK
ALBG,NASDAQ
ALBG,STOCK
COLA,NASDAQ
COLA,STOCK
EXEL,NASDAQ
EXEL,STOCK
CMGG,NASDAQ
CMGG,STOCK
BHFAO,NASDAQ
BHFAO,STOCK
INBK,NASDAQ
INBK,STOCK
ACLS,NASDAQ
ACLS,STOCK
INKT,NASDAQ
INKT,STOCK
BCARU,NASDAQ
BCARU,STOCK
BCAX,NASDAQ
BCAX,STOCK
AMUN,NASDAQ
AMUN,STOCK
BBCQU,NASDAQ
BBCQU,STOCK
CMCT,NASDAQ
CMCT,STOCK
CHACU,NASDAQ
CHACU,STOCK
GXAI,NASDAQ
GXAI,STOCK
EML,NASDAQ
EML,STOCK
COEPW,NASDAQ
COEPW,STOCK
IKT,NASDAQ
IKT,STOCK
BNC,NASDAQ
BNC,STOCK
CAN,NASDAQ
CAN,STOCK
AQB,NASDAQ
AQB,STOCK
BOTJ,NASDAQ
BOTJ,STOCK
ELE,NASDAQ
ELE,STOCK
CRTO,NASDAQ
CRTO,STOCK
FFAIW,NASDAQ
FFAIW,STOCK
BRY,NASDAQ
BRY,STOCK
BETR,NASDAQ
BETR,STOCK
CYRX,NASDAQ
CYRX,STOCK
IDCC,NASDAQ
IDCC,STOCK
ANPA,NASDAQ
ANPA,STOCK
AAME,NASDAQ
AAME,STOCK
FACT,NASDAQ
FACT,STOCK
HYPD,NASDAQ
HYPD,STOCK
CASI,NASDAQ
CASI,STOCK
CARV,NASDAQ
CARV,STOCK
AIHS,NASDAQ
AIHS,STOCK
FTDR,NASDAQ
FTDR,STOCK
HEPS,NASDAQ
HEPS,STOCK
DCBO,NASDAQ
DCBO,STOCK
ANSCW,NASDAQ
ANSCW,STOCK
FOX,NASDAQ
FOX,STOCK
BALQ,NASDAQ
BALQ,STOCK
INCR,NASDAQ
INCR,STOCK
CRACR,NASDAQ
CRACR,STOCK
EXOZ,NASDAQ
EXOZ,STOCK
ETHMW,NASDAQ
ETHMW,STOCK
ADAML,NASDAQ
ADAML,STOCK
GLPG,NASDAQ
GLPG,STOCK
FMAO,NASDAQ
FMAO,STOCK
FVNNU,NASDAQ
FVNNU,STOCK
CHY,NASDAQ
CHY,STOCK
CCCC,NASDAQ
CCCC,STOCK
BLIV,NASDAQ
BLIV,STOCK
AEVAW,NASDAQ
AEVAW,STOCK
FONR,NASDAQ
FONR,STOCK
BBIO,NASDAQ
BBIO,STOCK
HNST,NASDAQ
HNST,STOCK
BTDR,NASDAQ
BTDR,STOCK
HUHU,NASDAQ
HUHU,STOCK
AVXX,NASDAQ
AVXX,STOCK
BU,NASDAQ
BU,STOCK
DRUG,NASDAQ
DRUG,STOCK
AMBR,NASDAQ
AMBR,STOCK
CSCO,NASDAQ
CSCO,STOCK
BYND,NASDAQ
BYND,STOCK
DARE,NASDAQ
DARE,STOCK
CLBT,NASDAQ
CLBT,STOCK
ACCL,NASDAQ
ACCL,STOCK
ACGL,NASDAQ
ACGL,STOCK
ICCC,NASDAQ
ICCC,STOCK
CHA,NASDAQ
CHA,STOCK
HSDT,NASDAQ
HSDT,STOCK
BMNG,NASDAQ
BMNG,STOCK
GIWWR,NASDAQ
GIWWR,STOCK
AWRE,NASDAQ
AWRE,STOCK
INACR,NASDAQ
INACR,STOCK
IBOC,NASDAQ
IBOC,STOCK
FSHPR,NASDAQ
FSHPR,STOCK
APPS,NASDAQ
APPS,STOCK
GTLB,NASDAQ
GTLB,STOCK
ARTW,NASDAQ
ARTW,STOCK
CACC,NASDAQ
CACC,STOCK
CORT,NASDAQ
CORT,STOCK
AZN,NASDAQ
AZN,STOCK
ATMCR,NASDAQ
ATMCR,STOCK
INAB,NASDAQ
INAB,STOCK
CRDF,NASDAQ
CRDF,STOCK
FTAI,NASDAQ
FTAI,STOCK
ATII,NASDAQ
ATII,STOCK
CWCO,NASDAQ
CWCO,STOCK
CEP,NASDAQ
CEP,STOCK
CHDN,NASDAQ
CHDN,STOCK
BLMZF,NASDAQ
BLMZF,STOCK
FEMY,NASDAQ
FEMY,STOCK
GRVY,NASDAQ
GRVY,STOCK
EXTR,NASDAQ
EXTR,STOCK
HCM,NASDAQ
HCM,STOCK
FAT,NASDAQ
FAT,STOCK
CRAN,NASDAQ
CRAN,STOCK
EXPO,NASDAQ
EXPO,STOCK
CAC,NASDAQ
CAC,STOCK
AHG,NASDAQ
AHG,STOCK
COGT,NASDAQ
COGT,STOCK
CUBWW,NASDAQ
CUBWW,STOCK
HVMC,NASDAQ
HVMC,STOCK
EKSO,NASDAQ
EKSO,STOCK
BEEP,NASDAQ
BEEP,STOCK
BLKB,NASDAQ
BLKB,STOCK
CDW,NASDAQ
CDW,STOCK
GOOGL,NASDAQ
GOOGL,STOCK
EYPT,NASDAQ
EYPT,STOCK
GIGM,NASDAQ
GIGM,STOCK
GLOO,NASDAQ
GLOO,STOCK
ERII,NASDAQ
ERII,STOCK
DSACU,NASDAQ
DSACU,STOCK
CCIXW,NASDAQ
CCIXW,STOCK
FCCO,NASDAQ
FCCO,STOCK
AAOI,NASDAQ
AAOI,STOCK
FEBO,NASDAQ
FEBO,STOCK
EGG,NASDAQ
EGG,STOCK
HOOD,NASDAQ
HOOD,STOCK
GIFI,NASDAQ
GIFI,STOCK
BLUW,NASDAQ
BLUW,STOCK
DAWN,NASDAQ
DAWN,STOCK
FRPH,NASDAQ
FRPH,STOCK
CGEN,NASDAQ
CGEN,STOCK
CRIS,NASDAQ
CRIS,STOCK
EH,NASDAQ
EH,STOCK
AREBW,NASDAQ
AREBW,STOCK
III,NASDAQ
III,STOCK
ELVR,NASDAQ
ELVR,STOCK
AUID,NASDAQ
AUID,STOCK
ATMVR,NASDAQ
ATMVR,STOCK
GWRS,NASDAQ
GWRS,STOCK
ATAI,NASDAQ
ATAI,STOCK
ACON,NASDAQ
ACON,STOCK
GOSS,NASDAQ
GOSS,STOCK
IND,NASDAQ
IND,STOCK
AIP,NASDAQ
AIP,STOCK
BSBK,NASDAQ
BSBK,STOCK
INGN,NASDAQ
INGN,STOCK
CROX,NASDAQ
CROX,STOCK
CFFI,NASDAQ
CFFI,STOCK
ANEL,NASDAQ
ANEL,STOCK
DGXX,NASDAQ
DGXX,STOCK
IGACU,NASDAQ
IGACU,STOCK
GTIM,NASDAQ
GTIM,STOCK
BOOM,NASDAQ
BOOM,STOCK
FULTP,NASDAQ
FULTP,STOCK
BMEA,NASDAQ
BMEA,STOCK
CZFS,NASDAQ
CZFS,STOCK
DTSS,NASDAQ
DTSS,STOCK
CCB,NASDAQ
CCB,STOCK
ANGO,NASDAQ
ANGO,STOCK
BUUU,NASDAQ
BUUU,STOCK
DMAC,NASDAQ
DMAC,STOCK
ARBKL,NASDAQ
ARBKL,STOCK
AUUDW,NASDAQ
AUUDW,STOCK
CCSI,NASDAQ
CCSI,STOCK
FBNC,NASDAQ
FBNC,STOCK
CAPR,NASDAQ
CAPR,STOCK
ATXS,NASDAQ
ATXS,STOCK
DOX,NASDAQ
DOX,STOCK
DIME,NASDAQ
DIME,STOCK
FIP,NASDAQ
FIP,STOCK
GSIW,NASDAQ
GSIW,STOCK
DFDV,NASDAQ
DFDV,STOCK
FBGL,NASDAQ
FBGL,STOCK
DFDVW,NASDAQ
DFDVW,STOCK
CRMT,NASDAQ
CRMT,STOCK
DXR,NASDAQ
DXR,STOCK
AENT,NASDAQ
AENT,STOCK
DXST,NASDAQ
DXST,STOCK
BYRN,NASDAQ
BYRN,STOCK
CGEM,NASDAQ
CGEM,STOCK
ASPSZ,NASDAQ
ASPSZ,STOCK
ALVOW,NASDAQ
ALVOW,STOCK
CWST,NASDAQ
CWST,STOCK
HBANL,NASDAQ
HBANL,STOCK
HYMC,NASDAQ
HYMC,STOCK
ALMU,NASDAQ
ALMU,STOCK
BRBI,NASDAQ
BRBI,STOCK
GTENW,NASDAQ
GTENW,STOCK
CXAI,NASDAQ
CXAI,STOCK
AVGO,NASDAQ
AVGO,STOCK
APADU,NASDAQ
APADU,STOCK
INMB,NASDAQ
INMB,STOCK
AVAH,NASDAQ
AVAH,STOCK
HCHL,NASDAQ
HCHL,STOCK
AACBU,NASDAQ
AACBU,STOCK
CLIK,NASDAQ
CLIK,STOCK
DRS,NASDAQ
DRS,STOCK
CDRO,NASDAQ
CDRO,STOCK
HSPOF,NASDAQ
HSPOF,STOCK
ASNS,NASDAQ
ASNS,STOCK
BSAA,NASDAQ
BSAA,STOCK
HNNAZ,NASDAQ
HNNAZ,STOCK
CAPNU,NASDAQ
CAPNU,STOCK
DRDB,NASDAQ
DRDB,STOCK
ESHAR,NASDAQ
ESHAR,STOCK
ESLT,NASDAQ
ESLT,STOCK
FSFG,NASDAQ
FSFG,STOCK
ACTU,NASDAQ
ACTU,STOCK
ATLN,NASDAQ
ATLN,STOCK
DTST,NASDAQ
DTST,STOCK
APLS,NASDAQ
APLS,STOCK
ABCL,NASDAQ
ABCL,STOCK
HONIV,NASDAQ
HONIV,STOCK
CPBI,NASDAQ
CPBI,STOCK
BIOA,NASDAQ
BIOA,STOCK
BLTE,NASDAQ
BLTE,STOCK
HOLOW,NASDAQ
HOLOW,STOCK
AIXC,NASDAQ
AIXC,STOCK
CMPR,NASDAQ
CMPR,STOCK
CNTY,NASDAQ
CNTY,STOCK
ATEX,NASDAQ
ATEX,STOCK
CRAQR,NASDAQ
CRAQR,STOCK
AVAV,NASDAQ
AVAV,STOCK
CHECW,NASDAQ
CHECW,STOCK
HVMCU,NASDAQ
HVMCU,STOCK
AZYY,NASDAQ
AZYY,STOCK
FRME,NASDAQ
FRME,STOCK
BCBP,NASDAQ
BCBP,STOCK
AOSL,NASDAQ
AOSL,STOCK
BLMN,NASDAQ
BLMN,STOCK
CLST,NASDAQ
CLST,STOCK
DCX,NASDAQ
DCX,STOCK
AUTL,NASDAQ
AUTL,STOCK
GNLN,NASDAQ
GNLN,STOCK
CPB,NASDAQ
CPB,STOCK
DMAAU,NASDAQ
DMAAU,STOCK
AREC,NASDAQ
AREC,STOCK
AMCI,NASDAQ
AMCI,STOCK
BRCB,NASDAQ
BRCB,STOCK
BMOP,NASDAQ
BMOP,STOCK
APXT,NASDAQ
APXT,STOCK
AGNCM,NASDAQ
AGNCM,STOCK
CREVW,NASDAQ
CREVW,STOCK
BRLSW,NASDAQ
BRLSW,STOCK
CMPO,NASDAQ
CMPO,STOCK
AEC,NASDAQ
AEC,STOCK
COO,NASDAQ
COO,STOCK
EU,NASDAQ
EU,STOCK
ETHI,NASDAQ
ETHI,STOCK
AGCC,NASDAQ
AGCC,STOCK
DRH,NASDAQ
DRH,STOCK
BCRX,NASDAQ
BCRX,STOCK
BYSI,NASDAQ
BYSI,STOCK
FATN,NASDAQ
FATN,STOCK
ACOG,NASDAQ
ACOG,STOCK
ALHC,NASDAQ
ALHC,STOCK
BTBT,NASDAQ
BTBT,STOCK
FFIC,NASDAQ
FFIC,STOCK
GUSE,NASDAQ
GUSE,STOCK
GLXY,NASDAQ
GLXY,STOCK
AEHL,NASDAQ
AEHL,STOCK
AUDC,NASDAQ
AUDC,STOCK
AEMD,NASDAQ
AEMD,STOCK
BZFD,NASDAQ
BZFD,STOCK
AEVA,NASDAQ
AEVA,STOCK
CAPNR,NASDAQ
CAPNR,STOCK
DSP,NASDAQ
DSP,STOCK
AXG,NASDAQ
AXG,STOCK
FOXX,NASDAQ
FOXX,STOCK
GEMG,NASDAQ
GEMG,STOCK
BODI,NASDAQ
BODI,STOCK
ECOR,NASDAQ
ECOR,STOCK
FNGR,NASDAQ
FNGR,STOCK
CREV,NASDAQ
CREV,STOCK
CCLD,NASDAQ
CCLD,STOCK
CHSCP,NASDAQ
CHSCP,STOCK
BKMS,NASDAQ
BKMS,STOCK
CLGN,NASDAQ
CLGN,STOCK
APPN,NASDAQ
APPN,STOCK
ARM,NASDAQ
ARM,STOCK
CLMB,NASDAQ
CLMB,STOCK
CFBK,NASDAQ
CFBK,STOCK
ADUS,NASDAQ
ADUS,STOCK
EZGO,NASDAQ
EZGO,STOCK
ATMC,NASDAQ
ATMC,STOCK
ADAMI,NASDAQ
ADAMI,STOCK
BRLT,NASDAQ
BRLT,STOCK
APAC,NASDAQ
APAC,STOCK
AKRO,NASDAQ
AKRO,STOCK
DUOG,NASDAQ
DUOG,STOCK
ALNY,NASDAQ
ALNY,STOCK
GLIBK,NASDAQ
GLIBK,STOCK
HWH,NASDAQ
HWH,STOCK
CHTR,NASDAQ
CHTR,STOCK
GGROW,NASDAQ
GGROW,STOCK
ANY,NASDAQ
ANY,STOCK
IDYA,NASDAQ
IDYA,STOCK
CHRI,NASDAQ
CHRI,STOCK
AAVE-USD,CRYPTO
ADA-USD,CRYPTO
ALGO-USD,CRYPTO
APE-USD,CRYPTO
ATOM-USD,CRYPTO
AVAX-USD,CRYPTO
AXS-USD,CRYPTO
BNB-USD,CRYPTO
BTC-USD,CRYPTO
CRV-USD,CRYPTO
DOGE-USD,CRYPTO
DOT-USD,CRYPTO
ETC-USD,CRYPTO
ETH-USD,CRYPTO
FIL-USD,CRYPTO
ICP-USD,CRYPTO
LINK-USD,CRYPTO
LTC-USD,CRYPTO
MANA-USD,CRYPTO
MATIC-USD,CRYPTO
MKR-USD,CRYPTO
MMC,STOCK
NEAR-USD,CRYPTO
PAXG-USD,CRYPTO
SAND-USD,CRYPTO
SNX-USD,CRYPTO
SOL-USD,CRYPTO
TRX-USD,CRYPTO
UNI-USD,CRYPTO
VET-USD,CRYPTO
XLM-USD,CRYPTO
XRP-USD,CRYPTO